[2026-03-31 23:14:16] Log file created
[2026-03-31 23:14:16] Successfully updated GZIP rules in .htaccess
[2026-03-31 23:14:16] Successfully updated Header rules in .htaccess
[2026-03-31 23:14:16] Successfully updated Header rules in .htaccess
[2026-03-31 23:14:16] Successfully updated GZIP rules in .htaccess
[2026-03-31 23:14:16] Successfully updated Header rules in .htaccess
[2026-03-31 23:14:16] Removed cache after update
[2026-03-31 23:14:26] Compatible cache found : starting server cache purge on Varnish
[2026-03-31 23:14:26] WordPress object cache cleared
[2026-03-31 23:16:10] Successfully updated GZIP rules in .htaccess
[2026-03-31 23:16:10] Successfully updated Header rules in .htaccess
[2026-03-31 23:34:53] Starting AutoPurge cache clearing for action [deleted_post]... [https://uptech-group.com/blog/sample-page]
[2026-03-31 23:34:53] Directory for https://uptech-group.com/blog/sample-page not found. No cache to purge
[2026-03-31 23:34:53] Directory for https://uptech-group.com/blog/sample-page not found. No cache to purge
[2026-03-31 23:34:53] Removed cache files from main desktop cache (/home/c2761235c/public_html/blog/wp-content/cache/lwsoptimize/cache/blog)
[2026-03-31 23:34:53] Clearing cache for 1 taxonomy and pagination URLs
[2026-03-31 23:34:53] Compatible cache found : starting server cache purge on Varnish
[2026-03-31 23:34:53] WordPress object cache cleared
[2026-03-31 23:34:53] Starting AutoPurge cache clearing for action [deleted_post]... [{
    "code": "SUCCESS"
}]
[2026-03-31 23:34:53] Directory for {
    "code": "SUCCESS"
} not found. No cache to purge
[2026-03-31 23:34:53] Clearing cache for 1 taxonomy and pagination URLs
[2026-03-31 23:34:53] Compatible cache found : starting server cache purge on Varnish
[2026-03-31 23:34:53] WordPress object cache cleared
[2026-03-31 23:35:39] Starting AutoPurge cache clearing for action [post_updated]... [https://uptech-group.com/blog/2020/12/02/luck-is-the-residue-of-design/]
[2026-03-31 23:35:39] Directory for https://uptech-group.com/blog/2020/12/02/luck-is-the-residue-of-design/ not found. No cache to purge
[2026-03-31 23:35:39] Directory for https://uptech-group.com/blog/2020/12/02/luck-is-the-residue-of-design/ not found. No cache to purge
[2026-03-31 23:35:39] Clearing cache for 2 taxonomy and pagination URLs
[2026-03-31 23:35:39] Compatible cache found : starting server cache purge on Varnish
[2026-03-31 23:35:39] WordPress object cache cleared
[2026-03-31 23:35:39] Starting AutoPurge cache clearing for action [post_updated]... [{
    "code": "SUCCESS"
}]
[2026-03-31 23:35:39] Directory for {
    "code": "SUCCESS"
} not found. No cache to purge
[2026-03-31 23:35:39] Clearing cache for 2 taxonomy and pagination URLs
[2026-03-31 23:35:39] Compatible cache found : starting server cache purge on Varnish
[2026-03-31 23:35:39] WordPress object cache cleared
[2026-03-31 23:35:39] Starting AutoPurge cache clearing for action [post_updated]... [https://uptech-group.com/blog/2020/12/02/luck-is-the-residue-of-design/]
[2026-03-31 23:35:39] Directory for https://uptech-group.com/blog/2020/12/02/luck-is-the-residue-of-design/ not found. No cache to purge
[2026-03-31 23:35:39] Directory for https://uptech-group.com/blog/2020/12/02/luck-is-the-residue-of-design/ not found. No cache to purge
[2026-03-31 23:35:39] Clearing cache for 2 taxonomy and pagination URLs
[2026-03-31 23:35:39] Compatible cache found : starting server cache purge on Varnish
[2026-03-31 23:35:39] WordPress object cache cleared
[2026-03-31 23:35:39] Starting AutoPurge cache clearing for action [post_updated]... [{
    "code": "SUCCESS"
}]
[2026-03-31 23:35:39] Directory for {
    "code": "SUCCESS"
} not found. No cache to purge
[2026-03-31 23:35:39] Clearing cache for 2 taxonomy and pagination URLs
[2026-03-31 23:35:39] Compatible cache found : starting server cache purge on Varnish
[2026-03-31 23:35:39] WordPress object cache cleared
[2026-03-31 23:35:39] Starting AutoPurge cache clearing for action [post_updated]... [https://uptech-group.com/blog/2020/12/02/luck-is-the-residue-of-design-2/]
[2026-03-31 23:35:39] Directory for https://uptech-group.com/blog/2020/12/02/luck-is-the-residue-of-design-2/ not found. No cache to purge
[2026-03-31 23:35:39] Directory for https://uptech-group.com/blog/2020/12/02/luck-is-the-residue-of-design-2/ not found. No cache to purge
[2026-03-31 23:35:39] Clearing cache for 2 taxonomy and pagination URLs
[2026-03-31 23:35:39] Compatible cache found : starting server cache purge on Varnish
[2026-03-31 23:35:39] WordPress object cache cleared
[2026-03-31 23:35:39] Starting AutoPurge cache clearing for action [post_updated]... [{
    "code": "SUCCESS"
}]
[2026-03-31 23:35:39] Directory for {
    "code": "SUCCESS"
} not found. No cache to purge
[2026-03-31 23:35:39] Clearing cache for 2 taxonomy and pagination URLs
[2026-03-31 23:35:39] Compatible cache found : starting server cache purge on Varnish
[2026-03-31 23:35:39] WordPress object cache cleared
[2026-03-31 23:35:39] Starting AutoPurge cache clearing for action [post_updated]... [https://uptech-group.com/blog/2020/12/02/luck-is-the-residue-of-design-2/]
[2026-03-31 23:35:39] Directory for https://uptech-group.com/blog/2020/12/02/luck-is-the-residue-of-design-2/ not found. No cache to purge
[2026-03-31 23:35:39] Directory for https://uptech-group.com/blog/2020/12/02/luck-is-the-residue-of-design-2/ not found. No cache to purge
[2026-03-31 23:35:39] Clearing cache for 2 taxonomy and pagination URLs
[2026-03-31 23:35:39] Compatible cache found : starting server cache purge on Varnish
[2026-03-31 23:35:39] WordPress object cache cleared
[2026-03-31 23:35:39] Starting AutoPurge cache clearing for action [post_updated]... [{
    "code": "SUCCESS"
}]
[2026-03-31 23:35:39] Directory for {
    "code": "SUCCESS"
} not found. No cache to purge
[2026-03-31 23:35:39] Clearing cache for 2 taxonomy and pagination URLs
[2026-03-31 23:35:39] Compatible cache found : starting server cache purge on Varnish
[2026-03-31 23:35:39] WordPress object cache cleared
[2026-03-31 23:35:39] Starting AutoPurge cache clearing for action [post_updated]... [https://uptech-group.com/blog/2020/12/02/design-is-not-just-what-it-looks-like-and-feels-like-design-is-how-it-works/]
[2026-03-31 23:35:39] Directory for https://uptech-group.com/blog/2020/12/02/design-is-not-just-what-it-looks-like-and-feels-like-design-is-how-it-works/ not found. No cache to purge
[2026-03-31 23:35:39] Directory for https://uptech-group.com/blog/2020/12/02/design-is-not-just-what-it-looks-like-and-feels-like-design-is-how-it-works/ not found. No cache to purge
[2026-03-31 23:35:39] Clearing cache for 2 taxonomy and pagination URLs
[2026-03-31 23:35:39] Compatible cache found : starting server cache purge on Varnish
[2026-03-31 23:35:39] WordPress object cache cleared
[2026-03-31 23:35:39] Starting AutoPurge cache clearing for action [post_updated]... [{
    "code": "SUCCESS"
}]
[2026-03-31 23:35:39] Directory for {
    "code": "SUCCESS"
} not found. No cache to purge
[2026-03-31 23:35:39] Clearing cache for 2 taxonomy and pagination URLs
[2026-03-31 23:35:39] Compatible cache found : starting server cache purge on Varnish
[2026-03-31 23:35:39] WordPress object cache cleared
[2026-03-31 23:35:39] Starting AutoPurge cache clearing for action [post_updated]... [https://uptech-group.com/blog/2020/12/02/design-is-not-just-what-it-looks-like-and-feels-like-design-is-how-it-works/]
[2026-03-31 23:35:39] Directory for https://uptech-group.com/blog/2020/12/02/design-is-not-just-what-it-looks-like-and-feels-like-design-is-how-it-works/ not found. No cache to purge
[2026-03-31 23:35:39] Directory for https://uptech-group.com/blog/2020/12/02/design-is-not-just-what-it-looks-like-and-feels-like-design-is-how-it-works/ not found. No cache to purge
[2026-03-31 23:35:39] Clearing cache for 2 taxonomy and pagination URLs
[2026-03-31 23:35:39] Compatible cache found : starting server cache purge on Varnish
[2026-03-31 23:35:39] WordPress object cache cleared
[2026-03-31 23:35:39] Starting AutoPurge cache clearing for action [post_updated]... [{
    "code": "SUCCESS"
}]
[2026-03-31 23:35:39] Directory for {
    "code": "SUCCESS"
} not found. No cache to purge
[2026-03-31 23:35:39] Clearing cache for 2 taxonomy and pagination URLs
[2026-03-31 23:35:39] Compatible cache found : starting server cache purge on Varnish
[2026-03-31 23:35:39] WordPress object cache cleared
[2026-03-31 23:35:39] Starting AutoPurge cache clearing for action [post_updated]... [https://uptech-group.com/blog/services/]
[2026-03-31 23:35:39] Directory for https://uptech-group.com/blog/services/ not found. No cache to purge
[2026-03-31 23:35:39] Directory for https://uptech-group.com/blog/services/ not found. No cache to purge
[2026-03-31 23:35:39] Clearing cache for 2 taxonomy and pagination URLs
[2026-03-31 23:35:39] Compatible cache found : starting server cache purge on Varnish
[2026-03-31 23:35:39] WordPress object cache cleared
[2026-03-31 23:35:39] Starting AutoPurge cache clearing for action [post_updated]... [{
    "code": "SUCCESS"
}]
[2026-03-31 23:35:39] Directory for {
    "code": "SUCCESS"
} not found. No cache to purge
[2026-03-31 23:35:39] Clearing cache for 2 taxonomy and pagination URLs
[2026-03-31 23:35:39] Compatible cache found : starting server cache purge on Varnish
[2026-03-31 23:35:39] WordPress object cache cleared
[2026-03-31 23:35:39] Starting AutoPurge cache clearing for action [post_updated]... [https://uptech-group.com/blog/services/]
[2026-03-31 23:35:39] Directory for https://uptech-group.com/blog/services/ not found. No cache to purge
[2026-03-31 23:35:39] Directory for https://uptech-group.com/blog/services/ not found. No cache to purge
[2026-03-31 23:35:39] Clearing cache for 2 taxonomy and pagination URLs
[2026-03-31 23:35:39] Compatible cache found : starting server cache purge on Varnish
[2026-03-31 23:35:39] WordPress object cache cleared
[2026-03-31 23:35:39] Starting AutoPurge cache clearing for action [post_updated]... [{
    "code": "SUCCESS"
}]
[2026-03-31 23:35:39] Directory for {
    "code": "SUCCESS"
} not found. No cache to purge
[2026-03-31 23:35:39] Clearing cache for 2 taxonomy and pagination URLs
[2026-03-31 23:35:39] Compatible cache found : starting server cache purge on Varnish
[2026-03-31 23:35:39] WordPress object cache cleared
[2026-03-31 23:35:39] Starting AutoPurge cache clearing for action [post_updated]... [https://uptech-group.com/blog/about/]
[2026-03-31 23:35:39] Directory for https://uptech-group.com/blog/about/ not found. No cache to purge
[2026-03-31 23:35:39] Directory for https://uptech-group.com/blog/about/ not found. No cache to purge
[2026-03-31 23:35:39] Clearing cache for 2 taxonomy and pagination URLs
[2026-03-31 23:35:39] Compatible cache found : starting server cache purge on Varnish
[2026-03-31 23:35:39] WordPress object cache cleared
[2026-03-31 23:35:39] Starting AutoPurge cache clearing for action [post_updated]... [{
    "code": "SUCCESS"
}]
[2026-03-31 23:35:39] Directory for {
    "code": "SUCCESS"
} not found. No cache to purge
[2026-03-31 23:35:39] Clearing cache for 2 taxonomy and pagination URLs
[2026-03-31 23:35:39] Compatible cache found : starting server cache purge on Varnish
[2026-03-31 23:35:39] WordPress object cache cleared
[2026-03-31 23:35:39] Starting AutoPurge cache clearing for action [post_updated]... [https://uptech-group.com/blog/about/]
[2026-03-31 23:35:39] Directory for https://uptech-group.com/blog/about/ not found. No cache to purge
[2026-03-31 23:35:39] Directory for https://uptech-group.com/blog/about/ not found. No cache to purge
[2026-03-31 23:35:39] Clearing cache for 2 taxonomy and pagination URLs
[2026-03-31 23:35:39] Compatible cache found : starting server cache purge on Varnish
[2026-03-31 23:35:39] WordPress object cache cleared
[2026-03-31 23:35:39] Starting AutoPurge cache clearing for action [post_updated]... [{
    "code": "SUCCESS"
}]
[2026-03-31 23:35:39] Directory for {
    "code": "SUCCESS"
} not found. No cache to purge
[2026-03-31 23:35:39] Clearing cache for 2 taxonomy and pagination URLs
[2026-03-31 23:35:40] Compatible cache found : starting server cache purge on Varnish
[2026-03-31 23:35:40] WordPress object cache cleared
[2026-03-31 23:35:40] Starting AutoPurge cache clearing for action [post_updated]... [https://uptech-group.com/blog/home/]
[2026-03-31 23:35:40] Directory for https://uptech-group.com/blog/home/ not found. No cache to purge
[2026-03-31 23:35:40] Directory for https://uptech-group.com/blog/home/ not found. No cache to purge
[2026-03-31 23:35:40] Clearing cache for 2 taxonomy and pagination URLs
[2026-03-31 23:35:40] Compatible cache found : starting server cache purge on Varnish
[2026-03-31 23:35:40] WordPress object cache cleared
[2026-03-31 23:35:40] Starting AutoPurge cache clearing for action [post_updated]... [{
    "code": "SUCCESS"
}]
[2026-03-31 23:35:40] Directory for {
    "code": "SUCCESS"
} not found. No cache to purge
[2026-03-31 23:35:40] Clearing cache for 2 taxonomy and pagination URLs
[2026-03-31 23:35:40] Compatible cache found : starting server cache purge on Varnish
[2026-03-31 23:35:40] WordPress object cache cleared
[2026-03-31 23:35:40] Starting AutoPurge cache clearing for action [post_updated]... [https://uptech-group.com/blog/home/]
[2026-03-31 23:35:40] Directory for https://uptech-group.com/blog/home/ not found. No cache to purge
[2026-03-31 23:35:40] Directory for https://uptech-group.com/blog/home/ not found. No cache to purge
[2026-03-31 23:35:40] Clearing cache for 2 taxonomy and pagination URLs
[2026-03-31 23:35:40] Compatible cache found : starting server cache purge on Varnish
[2026-03-31 23:35:40] WordPress object cache cleared
[2026-03-31 23:35:40] Starting AutoPurge cache clearing for action [post_updated]... [{
    "code": "SUCCESS"
}]
[2026-03-31 23:35:40] Directory for {
    "code": "SUCCESS"
} not found. No cache to purge
[2026-03-31 23:35:40] Clearing cache for 2 taxonomy and pagination URLs
[2026-03-31 23:35:40] Compatible cache found : starting server cache purge on Varnish
[2026-03-31 23:35:40] WordPress object cache cleared
[2026-03-31 23:35:40] Starting AutoPurge cache clearing for action [post_updated]... [https://uptech-group.com/blog/2020/12/02/a-camel-is-a-horse-designed-by-committee/]
[2026-03-31 23:35:40] Directory for https://uptech-group.com/blog/2020/12/02/a-camel-is-a-horse-designed-by-committee/ not found. No cache to purge
[2026-03-31 23:35:40] Directory for https://uptech-group.com/blog/2020/12/02/a-camel-is-a-horse-designed-by-committee/ not found. No cache to purge
[2026-03-31 23:35:40] Clearing cache for 2 taxonomy and pagination URLs
[2026-03-31 23:35:40] Compatible cache found : starting server cache purge on Varnish
[2026-03-31 23:35:40] WordPress object cache cleared
[2026-03-31 23:35:40] Starting AutoPurge cache clearing for action [post_updated]... [{
    "code": "SUCCESS"
}]
[2026-03-31 23:35:40] Directory for {
    "code": "SUCCESS"
} not found. No cache to purge
[2026-03-31 23:35:40] Clearing cache for 2 taxonomy and pagination URLs
[2026-03-31 23:35:40] Compatible cache found : starting server cache purge on Varnish
[2026-03-31 23:35:40] WordPress object cache cleared
[2026-03-31 23:35:40] Starting AutoPurge cache clearing for action [post_updated]... [https://uptech-group.com/blog/2020/12/02/a-camel-is-a-horse-designed-by-committee/]
[2026-03-31 23:35:40] Directory for https://uptech-group.com/blog/2020/12/02/a-camel-is-a-horse-designed-by-committee/ not found. No cache to purge
[2026-03-31 23:35:40] Directory for https://uptech-group.com/blog/2020/12/02/a-camel-is-a-horse-designed-by-committee/ not found. No cache to purge
[2026-03-31 23:35:40] Clearing cache for 2 taxonomy and pagination URLs
[2026-03-31 23:35:40] Compatible cache found : starting server cache purge on Varnish
[2026-03-31 23:35:40] WordPress object cache cleared
[2026-03-31 23:35:40] Starting AutoPurge cache clearing for action [post_updated]... [{
    "code": "SUCCESS"
}]
[2026-03-31 23:35:40] Directory for {
    "code": "SUCCESS"
} not found. No cache to purge
[2026-03-31 23:35:40] Clearing cache for 2 taxonomy and pagination URLs
[2026-03-31 23:35:40] Compatible cache found : starting server cache purge on Varnish
[2026-03-31 23:35:40] WordPress object cache cleared
[2026-03-31 23:35:40] Starting AutoPurge cache clearing for action [post_updated]... [https://uptech-group.com/blog/2020/12/02/we-design-our-world-while-our-world-acts-back-on-us-and-designs-us/]
[2026-03-31 23:35:40] Directory for https://uptech-group.com/blog/2020/12/02/we-design-our-world-while-our-world-acts-back-on-us-and-designs-us/ not found. No cache to purge
[2026-03-31 23:35:40] Directory for https://uptech-group.com/blog/2020/12/02/we-design-our-world-while-our-world-acts-back-on-us-and-designs-us/ not found. No cache to purge
[2026-03-31 23:35:40] Clearing cache for 2 taxonomy and pagination URLs
[2026-03-31 23:35:40] Compatible cache found : starting server cache purge on Varnish
[2026-03-31 23:35:40] WordPress object cache cleared
[2026-03-31 23:35:40] Starting AutoPurge cache clearing for action [post_updated]... [{
    "code": "SUCCESS"
}]
[2026-03-31 23:35:40] Directory for {
    "code": "SUCCESS"
} not found. No cache to purge
[2026-03-31 23:35:40] Clearing cache for 2 taxonomy and pagination URLs
[2026-03-31 23:35:40] Compatible cache found : starting server cache purge on Varnish
[2026-03-31 23:35:40] WordPress object cache cleared
[2026-03-31 23:35:40] Starting AutoPurge cache clearing for action [post_updated]... [https://uptech-group.com/blog/2020/12/02/we-design-our-world-while-our-world-acts-back-on-us-and-designs-us/]
[2026-03-31 23:35:40] Directory for https://uptech-group.com/blog/2020/12/02/we-design-our-world-while-our-world-acts-back-on-us-and-designs-us/ not found. No cache to purge
[2026-03-31 23:35:40] Directory for https://uptech-group.com/blog/2020/12/02/we-design-our-world-while-our-world-acts-back-on-us-and-designs-us/ not found. No cache to purge
[2026-03-31 23:35:40] Clearing cache for 2 taxonomy and pagination URLs
[2026-03-31 23:35:40] Compatible cache found : starting server cache purge on Varnish
[2026-03-31 23:35:40] WordPress object cache cleared
[2026-03-31 23:35:40] Starting AutoPurge cache clearing for action [post_updated]... [{
    "code": "SUCCESS"
}]
[2026-03-31 23:35:40] Directory for {
    "code": "SUCCESS"
} not found. No cache to purge
[2026-03-31 23:35:40] Clearing cache for 2 taxonomy and pagination URLs
[2026-03-31 23:35:40] Compatible cache found : starting server cache purge on Varnish
[2026-03-31 23:35:40] WordPress object cache cleared
[2026-03-31 23:35:40] Starting AutoPurge cache clearing for action [post_updated]... [https://uptech-group.com/blog/2020/12/02/recognizing-the-need-is-the-primary-condition-for-design/]
[2026-03-31 23:35:40] Directory for https://uptech-group.com/blog/2020/12/02/recognizing-the-need-is-the-primary-condition-for-design/ not found. No cache to purge
[2026-03-31 23:35:40] Directory for https://uptech-group.com/blog/2020/12/02/recognizing-the-need-is-the-primary-condition-for-design/ not found. No cache to purge
[2026-03-31 23:35:40] Clearing cache for 2 taxonomy and pagination URLs
[2026-03-31 23:35:40] Compatible cache found : starting server cache purge on Varnish
[2026-03-31 23:35:40] WordPress object cache cleared
[2026-03-31 23:35:40] Starting AutoPurge cache clearing for action [post_updated]... [{
    "code": "SUCCESS"
}]
[2026-03-31 23:35:40] Directory for {
    "code": "SUCCESS"
} not found. No cache to purge
[2026-03-31 23:35:40] Clearing cache for 2 taxonomy and pagination URLs
[2026-03-31 23:35:40] Compatible cache found : starting server cache purge on Varnish
[2026-03-31 23:35:40] WordPress object cache cleared
[2026-03-31 23:35:40] Starting AutoPurge cache clearing for action [post_updated]... [https://uptech-group.com/blog/2020/12/02/recognizing-the-need-is-the-primary-condition-for-design/]
[2026-03-31 23:35:40] Directory for https://uptech-group.com/blog/2020/12/02/recognizing-the-need-is-the-primary-condition-for-design/ not found. No cache to purge
[2026-03-31 23:35:40] Directory for https://uptech-group.com/blog/2020/12/02/recognizing-the-need-is-the-primary-condition-for-design/ not found. No cache to purge
[2026-03-31 23:35:40] Clearing cache for 2 taxonomy and pagination URLs
[2026-03-31 23:35:40] Compatible cache found : starting server cache purge on Varnish
[2026-03-31 23:35:40] WordPress object cache cleared
[2026-03-31 23:35:40] Starting AutoPurge cache clearing for action [post_updated]... [{
    "code": "SUCCESS"
}]
[2026-03-31 23:35:40] Directory for {
    "code": "SUCCESS"
} not found. No cache to purge
[2026-03-31 23:35:40] Clearing cache for 2 taxonomy and pagination URLs
[2026-03-31 23:35:40] Compatible cache found : starting server cache purge on Varnish
[2026-03-31 23:35:40] WordPress object cache cleared
[2026-03-31 23:44:11] Starting AutoPurge cache clearing for action [post_updated]... [https://uptech-group.com/blog/?p=2713]
[2026-03-31 23:44:11] Directory for https://uptech-group.com/blog/?p=2713 not found. No cache to purge
[2026-03-31 23:44:11] Directory for https://uptech-group.com/blog/?p=2713 not found. No cache to purge
[2026-03-31 23:44:11] Removed cache files from main desktop cache (/home/c2761235c/public_html/blog/wp-content/cache/lwsoptimize/cache/blog)
[2026-03-31 23:44:11] Clearing cache for 2 taxonomy and pagination URLs
[2026-03-31 23:44:11] Compatible cache found : starting server cache purge on Varnish
[2026-03-31 23:44:11] WordPress object cache cleared
[2026-03-31 23:44:11] Starting AutoPurge cache clearing for action [post_updated]... [{
    "code": "SUCCESS"
}]
[2026-03-31 23:44:11] Directory for {
    "code": "SUCCESS"
} not found. No cache to purge
[2026-03-31 23:44:11] Clearing cache for 2 taxonomy and pagination URLs
[2026-03-31 23:44:11] Compatible cache found : starting server cache purge on Varnish
[2026-03-31 23:44:11] WordPress object cache cleared
[2026-03-31 23:44:11] Starting AutoPurge cache clearing for action [post_updated]... [https://uptech-group.com/blog/?p=2713]
[2026-03-31 23:44:11] Directory for https://uptech-group.com/blog/?p=2713 not found. No cache to purge
[2026-03-31 23:44:11] Directory for https://uptech-group.com/blog/?p=2713 not found. No cache to purge
[2026-03-31 23:44:11] Clearing cache for 2 taxonomy and pagination URLs
[2026-03-31 23:44:11] Compatible cache found : starting server cache purge on Varnish
[2026-03-31 23:44:11] WordPress object cache cleared
[2026-03-31 23:44:11] Starting AutoPurge cache clearing for action [post_updated]... [{
    "code": "SUCCESS"
}]
[2026-03-31 23:44:11] Directory for {
    "code": "SUCCESS"
} not found. No cache to purge
[2026-03-31 23:44:11] Clearing cache for 2 taxonomy and pagination URLs
[2026-03-31 23:44:11] Compatible cache found : starting server cache purge on Varnish
[2026-03-31 23:44:11] WordPress object cache cleared
[2026-03-31 23:44:36] Starting AutoPurge cache clearing for action [post_updated]... [https://uptech-group.com/blog/?p=2713]
[2026-03-31 23:44:36] Directory for https://uptech-group.com/blog/?p=2713 not found. No cache to purge
[2026-03-31 23:44:36] Directory for https://uptech-group.com/blog/?p=2713 not found. No cache to purge
[2026-03-31 23:44:36] Clearing cache for 2 taxonomy and pagination URLs
[2026-03-31 23:44:36] Compatible cache found : starting server cache purge on Varnish
[2026-03-31 23:44:36] WordPress object cache cleared
[2026-03-31 23:44:36] Starting AutoPurge cache clearing for action [post_updated]... [{
    "code": "SUCCESS"
}]
[2026-03-31 23:44:36] Directory for {
    "code": "SUCCESS"
} not found. No cache to purge
[2026-03-31 23:44:36] Clearing cache for 2 taxonomy and pagination URLs
[2026-03-31 23:44:36] Compatible cache found : starting server cache purge on Varnish
[2026-03-31 23:44:36] WordPress object cache cleared
[2026-03-31 23:44:36] Starting AutoPurge cache clearing for action [post_updated]... [https://uptech-group.com/blog/?p=2713]
[2026-03-31 23:44:36] Directory for https://uptech-group.com/blog/?p=2713 not found. No cache to purge
[2026-03-31 23:44:36] Directory for https://uptech-group.com/blog/?p=2713 not found. No cache to purge
[2026-03-31 23:44:36] Clearing cache for 2 taxonomy and pagination URLs
[2026-03-31 23:44:36] Compatible cache found : starting server cache purge on Varnish
[2026-03-31 23:44:36] WordPress object cache cleared
[2026-03-31 23:44:36] Starting AutoPurge cache clearing for action [post_updated]... [{
    "code": "SUCCESS"
}]
[2026-03-31 23:44:36] Directory for {
    "code": "SUCCESS"
} not found. No cache to purge
[2026-03-31 23:44:36] Clearing cache for 2 taxonomy and pagination URLs
[2026-03-31 23:44:36] Compatible cache found : starting server cache purge on Varnish
[2026-03-31 23:44:36] WordPress object cache cleared
[2026-03-31 23:45:14] Starting AutoPurge cache clearing for action [post_updated]... [https://uptech-group.com/blog/?p=2713]
[2026-03-31 23:45:14] Directory for https://uptech-group.com/blog/?p=2713 not found. No cache to purge
[2026-03-31 23:45:14] Directory for https://uptech-group.com/blog/?p=2713 not found. No cache to purge
[2026-03-31 23:45:14] Clearing cache for 2 taxonomy and pagination URLs
[2026-03-31 23:45:14] Compatible cache found : starting server cache purge on Varnish
[2026-03-31 23:45:14] WordPress object cache cleared
[2026-03-31 23:45:14] Starting AutoPurge cache clearing for action [post_updated]... [{
    "code": "SUCCESS"
}]
[2026-03-31 23:45:14] Directory for {
    "code": "SUCCESS"
} not found. No cache to purge
[2026-03-31 23:45:14] Clearing cache for 2 taxonomy and pagination URLs
[2026-03-31 23:45:14] Compatible cache found : starting server cache purge on Varnish
[2026-03-31 23:45:14] WordPress object cache cleared
[2026-03-31 23:45:14] Starting AutoPurge cache clearing for action [post_updated]... [https://uptech-group.com/blog/?p=2713]
[2026-03-31 23:45:14] Directory for https://uptech-group.com/blog/?p=2713 not found. No cache to purge
[2026-03-31 23:45:14] Directory for https://uptech-group.com/blog/?p=2713 not found. No cache to purge
[2026-03-31 23:45:14] Clearing cache for 2 taxonomy and pagination URLs
[2026-03-31 23:45:14] Compatible cache found : starting server cache purge on Varnish
[2026-03-31 23:45:14] WordPress object cache cleared
[2026-03-31 23:45:14] Starting AutoPurge cache clearing for action [post_updated]... [{
    "code": "SUCCESS"
}]
[2026-03-31 23:45:14] Directory for {
    "code": "SUCCESS"
} not found. No cache to purge
[2026-03-31 23:45:14] Clearing cache for 2 taxonomy and pagination URLs
[2026-03-31 23:45:14] Compatible cache found : starting server cache purge on Varnish
[2026-03-31 23:45:14] WordPress object cache cleared
[2026-03-31 23:45:47] Starting AutoPurge cache clearing for action [post_updated]... [https://uptech-group.com/blog/?p=2713]
[2026-03-31 23:45:47] Directory for https://uptech-group.com/blog/?p=2713 not found. No cache to purge
[2026-03-31 23:45:47] Directory for https://uptech-group.com/blog/?p=2713 not found. No cache to purge
[2026-03-31 23:45:47] Clearing cache for 2 taxonomy and pagination URLs
[2026-03-31 23:45:48] Compatible cache found : starting server cache purge on Varnish
[2026-03-31 23:45:48] WordPress object cache cleared
[2026-03-31 23:45:48] Starting AutoPurge cache clearing for action [post_updated]... [{
    "code": "SUCCESS"
}]
[2026-03-31 23:45:48] Directory for {
    "code": "SUCCESS"
} not found. No cache to purge
[2026-03-31 23:45:48] Clearing cache for 2 taxonomy and pagination URLs
[2026-03-31 23:45:48] Compatible cache found : starting server cache purge on Varnish
[2026-03-31 23:45:48] WordPress object cache cleared
[2026-03-31 23:45:48] Starting AutoPurge cache clearing for action [post_updated]... [https://uptech-group.com/blog/?p=2713]
[2026-03-31 23:45:48] Directory for https://uptech-group.com/blog/?p=2713 not found. No cache to purge
[2026-03-31 23:45:48] Directory for https://uptech-group.com/blog/?p=2713 not found. No cache to purge
[2026-03-31 23:45:48] Clearing cache for 2 taxonomy and pagination URLs
[2026-03-31 23:45:48] Compatible cache found : starting server cache purge on Varnish
[2026-03-31 23:45:48] WordPress object cache cleared
[2026-03-31 23:45:48] Starting AutoPurge cache clearing for action [post_updated]... [{
    "code": "SUCCESS"
}]
[2026-03-31 23:45:48] Directory for {
    "code": "SUCCESS"
} not found. No cache to purge
[2026-03-31 23:45:48] Clearing cache for 2 taxonomy and pagination URLs
[2026-03-31 23:45:48] Compatible cache found : starting server cache purge on Varnish
[2026-03-31 23:45:48] WordPress object cache cleared
[2026-03-31 23:46:30] Starting AutoPurge cache clearing for action [post_updated]... [https://uptech-group.com/blog/?p=2713]
[2026-03-31 23:46:30] Directory for https://uptech-group.com/blog/?p=2713 not found. No cache to purge
[2026-03-31 23:46:30] Directory for https://uptech-group.com/blog/?p=2713 not found. No cache to purge
[2026-03-31 23:46:30] Clearing cache for 2 taxonomy and pagination URLs
[2026-03-31 23:46:30] Compatible cache found : starting server cache purge on Varnish
[2026-03-31 23:46:30] WordPress object cache cleared
[2026-03-31 23:46:30] Starting AutoPurge cache clearing for action [post_updated]... [{
    "code": "SUCCESS"
}]
[2026-03-31 23:46:30] Directory for {
    "code": "SUCCESS"
} not found. No cache to purge
[2026-03-31 23:46:30] Clearing cache for 2 taxonomy and pagination URLs
[2026-03-31 23:46:30] Compatible cache found : starting server cache purge on Varnish
[2026-03-31 23:46:30] WordPress object cache cleared
[2026-03-31 23:46:30] Starting AutoPurge cache clearing for action [post_updated]... [https://uptech-group.com/blog/?p=2713]
[2026-03-31 23:46:30] Directory for https://uptech-group.com/blog/?p=2713 not found. No cache to purge
[2026-03-31 23:46:30] Directory for https://uptech-group.com/blog/?p=2713 not found. No cache to purge
[2026-03-31 23:46:30] Clearing cache for 2 taxonomy and pagination URLs
[2026-03-31 23:46:30] Compatible cache found : starting server cache purge on Varnish
[2026-03-31 23:46:30] WordPress object cache cleared
[2026-03-31 23:46:30] Starting AutoPurge cache clearing for action [post_updated]... [{
    "code": "SUCCESS"
}]
[2026-03-31 23:46:30] Directory for {
    "code": "SUCCESS"
} not found. No cache to purge
[2026-03-31 23:46:30] Clearing cache for 2 taxonomy and pagination URLs
[2026-03-31 23:46:30] Compatible cache found : starting server cache purge on Varnish
[2026-03-31 23:46:30] WordPress object cache cleared
[2026-03-31 23:47:30] Starting AutoPurge cache clearing for action [post_updated]... [https://uptech-group.com/blog/?p=2713]
[2026-03-31 23:47:30] Directory for https://uptech-group.com/blog/?p=2713 not found. No cache to purge
[2026-03-31 23:47:30] Directory for https://uptech-group.com/blog/?p=2713 not found. No cache to purge
[2026-03-31 23:47:30] Clearing cache for 2 taxonomy and pagination URLs
[2026-03-31 23:47:30] Compatible cache found : starting server cache purge on Varnish
[2026-03-31 23:47:30] WordPress object cache cleared
[2026-03-31 23:47:30] Starting AutoPurge cache clearing for action [post_updated]... [{
    "code": "SUCCESS"
}]
[2026-03-31 23:47:30] Directory for {
    "code": "SUCCESS"
} not found. No cache to purge
[2026-03-31 23:47:30] Clearing cache for 2 taxonomy and pagination URLs
[2026-03-31 23:47:30] Compatible cache found : starting server cache purge on Varnish
[2026-03-31 23:47:30] WordPress object cache cleared
[2026-03-31 23:47:30] Starting AutoPurge cache clearing for action [post_updated]... [https://uptech-group.com/blog/?p=2713]
[2026-03-31 23:47:30] Directory for https://uptech-group.com/blog/?p=2713 not found. No cache to purge
[2026-03-31 23:47:30] Directory for https://uptech-group.com/blog/?p=2713 not found. No cache to purge
[2026-03-31 23:47:30] Clearing cache for 2 taxonomy and pagination URLs
[2026-03-31 23:47:30] Compatible cache found : starting server cache purge on Varnish
[2026-03-31 23:47:30] WordPress object cache cleared
[2026-03-31 23:47:30] Starting AutoPurge cache clearing for action [post_updated]... [{
    "code": "SUCCESS"
}]
[2026-03-31 23:47:30] Directory for {
    "code": "SUCCESS"
} not found. No cache to purge
[2026-03-31 23:47:30] Clearing cache for 2 taxonomy and pagination URLs
[2026-03-31 23:47:30] Compatible cache found : starting server cache purge on Varnish
[2026-03-31 23:47:30] WordPress object cache cleared
[2026-03-31 23:47:48] Starting AutoPurge cache clearing for action [post_updated]... [https://uptech-group.com/blog/?p=2713]
[2026-03-31 23:47:48] Directory for https://uptech-group.com/blog/?p=2713 not found. No cache to purge
[2026-03-31 23:47:48] Directory for https://uptech-group.com/blog/?p=2713 not found. No cache to purge
[2026-03-31 23:47:48] Clearing cache for 2 taxonomy and pagination URLs
[2026-03-31 23:47:49] Compatible cache found : starting server cache purge on Varnish
[2026-03-31 23:47:49] WordPress object cache cleared
[2026-03-31 23:47:49] Starting AutoPurge cache clearing for action [post_updated]... [{
    "code": "SUCCESS"
}]
[2026-03-31 23:47:49] Directory for {
    "code": "SUCCESS"
} not found. No cache to purge
[2026-03-31 23:47:49] Clearing cache for 2 taxonomy and pagination URLs
[2026-03-31 23:47:49] Compatible cache found : starting server cache purge on Varnish
[2026-03-31 23:47:49] WordPress object cache cleared
[2026-03-31 23:47:49] Starting AutoPurge cache clearing for action [post_updated]... [https://uptech-group.com/blog/?p=2713]
[2026-03-31 23:47:49] Directory for https://uptech-group.com/blog/?p=2713 not found. No cache to purge
[2026-03-31 23:47:49] Directory for https://uptech-group.com/blog/?p=2713 not found. No cache to purge
[2026-03-31 23:47:49] Clearing cache for 2 taxonomy and pagination URLs
[2026-03-31 23:47:49] Compatible cache found : starting server cache purge on Varnish
[2026-03-31 23:47:49] WordPress object cache cleared
[2026-03-31 23:47:49] Starting AutoPurge cache clearing for action [post_updated]... [{
    "code": "SUCCESS"
}]
[2026-03-31 23:47:49] Directory for {
    "code": "SUCCESS"
} not found. No cache to purge
[2026-03-31 23:47:49] Clearing cache for 2 taxonomy and pagination URLs
[2026-03-31 23:47:49] Compatible cache found : starting server cache purge on Varnish
[2026-03-31 23:47:49] WordPress object cache cleared
[2026-03-31 23:48:44] Starting [FULL] cache clearing for action [customize_save_after]...
[2026-03-31 23:48:44] Compatible cache found : starting server cache purge on Varnish
[2026-03-31 23:48:44] Restarting preload process after cache purge...
[2026-03-31 23:48:44] WordPress object cache cleared
[2026-03-31 23:48:44] Starting [FULL] cache clearing for action [{
    "code": "SUCCESS"
}]...
[2026-03-31 23:48:44] Compatible cache found : starting server cache purge on Varnish
[2026-03-31 23:48:44] Restarting preload process after cache purge...
[2026-03-31 23:48:44] WordPress object cache cleared
[2026-03-31 23:48:44] Starting [FULL] cache clearing for action [customize_save_after]...
[2026-03-31 23:48:44] Compatible cache found : starting server cache purge on Varnish
[2026-03-31 23:48:44] Restarting preload process after cache purge...
[2026-03-31 23:48:44] WordPress object cache cleared
[2026-03-31 23:48:44] Starting [FULL] cache clearing for action [{
    "code": "SUCCESS"
}]...
[2026-03-31 23:48:44] Compatible cache found : starting server cache purge on Varnish
[2026-03-31 23:48:44] Restarting preload process after cache purge...
[2026-03-31 23:48:44] WordPress object cache cleared
[2026-03-31 23:48:44] Starting AutoPurge cache clearing for action [trashed_post]... [https://uptech-group.com/blog/a784c557-4de9-4c3f-938f-4dd31402add0]
[2026-03-31 23:48:44] Directory for https://uptech-group.com/blog/a784c557-4de9-4c3f-938f-4dd31402add0 not found. No cache to purge
[2026-03-31 23:48:44] Directory for https://uptech-group.com/blog/a784c557-4de9-4c3f-938f-4dd31402add0 not found. No cache to purge
[2026-03-31 23:48:44] Clearing cache for 2 taxonomy and pagination URLs
[2026-03-31 23:48:44] Compatible cache found : starting server cache purge on Varnish
[2026-03-31 23:48:44] WordPress object cache cleared
[2026-03-31 23:48:44] Starting AutoPurge cache clearing for action [trashed_post]... [{
    "code": "SUCCESS"
}]
[2026-03-31 23:48:44] Directory for {
    "code": "SUCCESS"
} not found. No cache to purge
[2026-03-31 23:48:44] Directory for {
    "code": "SUCCESS"
} not found. No cache to purge
[2026-03-31 23:48:44] Clearing cache for 2 taxonomy and pagination URLs
[2026-03-31 23:48:44] Compatible cache found : starting server cache purge on Varnish
[2026-03-31 23:48:44] WordPress object cache cleared
[2026-03-31 23:48:44] Starting AutoPurge cache clearing for action [trashed_post]... [https://uptech-group.com/blog/a784c557-4de9-4c3f-938f-4dd31402add0]
[2026-03-31 23:48:44] Directory for https://uptech-group.com/blog/a784c557-4de9-4c3f-938f-4dd31402add0 not found. No cache to purge
[2026-03-31 23:48:44] Directory for https://uptech-group.com/blog/a784c557-4de9-4c3f-938f-4dd31402add0 not found. No cache to purge
[2026-03-31 23:48:44] Clearing cache for 2 taxonomy and pagination URLs
[2026-03-31 23:48:44] Compatible cache found : starting server cache purge on Varnish
[2026-03-31 23:48:44] WordPress object cache cleared
[2026-03-31 23:48:44] Starting AutoPurge cache clearing for action [trashed_post]... [{
    "code": "SUCCESS"
}]
[2026-03-31 23:48:44] Directory for {
    "code": "SUCCESS"
} not found. No cache to purge
[2026-03-31 23:48:44] Directory for {
    "code": "SUCCESS"
} not found. No cache to purge
[2026-03-31 23:48:44] Clearing cache for 2 taxonomy and pagination URLs
[2026-03-31 23:48:44] Compatible cache found : starting server cache purge on Varnish
[2026-03-31 23:48:44] WordPress object cache cleared
[2026-03-31 23:48:44] Starting AutoPurge cache clearing for action [post_updated]... [https://uptech-group.com/blog/?p=2713]
[2026-03-31 23:48:44] Directory for https://uptech-group.com/blog/?p=2713 not found. No cache to purge
[2026-03-31 23:48:44] Directory for https://uptech-group.com/blog/?p=2713 not found. No cache to purge
[2026-03-31 23:48:44] Clearing cache for 2 taxonomy and pagination URLs
[2026-03-31 23:48:44] Compatible cache found : starting server cache purge on Varnish
[2026-03-31 23:48:44] WordPress object cache cleared
[2026-03-31 23:48:44] Starting AutoPurge cache clearing for action [post_updated]... [{
    "code": "SUCCESS"
}]
[2026-03-31 23:48:44] Directory for {
    "code": "SUCCESS"
} not found. No cache to purge
[2026-03-31 23:48:44] Directory for {
    "code": "SUCCESS"
} not found. No cache to purge
[2026-03-31 23:48:44] Clearing cache for 2 taxonomy and pagination URLs
[2026-03-31 23:48:44] Compatible cache found : starting server cache purge on Varnish
[2026-03-31 23:48:44] WordPress object cache cleared
[2026-03-31 23:48:44] Starting AutoPurge cache clearing for action [post_updated]... [https://uptech-group.com/blog/?p=2713]
[2026-03-31 23:48:44] Directory for https://uptech-group.com/blog/?p=2713 not found. No cache to purge
[2026-03-31 23:48:44] Directory for https://uptech-group.com/blog/?p=2713 not found. No cache to purge
[2026-03-31 23:48:44] Clearing cache for 2 taxonomy and pagination URLs
[2026-03-31 23:48:44] Compatible cache found : starting server cache purge on Varnish
[2026-03-31 23:48:44] WordPress object cache cleared
[2026-03-31 23:48:44] Starting AutoPurge cache clearing for action [post_updated]... [{
    "code": "SUCCESS"
}]
[2026-03-31 23:48:44] Directory for {
    "code": "SUCCESS"
} not found. No cache to purge
[2026-03-31 23:48:44] Directory for {
    "code": "SUCCESS"
} not found. No cache to purge
[2026-03-31 23:48:44] Clearing cache for 2 taxonomy and pagination URLs
[2026-03-31 23:48:44] Compatible cache found : starting server cache purge on Varnish
[2026-03-31 23:48:44] WordPress object cache cleared
[2026-03-31 23:53:26] Starting AutoPurge cache clearing for action [post_updated]... [https://uptech-group.com/blog/?p=2716]
[2026-03-31 23:53:26] Directory for https://uptech-group.com/blog/?p=2716 not found. No cache to purge
[2026-03-31 23:53:26] Directory for https://uptech-group.com/blog/?p=2716 not found. No cache to purge
[2026-03-31 23:53:26] Clearing cache for 2 taxonomy and pagination URLs
[2026-03-31 23:53:26] Compatible cache found : starting server cache purge on Varnish
[2026-03-31 23:53:26] WordPress object cache cleared
[2026-03-31 23:53:26] Starting AutoPurge cache clearing for action [post_updated]... [{
    "code": "SUCCESS"
}]
[2026-03-31 23:53:26] Directory for {
    "code": "SUCCESS"
} not found. No cache to purge
[2026-03-31 23:53:26] Directory for {
    "code": "SUCCESS"
} not found. No cache to purge
[2026-03-31 23:53:26] Clearing cache for 2 taxonomy and pagination URLs
[2026-03-31 23:53:26] Compatible cache found : starting server cache purge on Varnish
[2026-03-31 23:53:26] WordPress object cache cleared
[2026-03-31 23:53:26] Starting AutoPurge cache clearing for action [post_updated]... [https://uptech-group.com/blog/?p=2716]
[2026-03-31 23:53:26] Directory for https://uptech-group.com/blog/?p=2716 not found. No cache to purge
[2026-03-31 23:53:26] Directory for https://uptech-group.com/blog/?p=2716 not found. No cache to purge
[2026-03-31 23:53:26] Clearing cache for 2 taxonomy and pagination URLs
[2026-03-31 23:53:26] Compatible cache found : starting server cache purge on Varnish
[2026-03-31 23:53:26] WordPress object cache cleared
[2026-03-31 23:53:26] Starting AutoPurge cache clearing for action [post_updated]... [{
    "code": "SUCCESS"
}]
[2026-03-31 23:53:26] Directory for {
    "code": "SUCCESS"
} not found. No cache to purge
[2026-03-31 23:53:26] Directory for {
    "code": "SUCCESS"
} not found. No cache to purge
[2026-03-31 23:53:26] Clearing cache for 2 taxonomy and pagination URLs
[2026-03-31 23:53:26] Compatible cache found : starting server cache purge on Varnish
[2026-03-31 23:53:26] WordPress object cache cleared
[2026-03-31 23:53:30] Starting AutoPurge cache clearing for action [deleted_post]... [https://uptech-group.com/blog/cropped-logo-mark_logo-principale-jpg]
[2026-03-31 23:53:30] Directory for https://uptech-group.com/blog/cropped-logo-mark_logo-principale-jpg not found. No cache to purge
[2026-03-31 23:53:30] Directory for https://uptech-group.com/blog/cropped-logo-mark_logo-principale-jpg not found. No cache to purge
[2026-03-31 23:53:30] Clearing cache for 2 taxonomy and pagination URLs
[2026-03-31 23:53:30] Compatible cache found : starting server cache purge on Varnish
[2026-03-31 23:53:30] WordPress object cache cleared
[2026-03-31 23:53:30] Starting AutoPurge cache clearing for action [deleted_post]... [{
    "code": "SUCCESS"
}]
[2026-03-31 23:53:30] Directory for {
    "code": "SUCCESS"
} not found. No cache to purge
[2026-03-31 23:53:30] Directory for {
    "code": "SUCCESS"
} not found. No cache to purge
[2026-03-31 23:53:30] Clearing cache for 2 taxonomy and pagination URLs
[2026-03-31 23:53:30] Compatible cache found : starting server cache purge on Varnish
[2026-03-31 23:53:30] WordPress object cache cleared
[2026-03-31 23:53:34] Starting AutoPurge cache clearing for action [deleted_post]... [https://uptech-group.com/blog/logo-mark_logo-principale]
[2026-03-31 23:53:34] Directory for https://uptech-group.com/blog/logo-mark_logo-principale not found. No cache to purge
[2026-03-31 23:53:34] Directory for https://uptech-group.com/blog/logo-mark_logo-principale not found. No cache to purge
[2026-03-31 23:53:34] Clearing cache for 2 taxonomy and pagination URLs
[2026-03-31 23:53:34] Compatible cache found : starting server cache purge on Varnish
[2026-03-31 23:53:34] WordPress object cache cleared
[2026-03-31 23:53:34] Starting AutoPurge cache clearing for action [deleted_post]... [{
    "code": "SUCCESS"
}]
[2026-03-31 23:53:34] Directory for {
    "code": "SUCCESS"
} not found. No cache to purge
[2026-03-31 23:53:34] Directory for {
    "code": "SUCCESS"
} not found. No cache to purge
[2026-03-31 23:53:34] Clearing cache for 2 taxonomy and pagination URLs
[2026-03-31 23:53:34] Compatible cache found : starting server cache purge on Varnish
[2026-03-31 23:53:34] WordPress object cache cleared
[2026-03-31 23:53:39] Starting AutoPurge cache clearing for action [deleted_post]... [https://uptech-group.com/blog/logo-mark_logo-principale-2]
[2026-03-31 23:53:39] Directory for https://uptech-group.com/blog/logo-mark_logo-principale-2 not found. No cache to purge
[2026-03-31 23:53:39] Directory for https://uptech-group.com/blog/logo-mark_logo-principale-2 not found. No cache to purge
[2026-03-31 23:53:39] Clearing cache for 2 taxonomy and pagination URLs
[2026-03-31 23:53:39] Compatible cache found : starting server cache purge on Varnish
[2026-03-31 23:53:39] WordPress object cache cleared
[2026-03-31 23:53:39] Starting AutoPurge cache clearing for action [deleted_post]... [{
    "code": "SUCCESS"
}]
[2026-03-31 23:53:39] Directory for {
    "code": "SUCCESS"
} not found. No cache to purge
[2026-03-31 23:53:39] Directory for {
    "code": "SUCCESS"
} not found. No cache to purge
[2026-03-31 23:53:39] Clearing cache for 2 taxonomy and pagination URLs
[2026-03-31 23:53:39] Compatible cache found : starting server cache purge on Varnish
[2026-03-31 23:53:39] WordPress object cache cleared
[2026-03-31 23:53:44] Starting AutoPurge cache clearing for action [deleted_post]... [https://uptech-group.com/blog/cropped-logo-mark_logo-principale-png]
[2026-03-31 23:53:44] Directory for https://uptech-group.com/blog/cropped-logo-mark_logo-principale-png not found. No cache to purge
[2026-03-31 23:53:44] Directory for https://uptech-group.com/blog/cropped-logo-mark_logo-principale-png not found. No cache to purge
[2026-03-31 23:53:44] Clearing cache for 2 taxonomy and pagination URLs
[2026-03-31 23:53:44] Compatible cache found : starting server cache purge on Varnish
[2026-03-31 23:53:44] WordPress object cache cleared
[2026-03-31 23:53:44] Starting AutoPurge cache clearing for action [deleted_post]... [{
    "code": "SUCCESS"
}]
[2026-03-31 23:53:44] Directory for {
    "code": "SUCCESS"
} not found. No cache to purge
[2026-03-31 23:53:44] Directory for {
    "code": "SUCCESS"
} not found. No cache to purge
[2026-03-31 23:53:44] Clearing cache for 2 taxonomy and pagination URLs
[2026-03-31 23:53:44] Compatible cache found : starting server cache purge on Varnish
[2026-03-31 23:53:44] WordPress object cache cleared
[2026-03-31 23:54:09] Starting AutoPurge cache clearing for action [post_updated]... [https://uptech-group.com/blog/?p=2716]
[2026-03-31 23:54:09] Directory for https://uptech-group.com/blog/?p=2716 not found. No cache to purge
[2026-03-31 23:54:09] Directory for https://uptech-group.com/blog/?p=2716 not found. No cache to purge
[2026-03-31 23:54:09] Clearing cache for 2 taxonomy and pagination URLs
[2026-03-31 23:54:09] Compatible cache found : starting server cache purge on Varnish
[2026-03-31 23:54:09] WordPress object cache cleared
[2026-03-31 23:54:09] Starting AutoPurge cache clearing for action [post_updated]... [{
    "code": "SUCCESS"
}]
[2026-03-31 23:54:09] Directory for {
    "code": "SUCCESS"
} not found. No cache to purge
[2026-03-31 23:54:09] Directory for {
    "code": "SUCCESS"
} not found. No cache to purge
[2026-03-31 23:54:09] Clearing cache for 2 taxonomy and pagination URLs
[2026-03-31 23:54:10] Compatible cache found : starting server cache purge on Varnish
[2026-03-31 23:54:10] WordPress object cache cleared
[2026-03-31 23:54:10] Starting AutoPurge cache clearing for action [post_updated]... [https://uptech-group.com/blog/?p=2716]
[2026-03-31 23:54:10] Directory for https://uptech-group.com/blog/?p=2716 not found. No cache to purge
[2026-03-31 23:54:10] Directory for https://uptech-group.com/blog/?p=2716 not found. No cache to purge
[2026-03-31 23:54:10] Clearing cache for 2 taxonomy and pagination URLs
[2026-03-31 23:54:10] Compatible cache found : starting server cache purge on Varnish
[2026-03-31 23:54:10] WordPress object cache cleared
[2026-03-31 23:54:10] Starting AutoPurge cache clearing for action [post_updated]... [{
    "code": "SUCCESS"
}]
[2026-03-31 23:54:10] Directory for {
    "code": "SUCCESS"
} not found. No cache to purge
[2026-03-31 23:54:10] Directory for {
    "code": "SUCCESS"
} not found. No cache to purge
[2026-03-31 23:54:10] Clearing cache for 2 taxonomy and pagination URLs
[2026-03-31 23:54:10] Compatible cache found : starting server cache purge on Varnish
[2026-03-31 23:54:10] WordPress object cache cleared
[2026-03-31 23:55:09] Starting AutoPurge cache clearing for action [post_updated]... [https://uptech-group.com/blog/?p=2716]
[2026-03-31 23:55:09] Directory for https://uptech-group.com/blog/?p=2716 not found. No cache to purge
[2026-03-31 23:55:09] Directory for https://uptech-group.com/blog/?p=2716 not found. No cache to purge
[2026-03-31 23:55:09] Clearing cache for 2 taxonomy and pagination URLs
[2026-03-31 23:55:09] Compatible cache found : starting server cache purge on Varnish
[2026-03-31 23:55:09] WordPress object cache cleared
[2026-03-31 23:55:09] Starting AutoPurge cache clearing for action [post_updated]... [{
    "code": "SUCCESS"
}]
[2026-03-31 23:55:09] Directory for {
    "code": "SUCCESS"
} not found. No cache to purge
[2026-03-31 23:55:09] Directory for {
    "code": "SUCCESS"
} not found. No cache to purge
[2026-03-31 23:55:09] Clearing cache for 2 taxonomy and pagination URLs
[2026-03-31 23:55:09] Compatible cache found : starting server cache purge on Varnish
[2026-03-31 23:55:09] WordPress object cache cleared
[2026-03-31 23:55:09] Starting AutoPurge cache clearing for action [post_updated]... [https://uptech-group.com/blog/?p=2716]
[2026-03-31 23:55:09] Directory for https://uptech-group.com/blog/?p=2716 not found. No cache to purge
[2026-03-31 23:55:09] Directory for https://uptech-group.com/blog/?p=2716 not found. No cache to purge
[2026-03-31 23:55:09] Clearing cache for 2 taxonomy and pagination URLs
[2026-03-31 23:55:09] Compatible cache found : starting server cache purge on Varnish
[2026-03-31 23:55:09] WordPress object cache cleared
[2026-03-31 23:55:09] Starting AutoPurge cache clearing for action [post_updated]... [{
    "code": "SUCCESS"
}]
[2026-03-31 23:55:09] Directory for {
    "code": "SUCCESS"
} not found. No cache to purge
[2026-03-31 23:55:09] Directory for {
    "code": "SUCCESS"
} not found. No cache to purge
[2026-03-31 23:55:09] Clearing cache for 2 taxonomy and pagination URLs
[2026-03-31 23:55:09] Compatible cache found : starting server cache purge on Varnish
[2026-03-31 23:55:09] WordPress object cache cleared
[2026-03-31 23:55:48] Starting AutoPurge cache clearing for action [deleted_post]... [https://uptech-group.com/blog/logo-mark_logo-principale]
[2026-03-31 23:55:48] Directory for https://uptech-group.com/blog/logo-mark_logo-principale not found. No cache to purge
[2026-03-31 23:55:48] Directory for https://uptech-group.com/blog/logo-mark_logo-principale not found. No cache to purge
[2026-03-31 23:55:48] Clearing cache for 2 taxonomy and pagination URLs
[2026-03-31 23:55:48] Compatible cache found : starting server cache purge on Varnish
[2026-03-31 23:55:48] WordPress object cache cleared
[2026-03-31 23:55:48] Starting AutoPurge cache clearing for action [deleted_post]... [{
    "code": "SUCCESS"
}]
[2026-03-31 23:55:48] Directory for {
    "code": "SUCCESS"
} not found. No cache to purge
[2026-03-31 23:55:48] Directory for {
    "code": "SUCCESS"
} not found. No cache to purge
[2026-03-31 23:55:48] Clearing cache for 2 taxonomy and pagination URLs
[2026-03-31 23:55:48] Compatible cache found : starting server cache purge on Varnish
[2026-03-31 23:55:48] WordPress object cache cleared
[2026-03-31 23:56:09] Starting AutoPurge cache clearing for action [post_updated]... [https://uptech-group.com/blog/?p=2716]
[2026-03-31 23:56:09] Directory for https://uptech-group.com/blog/?p=2716 not found. No cache to purge
[2026-03-31 23:56:09] Directory for https://uptech-group.com/blog/?p=2716 not found. No cache to purge
[2026-03-31 23:56:09] Clearing cache for 2 taxonomy and pagination URLs
[2026-03-31 23:56:09] Compatible cache found : starting server cache purge on Varnish
[2026-03-31 23:56:09] WordPress object cache cleared
[2026-03-31 23:56:09] Starting AutoPurge cache clearing for action [post_updated]... [{
    "code": "SUCCESS"
}]
[2026-03-31 23:56:09] Directory for {
    "code": "SUCCESS"
} not found. No cache to purge
[2026-03-31 23:56:09] Directory for {
    "code": "SUCCESS"
} not found. No cache to purge
[2026-03-31 23:56:09] Clearing cache for 2 taxonomy and pagination URLs
[2026-03-31 23:56:09] Compatible cache found : starting server cache purge on Varnish
[2026-03-31 23:56:09] WordPress object cache cleared
[2026-03-31 23:56:09] Starting AutoPurge cache clearing for action [post_updated]... [https://uptech-group.com/blog/?p=2716]
[2026-03-31 23:56:09] Directory for https://uptech-group.com/blog/?p=2716 not found. No cache to purge
[2026-03-31 23:56:09] Directory for https://uptech-group.com/blog/?p=2716 not found. No cache to purge
[2026-03-31 23:56:09] Clearing cache for 2 taxonomy and pagination URLs
[2026-03-31 23:56:10] Compatible cache found : starting server cache purge on Varnish
[2026-03-31 23:56:10] WordPress object cache cleared
[2026-03-31 23:56:10] Starting AutoPurge cache clearing for action [post_updated]... [{
    "code": "SUCCESS"
}]
[2026-03-31 23:56:10] Directory for {
    "code": "SUCCESS"
} not found. No cache to purge
[2026-03-31 23:56:10] Directory for {
    "code": "SUCCESS"
} not found. No cache to purge
[2026-03-31 23:56:10] Clearing cache for 2 taxonomy and pagination URLs
[2026-03-31 23:56:10] Compatible cache found : starting server cache purge on Varnish
[2026-03-31 23:56:10] WordPress object cache cleared
[2026-03-31 23:56:32] Starting AutoPurge cache clearing for action [post_updated]... [https://uptech-group.com/blog/?p=2716]
[2026-03-31 23:56:32] Directory for https://uptech-group.com/blog/?p=2716 not found. No cache to purge
[2026-03-31 23:56:32] Directory for https://uptech-group.com/blog/?p=2716 not found. No cache to purge
[2026-03-31 23:56:32] Clearing cache for 2 taxonomy and pagination URLs
[2026-03-31 23:56:32] Compatible cache found : starting server cache purge on Varnish
[2026-03-31 23:56:32] WordPress object cache cleared
[2026-03-31 23:56:32] Starting AutoPurge cache clearing for action [post_updated]... [{
    "code": "SUCCESS"
}]
[2026-03-31 23:56:32] Directory for {
    "code": "SUCCESS"
} not found. No cache to purge
[2026-03-31 23:56:32] Directory for {
    "code": "SUCCESS"
} not found. No cache to purge
[2026-03-31 23:56:32] Clearing cache for 2 taxonomy and pagination URLs
[2026-03-31 23:56:32] Compatible cache found : starting server cache purge on Varnish
[2026-03-31 23:56:32] WordPress object cache cleared
[2026-03-31 23:56:32] Starting AutoPurge cache clearing for action [post_updated]... [https://uptech-group.com/blog/?p=2716]
[2026-03-31 23:56:32] Directory for https://uptech-group.com/blog/?p=2716 not found. No cache to purge
[2026-03-31 23:56:32] Directory for https://uptech-group.com/blog/?p=2716 not found. No cache to purge
[2026-03-31 23:56:32] Clearing cache for 2 taxonomy and pagination URLs
[2026-03-31 23:56:32] Compatible cache found : starting server cache purge on Varnish
[2026-03-31 23:56:32] WordPress object cache cleared
[2026-03-31 23:56:32] Starting AutoPurge cache clearing for action [post_updated]... [{
    "code": "SUCCESS"
}]
[2026-03-31 23:56:32] Directory for {
    "code": "SUCCESS"
} not found. No cache to purge
[2026-03-31 23:56:32] Directory for {
    "code": "SUCCESS"
} not found. No cache to purge
[2026-03-31 23:56:32] Clearing cache for 2 taxonomy and pagination URLs
[2026-03-31 23:56:32] Compatible cache found : starting server cache purge on Varnish
[2026-03-31 23:56:32] WordPress object cache cleared
[2026-03-31 23:57:19] Starting AutoPurge cache clearing for action [post_updated]... [https://uptech-group.com/blog/?p=2716]
[2026-03-31 23:57:19] Directory for https://uptech-group.com/blog/?p=2716 not found. No cache to purge
[2026-03-31 23:57:19] Directory for https://uptech-group.com/blog/?p=2716 not found. No cache to purge
[2026-03-31 23:57:19] Clearing cache for 2 taxonomy and pagination URLs
[2026-03-31 23:57:19] Compatible cache found : starting server cache purge on Varnish
[2026-03-31 23:57:19] WordPress object cache cleared
[2026-03-31 23:57:19] Starting AutoPurge cache clearing for action [post_updated]... [{
    "code": "SUCCESS"
}]
[2026-03-31 23:57:19] Directory for {
    "code": "SUCCESS"
} not found. No cache to purge
[2026-03-31 23:57:19] Directory for {
    "code": "SUCCESS"
} not found. No cache to purge
[2026-03-31 23:57:19] Clearing cache for 2 taxonomy and pagination URLs
[2026-03-31 23:57:19] Compatible cache found : starting server cache purge on Varnish
[2026-03-31 23:57:19] WordPress object cache cleared
[2026-03-31 23:57:19] Starting AutoPurge cache clearing for action [post_updated]... [https://uptech-group.com/blog/?p=2716]
[2026-03-31 23:57:19] Directory for https://uptech-group.com/blog/?p=2716 not found. No cache to purge
[2026-03-31 23:57:19] Directory for https://uptech-group.com/blog/?p=2716 not found. No cache to purge
[2026-03-31 23:57:19] Clearing cache for 2 taxonomy and pagination URLs
[2026-03-31 23:57:19] Compatible cache found : starting server cache purge on Varnish
[2026-03-31 23:57:19] WordPress object cache cleared
[2026-03-31 23:57:19] Starting AutoPurge cache clearing for action [post_updated]... [{
    "code": "SUCCESS"
}]
[2026-03-31 23:57:19] Directory for {
    "code": "SUCCESS"
} not found. No cache to purge
[2026-03-31 23:57:19] Directory for {
    "code": "SUCCESS"
} not found. No cache to purge
[2026-03-31 23:57:19] Clearing cache for 2 taxonomy and pagination URLs
[2026-03-31 23:57:19] Compatible cache found : starting server cache purge on Varnish
[2026-03-31 23:57:19] WordPress object cache cleared
[2026-04-01 00:02:07] Starting AutoPurge cache clearing for action [post_updated]... [https://uptech-group.com/blog/?p=2716]
[2026-04-01 00:02:07] Directory for https://uptech-group.com/blog/?p=2716 not found. No cache to purge
[2026-04-01 00:02:07] Directory for https://uptech-group.com/blog/?p=2716 not found. No cache to purge
[2026-04-01 00:02:07] Clearing cache for 2 taxonomy and pagination URLs
[2026-04-01 00:02:07] Compatible cache found : starting server cache purge on Varnish
[2026-04-01 00:02:07] WordPress object cache cleared
[2026-04-01 00:02:07] Starting AutoPurge cache clearing for action [post_updated]... [{
    "code": "SUCCESS"
}]
[2026-04-01 00:02:07] Directory for {
    "code": "SUCCESS"
} not found. No cache to purge
[2026-04-01 00:02:07] Directory for {
    "code": "SUCCESS"
} not found. No cache to purge
[2026-04-01 00:02:07] Clearing cache for 2 taxonomy and pagination URLs
[2026-04-01 00:02:07] Compatible cache found : starting server cache purge on Varnish
[2026-04-01 00:02:07] WordPress object cache cleared
[2026-04-01 00:02:07] Starting AutoPurge cache clearing for action [post_updated]... [https://uptech-group.com/blog/?p=2716]
[2026-04-01 00:02:07] Directory for https://uptech-group.com/blog/?p=2716 not found. No cache to purge
[2026-04-01 00:02:07] Directory for https://uptech-group.com/blog/?p=2716 not found. No cache to purge
[2026-04-01 00:02:07] Clearing cache for 2 taxonomy and pagination URLs
[2026-04-01 00:02:07] Compatible cache found : starting server cache purge on Varnish
[2026-04-01 00:02:07] WordPress object cache cleared
[2026-04-01 00:02:07] Starting AutoPurge cache clearing for action [post_updated]... [{
    "code": "SUCCESS"
}]
[2026-04-01 00:02:07] Directory for {
    "code": "SUCCESS"
} not found. No cache to purge
[2026-04-01 00:02:07] Directory for {
    "code": "SUCCESS"
} not found. No cache to purge
[2026-04-01 00:02:07] Clearing cache for 2 taxonomy and pagination URLs
[2026-04-01 00:02:07] Compatible cache found : starting server cache purge on Varnish
[2026-04-01 00:02:07] WordPress object cache cleared
[2026-04-01 00:02:16] Starting AutoPurge cache clearing for action [post_updated]... [https://uptech-group.com/blog/?p=2716]
[2026-04-01 00:02:16] Directory for https://uptech-group.com/blog/?p=2716 not found. No cache to purge
[2026-04-01 00:02:16] Directory for https://uptech-group.com/blog/?p=2716 not found. No cache to purge
[2026-04-01 00:02:16] Clearing cache for 2 taxonomy and pagination URLs
[2026-04-01 00:02:16] Compatible cache found : starting server cache purge on Varnish
[2026-04-01 00:02:16] WordPress object cache cleared
[2026-04-01 00:02:16] Starting AutoPurge cache clearing for action [post_updated]... [{
    "code": "SUCCESS"
}]
[2026-04-01 00:02:16] Directory for {
    "code": "SUCCESS"
} not found. No cache to purge
[2026-04-01 00:02:16] Directory for {
    "code": "SUCCESS"
} not found. No cache to purge
[2026-04-01 00:02:16] Clearing cache for 2 taxonomy and pagination URLs
[2026-04-01 00:02:16] Compatible cache found : starting server cache purge on Varnish
[2026-04-01 00:02:16] WordPress object cache cleared
[2026-04-01 00:02:16] Starting AutoPurge cache clearing for action [post_updated]... [https://uptech-group.com/blog/?p=2716]
[2026-04-01 00:02:16] Directory for https://uptech-group.com/blog/?p=2716 not found. No cache to purge
[2026-04-01 00:02:16] Directory for https://uptech-group.com/blog/?p=2716 not found. No cache to purge
[2026-04-01 00:02:16] Clearing cache for 2 taxonomy and pagination URLs
[2026-04-01 00:02:16] Compatible cache found : starting server cache purge on Varnish
[2026-04-01 00:02:16] WordPress object cache cleared
[2026-04-01 00:02:16] Starting AutoPurge cache clearing for action [post_updated]... [{
    "code": "SUCCESS"
}]
[2026-04-01 00:02:16] Directory for {
    "code": "SUCCESS"
} not found. No cache to purge
[2026-04-01 00:02:16] Directory for {
    "code": "SUCCESS"
} not found. No cache to purge
[2026-04-01 00:02:16] Clearing cache for 2 taxonomy and pagination URLs
[2026-04-01 00:02:16] Compatible cache found : starting server cache purge on Varnish
[2026-04-01 00:02:16] WordPress object cache cleared
[2026-04-01 00:11:12] Starting [FULL] cache clearing for action [customize_save_after]...
[2026-04-01 00:11:12] Compatible cache found : starting server cache purge on Varnish
[2026-04-01 00:11:12] Restarting preload process after cache purge...
[2026-04-01 00:11:12] WordPress object cache cleared
[2026-04-01 00:11:12] Starting [FULL] cache clearing for action [{
    "code": "SUCCESS"
}]...
[2026-04-01 00:11:12] Compatible cache found : starting server cache purge on Varnish
[2026-04-01 00:11:12] Restarting preload process after cache purge...
[2026-04-01 00:11:12] WordPress object cache cleared
[2026-04-01 00:11:12] Starting [FULL] cache clearing for action [customize_save_after]...
[2026-04-01 00:11:12] Compatible cache found : starting server cache purge on Varnish
[2026-04-01 00:11:12] Restarting preload process after cache purge...
[2026-04-01 00:11:12] WordPress object cache cleared
[2026-04-01 00:11:12] Starting [FULL] cache clearing for action [{
    "code": "SUCCESS"
}]...
[2026-04-01 00:11:12] Compatible cache found : starting server cache purge on Varnish
[2026-04-01 00:11:12] Restarting preload process after cache purge...
[2026-04-01 00:11:12] WordPress object cache cleared
[2026-04-01 00:11:12] Starting AutoPurge cache clearing for action [trashed_post]... [https://uptech-group.com/blog/b0604a97-a599-4ba5-838e-d92c43fd2707]
[2026-04-01 00:11:12] Directory for https://uptech-group.com/blog/b0604a97-a599-4ba5-838e-d92c43fd2707 not found. No cache to purge
[2026-04-01 00:11:12] Directory for https://uptech-group.com/blog/b0604a97-a599-4ba5-838e-d92c43fd2707 not found. No cache to purge
[2026-04-01 00:11:12] Clearing cache for 2 taxonomy and pagination URLs
[2026-04-01 00:11:12] Compatible cache found : starting server cache purge on Varnish
[2026-04-01 00:11:12] WordPress object cache cleared
[2026-04-01 00:11:12] Starting AutoPurge cache clearing for action [trashed_post]... [{
    "code": "SUCCESS"
}]
[2026-04-01 00:11:12] Directory for {
    "code": "SUCCESS"
} not found. No cache to purge
[2026-04-01 00:11:12] Directory for {
    "code": "SUCCESS"
} not found. No cache to purge
[2026-04-01 00:11:12] Clearing cache for 2 taxonomy and pagination URLs
[2026-04-01 00:11:12] Compatible cache found : starting server cache purge on Varnish
[2026-04-01 00:11:12] WordPress object cache cleared
[2026-04-01 00:11:12] Starting AutoPurge cache clearing for action [trashed_post]... [https://uptech-group.com/blog/b0604a97-a599-4ba5-838e-d92c43fd2707]
[2026-04-01 00:11:12] Directory for https://uptech-group.com/blog/b0604a97-a599-4ba5-838e-d92c43fd2707 not found. No cache to purge
[2026-04-01 00:11:12] Directory for https://uptech-group.com/blog/b0604a97-a599-4ba5-838e-d92c43fd2707 not found. No cache to purge
[2026-04-01 00:11:12] Clearing cache for 2 taxonomy and pagination URLs
[2026-04-01 00:11:12] Compatible cache found : starting server cache purge on Varnish
[2026-04-01 00:11:12] WordPress object cache cleared
[2026-04-01 00:11:12] Starting AutoPurge cache clearing for action [trashed_post]... [{
    "code": "SUCCESS"
}]
[2026-04-01 00:11:12] Directory for {
    "code": "SUCCESS"
} not found. No cache to purge
[2026-04-01 00:11:12] Directory for {
    "code": "SUCCESS"
} not found. No cache to purge
[2026-04-01 00:11:12] Clearing cache for 2 taxonomy and pagination URLs
[2026-04-01 00:11:12] Compatible cache found : starting server cache purge on Varnish
[2026-04-01 00:11:12] WordPress object cache cleared
[2026-04-01 00:11:12] Starting AutoPurge cache clearing for action [post_updated]... [https://uptech-group.com/blog/?p=2716]
[2026-04-01 00:11:12] Directory for https://uptech-group.com/blog/?p=2716 not found. No cache to purge
[2026-04-01 00:11:12] Directory for https://uptech-group.com/blog/?p=2716 not found. No cache to purge
[2026-04-01 00:11:12] Clearing cache for 2 taxonomy and pagination URLs
[2026-04-01 00:11:12] Compatible cache found : starting server cache purge on Varnish
[2026-04-01 00:11:12] WordPress object cache cleared
[2026-04-01 00:11:12] Starting AutoPurge cache clearing for action [post_updated]... [{
    "code": "SUCCESS"
}]
[2026-04-01 00:11:12] Directory for {
    "code": "SUCCESS"
} not found. No cache to purge
[2026-04-01 00:11:12] Directory for {
    "code": "SUCCESS"
} not found. No cache to purge
[2026-04-01 00:11:12] Clearing cache for 2 taxonomy and pagination URLs
[2026-04-01 00:11:12] Compatible cache found : starting server cache purge on Varnish
[2026-04-01 00:11:12] WordPress object cache cleared
[2026-04-01 00:11:12] Starting AutoPurge cache clearing for action [post_updated]... [https://uptech-group.com/blog/?p=2716]
[2026-04-01 00:11:12] Directory for https://uptech-group.com/blog/?p=2716 not found. No cache to purge
[2026-04-01 00:11:12] Directory for https://uptech-group.com/blog/?p=2716 not found. No cache to purge
[2026-04-01 00:11:12] Clearing cache for 2 taxonomy and pagination URLs
[2026-04-01 00:11:12] Compatible cache found : starting server cache purge on Varnish
[2026-04-01 00:11:12] WordPress object cache cleared
[2026-04-01 00:11:12] Starting AutoPurge cache clearing for action [post_updated]... [{
    "code": "SUCCESS"
}]
[2026-04-01 00:11:12] Directory for {
    "code": "SUCCESS"
} not found. No cache to purge
[2026-04-01 00:11:12] Directory for {
    "code": "SUCCESS"
} not found. No cache to purge
[2026-04-01 00:11:12] Clearing cache for 2 taxonomy and pagination URLs
[2026-04-01 00:11:12] Compatible cache found : starting server cache purge on Varnish
[2026-04-01 00:11:12] WordPress object cache cleared
[2026-04-01 00:11:23] Starting [FULL] cache clearing for action [customize_save_after]...
[2026-04-01 00:11:24] Compatible cache found : starting server cache purge on Varnish
[2026-04-01 00:11:24] Restarting preload process after cache purge...
[2026-04-01 00:11:24] WordPress object cache cleared
[2026-04-01 00:11:24] Starting [FULL] cache clearing for action [{
    "code": "SUCCESS"
}]...
[2026-04-01 00:11:24] Compatible cache found : starting server cache purge on Varnish
[2026-04-01 00:11:24] Restarting preload process after cache purge...
[2026-04-01 00:11:24] WordPress object cache cleared
[2026-04-01 00:11:24] Starting [FULL] cache clearing for action [customize_save_after]...
[2026-04-01 00:11:24] Compatible cache found : starting server cache purge on Varnish
[2026-04-01 00:11:24] Restarting preload process after cache purge...
[2026-04-01 00:11:24] WordPress object cache cleared
[2026-04-01 00:11:24] Starting [FULL] cache clearing for action [{
    "code": "SUCCESS"
}]...
[2026-04-01 00:11:24] Compatible cache found : starting server cache purge on Varnish
[2026-04-01 00:11:24] Restarting preload process after cache purge...
[2026-04-01 00:11:24] WordPress object cache cleared
[2026-04-01 00:11:24] Starting AutoPurge cache clearing for action [trashed_post]... [https://uptech-group.com/blog/90d5e92e-cc2c-4edf-b5ad-f37c7b0d8ef3]
[2026-04-01 00:11:24] Directory for https://uptech-group.com/blog/90d5e92e-cc2c-4edf-b5ad-f37c7b0d8ef3 not found. No cache to purge
[2026-04-01 00:11:24] Directory for https://uptech-group.com/blog/90d5e92e-cc2c-4edf-b5ad-f37c7b0d8ef3 not found. No cache to purge
[2026-04-01 00:11:24] Clearing cache for 2 taxonomy and pagination URLs
[2026-04-01 00:11:24] Compatible cache found : starting server cache purge on Varnish
[2026-04-01 00:11:24] WordPress object cache cleared
[2026-04-01 00:11:24] Starting AutoPurge cache clearing for action [trashed_post]... [{
    "code": "SUCCESS"
}]
[2026-04-01 00:11:24] Directory for {
    "code": "SUCCESS"
} not found. No cache to purge
[2026-04-01 00:11:24] Directory for {
    "code": "SUCCESS"
} not found. No cache to purge
[2026-04-01 00:11:24] Clearing cache for 2 taxonomy and pagination URLs
[2026-04-01 00:11:24] Compatible cache found : starting server cache purge on Varnish
[2026-04-01 00:11:24] WordPress object cache cleared
[2026-04-01 00:11:24] Starting AutoPurge cache clearing for action [trashed_post]... [https://uptech-group.com/blog/90d5e92e-cc2c-4edf-b5ad-f37c7b0d8ef3]
[2026-04-01 00:11:24] Directory for https://uptech-group.com/blog/90d5e92e-cc2c-4edf-b5ad-f37c7b0d8ef3 not found. No cache to purge
[2026-04-01 00:11:24] Directory for https://uptech-group.com/blog/90d5e92e-cc2c-4edf-b5ad-f37c7b0d8ef3 not found. No cache to purge
[2026-04-01 00:11:24] Clearing cache for 2 taxonomy and pagination URLs
[2026-04-01 00:11:24] Compatible cache found : starting server cache purge on Varnish
[2026-04-01 00:11:24] WordPress object cache cleared
[2026-04-01 00:11:24] Starting AutoPurge cache clearing for action [trashed_post]... [{
    "code": "SUCCESS"
}]
[2026-04-01 00:11:24] Directory for {
    "code": "SUCCESS"
} not found. No cache to purge
[2026-04-01 00:11:24] Directory for {
    "code": "SUCCESS"
} not found. No cache to purge
[2026-04-01 00:11:24] Clearing cache for 2 taxonomy and pagination URLs
[2026-04-01 00:11:24] Compatible cache found : starting server cache purge on Varnish
[2026-04-01 00:11:24] WordPress object cache cleared
[2026-04-01 00:12:25] Starting [FULL] cache clearing for action [customize_save_after]...
[2026-04-01 00:12:26] Compatible cache found : starting server cache purge on Varnish
[2026-04-01 00:12:26] Restarting preload process after cache purge...
[2026-04-01 00:12:26] WordPress object cache cleared
[2026-04-01 00:12:26] Starting [FULL] cache clearing for action [{
    "code": "SUCCESS"
}]...
[2026-04-01 00:12:26] Compatible cache found : starting server cache purge on Varnish
[2026-04-01 00:12:26] Restarting preload process after cache purge...
[2026-04-01 00:12:26] WordPress object cache cleared
[2026-04-01 00:12:26] Starting [FULL] cache clearing for action [customize_save_after]...
[2026-04-01 00:12:26] Compatible cache found : starting server cache purge on Varnish
[2026-04-01 00:12:26] Restarting preload process after cache purge...
[2026-04-01 00:12:26] WordPress object cache cleared
[2026-04-01 00:12:26] Starting [FULL] cache clearing for action [{
    "code": "SUCCESS"
}]...
[2026-04-01 00:12:26] Compatible cache found : starting server cache purge on Varnish
[2026-04-01 00:12:26] Restarting preload process after cache purge...
[2026-04-01 00:12:26] WordPress object cache cleared
[2026-04-01 00:12:26] Starting AutoPurge cache clearing for action [trashed_post]... [https://uptech-group.com/blog/efc0749b-c280-4bdc-bee3-57ceb75cfadd]
[2026-04-01 00:12:26] Directory for https://uptech-group.com/blog/efc0749b-c280-4bdc-bee3-57ceb75cfadd not found. No cache to purge
[2026-04-01 00:12:26] Directory for https://uptech-group.com/blog/efc0749b-c280-4bdc-bee3-57ceb75cfadd not found. No cache to purge
[2026-04-01 00:12:26] Clearing cache for 2 taxonomy and pagination URLs
[2026-04-01 00:12:26] Compatible cache found : starting server cache purge on Varnish
[2026-04-01 00:12:26] WordPress object cache cleared
[2026-04-01 00:12:26] Starting AutoPurge cache clearing for action [trashed_post]... [{
    "code": "SUCCESS"
}]
[2026-04-01 00:12:26] Directory for {
    "code": "SUCCESS"
} not found. No cache to purge
[2026-04-01 00:12:26] Directory for {
    "code": "SUCCESS"
} not found. No cache to purge
[2026-04-01 00:12:26] Clearing cache for 2 taxonomy and pagination URLs
[2026-04-01 00:12:26] Compatible cache found : starting server cache purge on Varnish
[2026-04-01 00:12:26] WordPress object cache cleared
[2026-04-01 00:12:26] Starting AutoPurge cache clearing for action [trashed_post]... [https://uptech-group.com/blog/efc0749b-c280-4bdc-bee3-57ceb75cfadd]
[2026-04-01 00:12:26] Directory for https://uptech-group.com/blog/efc0749b-c280-4bdc-bee3-57ceb75cfadd not found. No cache to purge
[2026-04-01 00:12:26] Directory for https://uptech-group.com/blog/efc0749b-c280-4bdc-bee3-57ceb75cfadd not found. No cache to purge
[2026-04-01 00:12:26] Clearing cache for 2 taxonomy and pagination URLs
[2026-04-01 00:12:26] Compatible cache found : starting server cache purge on Varnish
[2026-04-01 00:12:26] WordPress object cache cleared
[2026-04-01 00:12:26] Starting AutoPurge cache clearing for action [trashed_post]... [{
    "code": "SUCCESS"
}]
[2026-04-01 00:12:26] Directory for {
    "code": "SUCCESS"
} not found. No cache to purge
[2026-04-01 00:12:26] Directory for {
    "code": "SUCCESS"
} not found. No cache to purge
[2026-04-01 00:12:26] Clearing cache for 2 taxonomy and pagination URLs
[2026-04-01 00:12:26] Compatible cache found : starting server cache purge on Varnish
[2026-04-01 00:12:26] WordPress object cache cleared
[2026-04-01 00:17:13] Starting AutoPurge cache clearing for action [post_updated]... [https://uptech-group.com/blog/?p=2723]
[2026-04-01 00:17:13] Directory for https://uptech-group.com/blog/?p=2723 not found. No cache to purge
[2026-04-01 00:17:13] Directory for https://uptech-group.com/blog/?p=2723 not found. No cache to purge
[2026-04-01 00:17:13] Clearing cache for 2 taxonomy and pagination URLs
[2026-04-01 00:17:13] Compatible cache found : starting server cache purge on Varnish
[2026-04-01 00:17:13] WordPress object cache cleared
[2026-04-01 00:17:13] Starting AutoPurge cache clearing for action [post_updated]... [{
    "code": "SUCCESS"
}]
[2026-04-01 00:17:13] Directory for {
    "code": "SUCCESS"
} not found. No cache to purge
[2026-04-01 00:17:13] Directory for {
    "code": "SUCCESS"
} not found. No cache to purge
[2026-04-01 00:17:13] Clearing cache for 2 taxonomy and pagination URLs
[2026-04-01 00:17:13] Compatible cache found : starting server cache purge on Varnish
[2026-04-01 00:17:13] WordPress object cache cleared
[2026-04-01 00:17:13] Starting AutoPurge cache clearing for action [post_updated]... [https://uptech-group.com/blog/?p=2723]
[2026-04-01 00:17:13] Directory for https://uptech-group.com/blog/?p=2723 not found. No cache to purge
[2026-04-01 00:17:13] Directory for https://uptech-group.com/blog/?p=2723 not found. No cache to purge
[2026-04-01 00:17:13] Clearing cache for 2 taxonomy and pagination URLs
[2026-04-01 00:17:13] Compatible cache found : starting server cache purge on Varnish
[2026-04-01 00:17:13] WordPress object cache cleared
[2026-04-01 00:17:13] Starting AutoPurge cache clearing for action [post_updated]... [{
    "code": "SUCCESS"
}]
[2026-04-01 00:17:13] Directory for {
    "code": "SUCCESS"
} not found. No cache to purge
[2026-04-01 00:17:13] Directory for {
    "code": "SUCCESS"
} not found. No cache to purge
[2026-04-01 00:17:13] Clearing cache for 2 taxonomy and pagination URLs
[2026-04-01 00:17:13] Compatible cache found : starting server cache purge on Varnish
[2026-04-01 00:17:13] WordPress object cache cleared
[2026-04-01 00:21:17] Starting AutoPurge cache clearing for action [post_updated]... [https://uptech-group.com/blog/?p=2723]
[2026-04-01 00:21:17] Directory for https://uptech-group.com/blog/?p=2723 not found. No cache to purge
[2026-04-01 00:21:17] Directory for https://uptech-group.com/blog/?p=2723 not found. No cache to purge
[2026-04-01 00:21:17] Clearing cache for 2 taxonomy and pagination URLs
[2026-04-01 00:21:17] Compatible cache found : starting server cache purge on Varnish
[2026-04-01 00:21:17] WordPress object cache cleared
[2026-04-01 00:21:17] Starting AutoPurge cache clearing for action [post_updated]... [{
    "code": "SUCCESS"
}]
[2026-04-01 00:21:17] Directory for {
    "code": "SUCCESS"
} not found. No cache to purge
[2026-04-01 00:21:17] Directory for {
    "code": "SUCCESS"
} not found. No cache to purge
[2026-04-01 00:21:17] Clearing cache for 2 taxonomy and pagination URLs
[2026-04-01 00:21:17] Compatible cache found : starting server cache purge on Varnish
[2026-04-01 00:21:17] WordPress object cache cleared
[2026-04-01 00:21:17] Starting AutoPurge cache clearing for action [post_updated]... [https://uptech-group.com/blog/?p=2723]
[2026-04-01 00:21:17] Directory for https://uptech-group.com/blog/?p=2723 not found. No cache to purge
[2026-04-01 00:21:17] Directory for https://uptech-group.com/blog/?p=2723 not found. No cache to purge
[2026-04-01 00:21:17] Clearing cache for 2 taxonomy and pagination URLs
[2026-04-01 00:21:17] Compatible cache found : starting server cache purge on Varnish
[2026-04-01 00:21:17] WordPress object cache cleared
[2026-04-01 00:21:17] Starting AutoPurge cache clearing for action [post_updated]... [{
    "code": "SUCCESS"
}]
[2026-04-01 00:21:17] Directory for {
    "code": "SUCCESS"
} not found. No cache to purge
[2026-04-01 00:21:17] Directory for {
    "code": "SUCCESS"
} not found. No cache to purge
[2026-04-01 00:21:17] Clearing cache for 2 taxonomy and pagination URLs
[2026-04-01 00:21:17] Compatible cache found : starting server cache purge on Varnish
[2026-04-01 00:21:17] WordPress object cache cleared
[2026-04-01 00:22:17] Starting AutoPurge cache clearing for action [post_updated]... [https://uptech-group.com/blog/?p=2723]
[2026-04-01 00:22:17] Directory for https://uptech-group.com/blog/?p=2723 not found. No cache to purge
[2026-04-01 00:22:17] Directory for https://uptech-group.com/blog/?p=2723 not found. No cache to purge
[2026-04-01 00:22:17] Clearing cache for 2 taxonomy and pagination URLs
[2026-04-01 00:22:17] Compatible cache found : starting server cache purge on Varnish
[2026-04-01 00:22:17] WordPress object cache cleared
[2026-04-01 00:22:17] Starting AutoPurge cache clearing for action [post_updated]... [{
    "code": "SUCCESS"
}]
[2026-04-01 00:22:17] Directory for {
    "code": "SUCCESS"
} not found. No cache to purge
[2026-04-01 00:22:17] Directory for {
    "code": "SUCCESS"
} not found. No cache to purge
[2026-04-01 00:22:17] Clearing cache for 2 taxonomy and pagination URLs
[2026-04-01 00:22:17] Compatible cache found : starting server cache purge on Varnish
[2026-04-01 00:22:17] WordPress object cache cleared
[2026-04-01 00:22:17] Starting AutoPurge cache clearing for action [post_updated]... [https://uptech-group.com/blog/?p=2723]
[2026-04-01 00:22:17] Directory for https://uptech-group.com/blog/?p=2723 not found. No cache to purge
[2026-04-01 00:22:17] Directory for https://uptech-group.com/blog/?p=2723 not found. No cache to purge
[2026-04-01 00:22:17] Clearing cache for 2 taxonomy and pagination URLs
[2026-04-01 00:22:17] Compatible cache found : starting server cache purge on Varnish
[2026-04-01 00:22:17] WordPress object cache cleared
[2026-04-01 00:22:17] Starting AutoPurge cache clearing for action [post_updated]... [{
    "code": "SUCCESS"
}]
[2026-04-01 00:22:17] Directory for {
    "code": "SUCCESS"
} not found. No cache to purge
[2026-04-01 00:22:17] Directory for {
    "code": "SUCCESS"
} not found. No cache to purge
[2026-04-01 00:22:17] Clearing cache for 2 taxonomy and pagination URLs
[2026-04-01 00:22:18] Compatible cache found : starting server cache purge on Varnish
[2026-04-01 00:22:18] WordPress object cache cleared
[2026-04-01 00:23:17] Starting AutoPurge cache clearing for action [post_updated]... [https://uptech-group.com/blog/?p=2723]
[2026-04-01 00:23:17] Directory for https://uptech-group.com/blog/?p=2723 not found. No cache to purge
[2026-04-01 00:23:17] Directory for https://uptech-group.com/blog/?p=2723 not found. No cache to purge
[2026-04-01 00:23:17] Clearing cache for 2 taxonomy and pagination URLs
[2026-04-01 00:23:17] Compatible cache found : starting server cache purge on Varnish
[2026-04-01 00:23:17] WordPress object cache cleared
[2026-04-01 00:23:17] Starting AutoPurge cache clearing for action [post_updated]... [{
    "code": "SUCCESS"
}]
[2026-04-01 00:23:17] Directory for {
    "code": "SUCCESS"
} not found. No cache to purge
[2026-04-01 00:23:17] Directory for {
    "code": "SUCCESS"
} not found. No cache to purge
[2026-04-01 00:23:17] Clearing cache for 2 taxonomy and pagination URLs
[2026-04-01 00:23:17] Compatible cache found : starting server cache purge on Varnish
[2026-04-01 00:23:17] WordPress object cache cleared
[2026-04-01 00:23:17] Starting AutoPurge cache clearing for action [post_updated]... [https://uptech-group.com/blog/?p=2723]
[2026-04-01 00:23:17] Directory for https://uptech-group.com/blog/?p=2723 not found. No cache to purge
[2026-04-01 00:23:17] Directory for https://uptech-group.com/blog/?p=2723 not found. No cache to purge
[2026-04-01 00:23:17] Clearing cache for 2 taxonomy and pagination URLs
[2026-04-01 00:23:17] Compatible cache found : starting server cache purge on Varnish
[2026-04-01 00:23:17] WordPress object cache cleared
[2026-04-01 00:23:17] Starting AutoPurge cache clearing for action [post_updated]... [{
    "code": "SUCCESS"
}]
[2026-04-01 00:23:17] Directory for {
    "code": "SUCCESS"
} not found. No cache to purge
[2026-04-01 00:23:17] Directory for {
    "code": "SUCCESS"
} not found. No cache to purge
[2026-04-01 00:23:17] Clearing cache for 2 taxonomy and pagination URLs
[2026-04-01 00:23:17] Compatible cache found : starting server cache purge on Varnish
[2026-04-01 00:23:17] WordPress object cache cleared
[2026-04-01 00:24:17] Starting AutoPurge cache clearing for action [post_updated]... [https://uptech-group.com/blog/?p=2723]
[2026-04-01 00:24:17] Directory for https://uptech-group.com/blog/?p=2723 not found. No cache to purge
[2026-04-01 00:24:17] Directory for https://uptech-group.com/blog/?p=2723 not found. No cache to purge
[2026-04-01 00:24:17] Clearing cache for 2 taxonomy and pagination URLs
[2026-04-01 00:24:17] Compatible cache found : starting server cache purge on Varnish
[2026-04-01 00:24:17] WordPress object cache cleared
[2026-04-01 00:24:17] Starting AutoPurge cache clearing for action [post_updated]... [{
    "code": "SUCCESS"
}]
[2026-04-01 00:24:17] Directory for {
    "code": "SUCCESS"
} not found. No cache to purge
[2026-04-01 00:24:17] Directory for {
    "code": "SUCCESS"
} not found. No cache to purge
[2026-04-01 00:24:17] Clearing cache for 2 taxonomy and pagination URLs
[2026-04-01 00:24:17] Compatible cache found : starting server cache purge on Varnish
[2026-04-01 00:24:17] WordPress object cache cleared
[2026-04-01 00:24:17] Starting AutoPurge cache clearing for action [post_updated]... [https://uptech-group.com/blog/?p=2723]
[2026-04-01 00:24:17] Directory for https://uptech-group.com/blog/?p=2723 not found. No cache to purge
[2026-04-01 00:24:17] Directory for https://uptech-group.com/blog/?p=2723 not found. No cache to purge
[2026-04-01 00:24:17] Clearing cache for 2 taxonomy and pagination URLs
[2026-04-01 00:24:17] Compatible cache found : starting server cache purge on Varnish
[2026-04-01 00:24:17] WordPress object cache cleared
[2026-04-01 00:24:17] Starting AutoPurge cache clearing for action [post_updated]... [{
    "code": "SUCCESS"
}]
[2026-04-01 00:24:17] Directory for {
    "code": "SUCCESS"
} not found. No cache to purge
[2026-04-01 00:24:17] Directory for {
    "code": "SUCCESS"
} not found. No cache to purge
[2026-04-01 00:24:18] Clearing cache for 2 taxonomy and pagination URLs
[2026-04-01 00:24:18] Compatible cache found : starting server cache purge on Varnish
[2026-04-01 00:24:18] WordPress object cache cleared
[2026-04-01 00:25:17] Starting AutoPurge cache clearing for action [post_updated]... [https://uptech-group.com/blog/?p=2723]
[2026-04-01 00:25:17] Directory for https://uptech-group.com/blog/?p=2723 not found. No cache to purge
[2026-04-01 00:25:17] Directory for https://uptech-group.com/blog/?p=2723 not found. No cache to purge
[2026-04-01 00:25:17] Clearing cache for 2 taxonomy and pagination URLs
[2026-04-01 00:25:17] Compatible cache found : starting server cache purge on Varnish
[2026-04-01 00:25:17] WordPress object cache cleared
[2026-04-01 00:25:17] Starting AutoPurge cache clearing for action [post_updated]... [{
    "code": "SUCCESS"
}]
[2026-04-01 00:25:17] Directory for {
    "code": "SUCCESS"
} not found. No cache to purge
[2026-04-01 00:25:17] Directory for {
    "code": "SUCCESS"
} not found. No cache to purge
[2026-04-01 00:25:17] Clearing cache for 2 taxonomy and pagination URLs
[2026-04-01 00:25:17] Compatible cache found : starting server cache purge on Varnish
[2026-04-01 00:25:17] WordPress object cache cleared
[2026-04-01 00:25:17] Starting AutoPurge cache clearing for action [post_updated]... [https://uptech-group.com/blog/?p=2723]
[2026-04-01 00:25:17] Directory for https://uptech-group.com/blog/?p=2723 not found. No cache to purge
[2026-04-01 00:25:17] Directory for https://uptech-group.com/blog/?p=2723 not found. No cache to purge
[2026-04-01 00:25:17] Clearing cache for 2 taxonomy and pagination URLs
[2026-04-01 00:25:17] Compatible cache found : starting server cache purge on Varnish
[2026-04-01 00:25:17] WordPress object cache cleared
[2026-04-01 00:25:17] Starting AutoPurge cache clearing for action [post_updated]... [{
    "code": "SUCCESS"
}]
[2026-04-01 00:25:17] Directory for {
    "code": "SUCCESS"
} not found. No cache to purge
[2026-04-01 00:25:17] Directory for {
    "code": "SUCCESS"
} not found. No cache to purge
[2026-04-01 00:25:17] Clearing cache for 2 taxonomy and pagination URLs
[2026-04-01 00:25:18] Compatible cache found : starting server cache purge on Varnish
[2026-04-01 00:25:18] WordPress object cache cleared
[2026-04-01 00:29:18] Starting AutoPurge cache clearing for action [post_updated]... [https://uptech-group.com/blog/?p=2723]
[2026-04-01 00:29:18] Directory for https://uptech-group.com/blog/?p=2723 not found. No cache to purge
[2026-04-01 00:29:18] Directory for https://uptech-group.com/blog/?p=2723 not found. No cache to purge
[2026-04-01 00:29:18] Clearing cache for 2 taxonomy and pagination URLs
[2026-04-01 00:29:18] Compatible cache found : starting server cache purge on Varnish
[2026-04-01 00:29:18] WordPress object cache cleared
[2026-04-01 00:29:18] Starting AutoPurge cache clearing for action [post_updated]... [{
    "code": "SUCCESS"
}]
[2026-04-01 00:29:18] Directory for {
    "code": "SUCCESS"
} not found. No cache to purge
[2026-04-01 00:29:18] Directory for {
    "code": "SUCCESS"
} not found. No cache to purge
[2026-04-01 00:29:18] Clearing cache for 2 taxonomy and pagination URLs
[2026-04-01 00:29:18] Compatible cache found : starting server cache purge on Varnish
[2026-04-01 00:29:18] WordPress object cache cleared
[2026-04-01 00:29:18] Starting AutoPurge cache clearing for action [post_updated]... [https://uptech-group.com/blog/?p=2723]
[2026-04-01 00:29:18] Directory for https://uptech-group.com/blog/?p=2723 not found. No cache to purge
[2026-04-01 00:29:18] Directory for https://uptech-group.com/blog/?p=2723 not found. No cache to purge
[2026-04-01 00:29:18] Clearing cache for 2 taxonomy and pagination URLs
[2026-04-01 00:29:19] Compatible cache found : starting server cache purge on Varnish
[2026-04-01 00:29:19] WordPress object cache cleared
[2026-04-01 00:29:19] Starting AutoPurge cache clearing for action [post_updated]... [{
    "code": "SUCCESS"
}]
[2026-04-01 00:29:19] Directory for {
    "code": "SUCCESS"
} not found. No cache to purge
[2026-04-01 00:29:19] Directory for {
    "code": "SUCCESS"
} not found. No cache to purge
[2026-04-01 00:29:19] Clearing cache for 2 taxonomy and pagination URLs
[2026-04-01 00:29:19] Compatible cache found : starting server cache purge on Varnish
[2026-04-01 00:29:19] WordPress object cache cleared
[2026-04-01 00:31:12] Starting AutoPurge cache clearing for action [post_updated]... [https://uptech-group.com/blog/?p=2723]
[2026-04-01 00:31:12] Directory for https://uptech-group.com/blog/?p=2723 not found. No cache to purge
[2026-04-01 00:31:12] Directory for https://uptech-group.com/blog/?p=2723 not found. No cache to purge
[2026-04-01 00:31:12] Clearing cache for 2 taxonomy and pagination URLs
[2026-04-01 00:31:12] Compatible cache found : starting server cache purge on Varnish
[2026-04-01 00:31:12] WordPress object cache cleared
[2026-04-01 00:31:12] Starting AutoPurge cache clearing for action [post_updated]... [{
    "code": "SUCCESS"
}]
[2026-04-01 00:31:12] Directory for {
    "code": "SUCCESS"
} not found. No cache to purge
[2026-04-01 00:31:12] Directory for {
    "code": "SUCCESS"
} not found. No cache to purge
[2026-04-01 00:31:13] Clearing cache for 2 taxonomy and pagination URLs
[2026-04-01 00:31:13] Compatible cache found : starting server cache purge on Varnish
[2026-04-01 00:31:13] WordPress object cache cleared
[2026-04-01 00:31:13] Starting AutoPurge cache clearing for action [post_updated]... [https://uptech-group.com/blog/?p=2723]
[2026-04-01 00:31:13] Directory for https://uptech-group.com/blog/?p=2723 not found. No cache to purge
[2026-04-01 00:31:13] Directory for https://uptech-group.com/blog/?p=2723 not found. No cache to purge
[2026-04-01 00:31:13] Clearing cache for 2 taxonomy and pagination URLs
[2026-04-01 00:31:13] Compatible cache found : starting server cache purge on Varnish
[2026-04-01 00:31:13] WordPress object cache cleared
[2026-04-01 00:31:13] Starting AutoPurge cache clearing for action [post_updated]... [{
    "code": "SUCCESS"
}]
[2026-04-01 00:31:13] Directory for {
    "code": "SUCCESS"
} not found. No cache to purge
[2026-04-01 00:31:13] Directory for {
    "code": "SUCCESS"
} not found. No cache to purge
[2026-04-01 00:31:13] Clearing cache for 2 taxonomy and pagination URLs
[2026-04-01 00:31:13] Compatible cache found : starting server cache purge on Varnish
[2026-04-01 00:31:13] WordPress object cache cleared
[2026-04-01 00:32:13] Starting AutoPurge cache clearing for action [post_updated]... [https://uptech-group.com/blog/?p=2723]
[2026-04-01 00:32:13] Directory for https://uptech-group.com/blog/?p=2723 not found. No cache to purge
[2026-04-01 00:32:13] Directory for https://uptech-group.com/blog/?p=2723 not found. No cache to purge
[2026-04-01 00:32:13] Clearing cache for 2 taxonomy and pagination URLs
[2026-04-01 00:32:13] Compatible cache found : starting server cache purge on Varnish
[2026-04-01 00:32:13] WordPress object cache cleared
[2026-04-01 00:32:13] Starting AutoPurge cache clearing for action [post_updated]... [{
    "code": "SUCCESS"
}]
[2026-04-01 00:32:13] Directory for {
    "code": "SUCCESS"
} not found. No cache to purge
[2026-04-01 00:32:13] Directory for {
    "code": "SUCCESS"
} not found. No cache to purge
[2026-04-01 00:32:13] Clearing cache for 2 taxonomy and pagination URLs
[2026-04-01 00:32:13] Compatible cache found : starting server cache purge on Varnish
[2026-04-01 00:32:13] WordPress object cache cleared
[2026-04-01 00:32:13] Starting AutoPurge cache clearing for action [post_updated]... [https://uptech-group.com/blog/?p=2723]
[2026-04-01 00:32:13] Directory for https://uptech-group.com/blog/?p=2723 not found. No cache to purge
[2026-04-01 00:32:13] Directory for https://uptech-group.com/blog/?p=2723 not found. No cache to purge
[2026-04-01 00:32:13] Clearing cache for 2 taxonomy and pagination URLs
[2026-04-01 00:32:13] Compatible cache found : starting server cache purge on Varnish
[2026-04-01 00:32:13] WordPress object cache cleared
[2026-04-01 00:32:13] Starting AutoPurge cache clearing for action [post_updated]... [{
    "code": "SUCCESS"
}]
[2026-04-01 00:32:13] Directory for {
    "code": "SUCCESS"
} not found. No cache to purge
[2026-04-01 00:32:13] Directory for {
    "code": "SUCCESS"
} not found. No cache to purge
[2026-04-01 00:32:13] Clearing cache for 2 taxonomy and pagination URLs
[2026-04-01 00:32:13] Compatible cache found : starting server cache purge on Varnish
[2026-04-01 00:32:13] WordPress object cache cleared
[2026-04-01 00:33:13] Starting AutoPurge cache clearing for action [post_updated]... [https://uptech-group.com/blog/?p=2723]
[2026-04-01 00:33:13] Directory for https://uptech-group.com/blog/?p=2723 not found. No cache to purge
[2026-04-01 00:33:13] Directory for https://uptech-group.com/blog/?p=2723 not found. No cache to purge
[2026-04-01 00:33:13] Clearing cache for 2 taxonomy and pagination URLs
[2026-04-01 00:33:13] Compatible cache found : starting server cache purge on Varnish
[2026-04-01 00:33:13] WordPress object cache cleared
[2026-04-01 00:33:13] Starting AutoPurge cache clearing for action [post_updated]... [{
    "code": "SUCCESS"
}]
[2026-04-01 00:33:13] Directory for {
    "code": "SUCCESS"
} not found. No cache to purge
[2026-04-01 00:33:13] Directory for {
    "code": "SUCCESS"
} not found. No cache to purge
[2026-04-01 00:33:13] Clearing cache for 2 taxonomy and pagination URLs
[2026-04-01 00:33:13] Compatible cache found : starting server cache purge on Varnish
[2026-04-01 00:33:13] WordPress object cache cleared
[2026-04-01 00:33:13] Starting AutoPurge cache clearing for action [post_updated]... [https://uptech-group.com/blog/?p=2723]
[2026-04-01 00:33:13] Directory for https://uptech-group.com/blog/?p=2723 not found. No cache to purge
[2026-04-01 00:33:13] Directory for https://uptech-group.com/blog/?p=2723 not found. No cache to purge
[2026-04-01 00:33:13] Clearing cache for 2 taxonomy and pagination URLs
[2026-04-01 00:33:13] Compatible cache found : starting server cache purge on Varnish
[2026-04-01 00:33:13] WordPress object cache cleared
[2026-04-01 00:33:13] Starting AutoPurge cache clearing for action [post_updated]... [{
    "code": "SUCCESS"
}]
[2026-04-01 00:33:13] Directory for {
    "code": "SUCCESS"
} not found. No cache to purge
[2026-04-01 00:33:13] Directory for {
    "code": "SUCCESS"
} not found. No cache to purge
[2026-04-01 00:33:13] Clearing cache for 2 taxonomy and pagination URLs
[2026-04-01 00:33:13] Compatible cache found : starting server cache purge on Varnish
[2026-04-01 00:33:13] WordPress object cache cleared
[2026-04-01 00:37:34] Starting AutoPurge cache clearing for action [post_updated]... [https://uptech-group.com/blog/]
[2026-04-01 00:37:34] Directory for https://uptech-group.com/blog/ not found. No cache to purge
[2026-04-01 00:37:34] Removed cache files from desktop specific cache (/home/c2761235c/public_html/blog/wp-content/cache/lwsoptimize/cache//blog/)
[2026-04-01 00:37:34] Clearing cache for 2 taxonomy and pagination URLs
[2026-04-01 00:37:34] Compatible cache found : starting server cache purge on Varnish
[2026-04-01 00:37:34] WordPress object cache cleared
[2026-04-01 00:37:34] Starting AutoPurge cache clearing for action [post_updated]... [{
    "code": "SUCCESS"
}]
[2026-04-01 00:37:34] Directory for {
    "code": "SUCCESS"
} not found. No cache to purge
[2026-04-01 00:37:34] Clearing cache for 2 taxonomy and pagination URLs
[2026-04-01 00:37:34] Compatible cache found : starting server cache purge on Varnish
[2026-04-01 00:37:34] WordPress object cache cleared
[2026-04-01 00:37:34] Starting AutoPurge cache clearing for action [post_updated]... [https://uptech-group.com/blog/]
[2026-04-01 00:37:34] Directory for https://uptech-group.com/blog/ not found. No cache to purge
[2026-04-01 00:37:34] Clearing cache for 2 taxonomy and pagination URLs
[2026-04-01 00:37:34] Compatible cache found : starting server cache purge on Varnish
[2026-04-01 00:37:34] WordPress object cache cleared
[2026-04-01 00:37:34] Starting AutoPurge cache clearing for action [post_updated]... [{
    "code": "SUCCESS"
}]
[2026-04-01 00:37:34] Directory for {
    "code": "SUCCESS"
} not found. No cache to purge
[2026-04-01 00:37:34] Clearing cache for 2 taxonomy and pagination URLs
[2026-04-01 00:37:34] Compatible cache found : starting server cache purge on Varnish
[2026-04-01 00:37:34] WordPress object cache cleared
[2026-04-01 00:44:52] Starting AutoPurge cache clearing for action [post_updated]... [https://uptech-group.com/blog/?p=2723]
[2026-04-01 00:44:52] Directory for https://uptech-group.com/blog/?p=2723 not found. No cache to purge
[2026-04-01 00:44:52] Directory for https://uptech-group.com/blog/?p=2723 not found. No cache to purge
[2026-04-01 00:44:52] Removed cache files from main desktop cache (/home/c2761235c/public_html/blog/wp-content/cache/lwsoptimize/cache/blog)
[2026-04-01 00:44:52] Clearing cache for 2 taxonomy and pagination URLs
[2026-04-01 00:44:52] Compatible cache found : starting server cache purge on Varnish
[2026-04-01 00:44:52] WordPress object cache cleared
[2026-04-01 00:44:52] Starting AutoPurge cache clearing for action [post_updated]... [{
    "code": "SUCCESS"
}]
[2026-04-01 00:44:52] Directory for {
    "code": "SUCCESS"
} not found. No cache to purge
[2026-04-01 00:44:52] Clearing cache for 2 taxonomy and pagination URLs
[2026-04-01 00:44:52] Compatible cache found : starting server cache purge on Varnish
[2026-04-01 00:44:52] WordPress object cache cleared
[2026-04-01 00:44:52] Starting AutoPurge cache clearing for action [post_updated]... [https://uptech-group.com/blog/?p=2723]
[2026-04-01 00:44:52] Directory for https://uptech-group.com/blog/?p=2723 not found. No cache to purge
[2026-04-01 00:44:52] Directory for https://uptech-group.com/blog/?p=2723 not found. No cache to purge
[2026-04-01 00:44:52] Clearing cache for 2 taxonomy and pagination URLs
[2026-04-01 00:44:52] Compatible cache found : starting server cache purge on Varnish
[2026-04-01 00:44:52] WordPress object cache cleared
[2026-04-01 00:44:52] Starting AutoPurge cache clearing for action [post_updated]... [{
    "code": "SUCCESS"
}]
[2026-04-01 00:44:52] Directory for {
    "code": "SUCCESS"
} not found. No cache to purge
[2026-04-01 00:44:52] Clearing cache for 2 taxonomy and pagination URLs
[2026-04-01 00:44:52] Compatible cache found : starting server cache purge on Varnish
[2026-04-01 00:44:52] WordPress object cache cleared
[2026-04-01 00:45:52] Starting AutoPurge cache clearing for action [post_updated]... [https://uptech-group.com/blog/?p=2723]
[2026-04-01 00:45:52] Directory for https://uptech-group.com/blog/?p=2723 not found. No cache to purge
[2026-04-01 00:45:52] Directory for https://uptech-group.com/blog/?p=2723 not found. No cache to purge
[2026-04-01 00:45:52] Clearing cache for 2 taxonomy and pagination URLs
[2026-04-01 00:45:52] Compatible cache found : starting server cache purge on Varnish
[2026-04-01 00:45:52] WordPress object cache cleared
[2026-04-01 00:45:52] Starting AutoPurge cache clearing for action [post_updated]... [{
    "code": "SUCCESS"
}]
[2026-04-01 00:45:52] Directory for {
    "code": "SUCCESS"
} not found. No cache to purge
[2026-04-01 00:45:52] Clearing cache for 2 taxonomy and pagination URLs
[2026-04-01 00:45:52] Compatible cache found : starting server cache purge on Varnish
[2026-04-01 00:45:52] WordPress object cache cleared
[2026-04-01 00:45:52] Starting AutoPurge cache clearing for action [post_updated]... [https://uptech-group.com/blog/?p=2723]
[2026-04-01 00:45:52] Directory for https://uptech-group.com/blog/?p=2723 not found. No cache to purge
[2026-04-01 00:45:52] Directory for https://uptech-group.com/blog/?p=2723 not found. No cache to purge
[2026-04-01 00:45:52] Clearing cache for 2 taxonomy and pagination URLs
[2026-04-01 00:45:52] Compatible cache found : starting server cache purge on Varnish
[2026-04-01 00:45:52] WordPress object cache cleared
[2026-04-01 00:45:52] Starting AutoPurge cache clearing for action [post_updated]... [{
    "code": "SUCCESS"
}]
[2026-04-01 00:45:52] Directory for {
    "code": "SUCCESS"
} not found. No cache to purge
[2026-04-01 00:45:52] Clearing cache for 2 taxonomy and pagination URLs
[2026-04-01 00:45:52] Compatible cache found : starting server cache purge on Varnish
[2026-04-01 00:45:52] WordPress object cache cleared
[2026-04-01 00:46:53] Starting AutoPurge cache clearing for action [post_updated]... [https://uptech-group.com/blog/?p=2723]
[2026-04-01 00:46:53] Directory for https://uptech-group.com/blog/?p=2723 not found. No cache to purge
[2026-04-01 00:46:53] Directory for https://uptech-group.com/blog/?p=2723 not found. No cache to purge
[2026-04-01 00:46:53] Clearing cache for 2 taxonomy and pagination URLs
[2026-04-01 00:46:53] Compatible cache found : starting server cache purge on Varnish
[2026-04-01 00:46:53] WordPress object cache cleared
[2026-04-01 00:46:53] Starting AutoPurge cache clearing for action [post_updated]... [{
    "code": "SUCCESS"
}]
[2026-04-01 00:46:53] Directory for {
    "code": "SUCCESS"
} not found. No cache to purge
[2026-04-01 00:46:53] Clearing cache for 2 taxonomy and pagination URLs
[2026-04-01 00:46:53] Compatible cache found : starting server cache purge on Varnish
[2026-04-01 00:46:53] WordPress object cache cleared
[2026-04-01 00:46:53] Starting AutoPurge cache clearing for action [post_updated]... [https://uptech-group.com/blog/?p=2723]
[2026-04-01 00:46:53] Directory for https://uptech-group.com/blog/?p=2723 not found. No cache to purge
[2026-04-01 00:46:53] Directory for https://uptech-group.com/blog/?p=2723 not found. No cache to purge
[2026-04-01 00:46:53] Clearing cache for 2 taxonomy and pagination URLs
[2026-04-01 00:46:53] Compatible cache found : starting server cache purge on Varnish
[2026-04-01 00:46:53] WordPress object cache cleared
[2026-04-01 00:46:53] Starting AutoPurge cache clearing for action [post_updated]... [{
    "code": "SUCCESS"
}]
[2026-04-01 00:46:53] Directory for {
    "code": "SUCCESS"
} not found. No cache to purge
[2026-04-01 00:46:53] Clearing cache for 2 taxonomy and pagination URLs
[2026-04-01 00:46:53] Compatible cache found : starting server cache purge on Varnish
[2026-04-01 00:46:53] WordPress object cache cleared
[2026-04-01 00:48:54] Starting AutoPurge cache clearing for action [post_updated]... [https://uptech-group.com/blog/?p=2723]
[2026-04-01 00:48:54] Directory for https://uptech-group.com/blog/?p=2723 not found. No cache to purge
[2026-04-01 00:48:54] Directory for https://uptech-group.com/blog/?p=2723 not found. No cache to purge
[2026-04-01 00:48:54] Clearing cache for 2 taxonomy and pagination URLs
[2026-04-01 00:48:54] Compatible cache found : starting server cache purge on Varnish
[2026-04-01 00:48:54] WordPress object cache cleared
[2026-04-01 00:48:54] Starting AutoPurge cache clearing for action [post_updated]... [{
    "code": "SUCCESS"
}]
[2026-04-01 00:48:54] Directory for {
    "code": "SUCCESS"
} not found. No cache to purge
[2026-04-01 00:48:54] Clearing cache for 2 taxonomy and pagination URLs
[2026-04-01 00:48:54] Compatible cache found : starting server cache purge on Varnish
[2026-04-01 00:48:54] WordPress object cache cleared
[2026-04-01 00:48:54] Starting AutoPurge cache clearing for action [post_updated]... [https://uptech-group.com/blog/?p=2723]
[2026-04-01 00:48:54] Directory for https://uptech-group.com/blog/?p=2723 not found. No cache to purge
[2026-04-01 00:48:54] Directory for https://uptech-group.com/blog/?p=2723 not found. No cache to purge
[2026-04-01 00:48:54] Clearing cache for 2 taxonomy and pagination URLs
[2026-04-01 00:48:54] Compatible cache found : starting server cache purge on Varnish
[2026-04-01 00:48:54] WordPress object cache cleared
[2026-04-01 00:48:54] Starting AutoPurge cache clearing for action [post_updated]... [{
    "code": "SUCCESS"
}]
[2026-04-01 00:48:54] Directory for {
    "code": "SUCCESS"
} not found. No cache to purge
[2026-04-01 00:48:54] Clearing cache for 2 taxonomy and pagination URLs
[2026-04-01 00:48:54] Compatible cache found : starting server cache purge on Varnish
[2026-04-01 00:48:54] WordPress object cache cleared
[2026-04-01 00:49:54] Starting AutoPurge cache clearing for action [post_updated]... [https://uptech-group.com/blog/?p=2723]
[2026-04-01 00:49:54] Directory for https://uptech-group.com/blog/?p=2723 not found. No cache to purge
[2026-04-01 00:49:54] Directory for https://uptech-group.com/blog/?p=2723 not found. No cache to purge
[2026-04-01 00:49:54] Clearing cache for 2 taxonomy and pagination URLs
[2026-04-01 00:49:54] Compatible cache found : starting server cache purge on Varnish
[2026-04-01 00:49:54] WordPress object cache cleared
[2026-04-01 00:49:54] Starting AutoPurge cache clearing for action [post_updated]... [{
    "code": "SUCCESS"
}]
[2026-04-01 00:49:54] Directory for {
    "code": "SUCCESS"
} not found. No cache to purge
[2026-04-01 00:49:54] Clearing cache for 2 taxonomy and pagination URLs
[2026-04-01 00:49:54] Compatible cache found : starting server cache purge on Varnish
[2026-04-01 00:49:54] WordPress object cache cleared
[2026-04-01 00:49:54] Starting AutoPurge cache clearing for action [post_updated]... [https://uptech-group.com/blog/?p=2723]
[2026-04-01 00:49:54] Directory for https://uptech-group.com/blog/?p=2723 not found. No cache to purge
[2026-04-01 00:49:54] Directory for https://uptech-group.com/blog/?p=2723 not found. No cache to purge
[2026-04-01 00:49:54] Clearing cache for 2 taxonomy and pagination URLs
[2026-04-01 00:49:54] Compatible cache found : starting server cache purge on Varnish
[2026-04-01 00:49:54] WordPress object cache cleared
[2026-04-01 00:49:54] Starting AutoPurge cache clearing for action [post_updated]... [{
    "code": "SUCCESS"
}]
[2026-04-01 00:49:54] Directory for {
    "code": "SUCCESS"
} not found. No cache to purge
[2026-04-01 00:49:54] Clearing cache for 2 taxonomy and pagination URLs
[2026-04-01 00:49:54] Compatible cache found : starting server cache purge on Varnish
[2026-04-01 00:49:54] WordPress object cache cleared
[2026-04-01 00:55:55] Starting AutoPurge cache clearing for action [post_updated]... [https://uptech-group.com/blog/?p=2723]
[2026-04-01 00:55:55] Directory for https://uptech-group.com/blog/?p=2723 not found. No cache to purge
[2026-04-01 00:55:55] Directory for https://uptech-group.com/blog/?p=2723 not found. No cache to purge
[2026-04-01 00:55:55] Clearing cache for 2 taxonomy and pagination URLs
[2026-04-01 00:55:55] Compatible cache found : starting server cache purge on Varnish
[2026-04-01 00:55:55] WordPress object cache cleared
[2026-04-01 00:55:55] Starting AutoPurge cache clearing for action [post_updated]... [{
    "code": "SUCCESS"
}]
[2026-04-01 00:55:55] Directory for {
    "code": "SUCCESS"
} not found. No cache to purge
[2026-04-01 00:55:55] Clearing cache for 2 taxonomy and pagination URLs
[2026-04-01 00:55:55] Compatible cache found : starting server cache purge on Varnish
[2026-04-01 00:55:55] WordPress object cache cleared
[2026-04-01 00:55:55] Starting AutoPurge cache clearing for action [post_updated]... [https://uptech-group.com/blog/?p=2723]
[2026-04-01 00:55:55] Directory for https://uptech-group.com/blog/?p=2723 not found. No cache to purge
[2026-04-01 00:55:55] Directory for https://uptech-group.com/blog/?p=2723 not found. No cache to purge
[2026-04-01 00:55:55] Clearing cache for 2 taxonomy and pagination URLs
[2026-04-01 00:55:55] Compatible cache found : starting server cache purge on Varnish
[2026-04-01 00:55:55] WordPress object cache cleared
[2026-04-01 00:55:55] Starting AutoPurge cache clearing for action [post_updated]... [{
    "code": "SUCCESS"
}]
[2026-04-01 00:55:55] Directory for {
    "code": "SUCCESS"
} not found. No cache to purge
[2026-04-01 00:55:55] Clearing cache for 2 taxonomy and pagination URLs
[2026-04-01 00:55:55] Compatible cache found : starting server cache purge on Varnish
[2026-04-01 00:55:55] WordPress object cache cleared
[2026-04-01 00:56:55] Starting AutoPurge cache clearing for action [post_updated]... [https://uptech-group.com/blog/?p=2723]
[2026-04-01 00:56:55] Directory for https://uptech-group.com/blog/?p=2723 not found. No cache to purge
[2026-04-01 00:56:55] Directory for https://uptech-group.com/blog/?p=2723 not found. No cache to purge
[2026-04-01 00:56:55] Clearing cache for 2 taxonomy and pagination URLs
[2026-04-01 00:56:55] Compatible cache found : starting server cache purge on Varnish
[2026-04-01 00:56:55] WordPress object cache cleared
[2026-04-01 00:56:55] Starting AutoPurge cache clearing for action [post_updated]... [{
    "code": "SUCCESS"
}]
[2026-04-01 00:56:55] Directory for {
    "code": "SUCCESS"
} not found. No cache to purge
[2026-04-01 00:56:55] Clearing cache for 2 taxonomy and pagination URLs
[2026-04-01 00:56:55] Compatible cache found : starting server cache purge on Varnish
[2026-04-01 00:56:55] WordPress object cache cleared
[2026-04-01 00:56:55] Starting AutoPurge cache clearing for action [post_updated]... [https://uptech-group.com/blog/?p=2723]
[2026-04-01 00:56:55] Directory for https://uptech-group.com/blog/?p=2723 not found. No cache to purge
[2026-04-01 00:56:55] Directory for https://uptech-group.com/blog/?p=2723 not found. No cache to purge
[2026-04-01 00:56:55] Clearing cache for 2 taxonomy and pagination URLs
[2026-04-01 00:56:55] Compatible cache found : starting server cache purge on Varnish
[2026-04-01 00:56:55] WordPress object cache cleared
[2026-04-01 00:56:55] Starting AutoPurge cache clearing for action [post_updated]... [{
    "code": "SUCCESS"
}]
[2026-04-01 00:56:55] Directory for {
    "code": "SUCCESS"
} not found. No cache to purge
[2026-04-01 00:56:55] Clearing cache for 2 taxonomy and pagination URLs
[2026-04-01 00:56:55] Compatible cache found : starting server cache purge on Varnish
[2026-04-01 00:56:55] WordPress object cache cleared
[2026-04-01 00:57:55] Starting AutoPurge cache clearing for action [post_updated]... [https://uptech-group.com/blog/?p=2723]
[2026-04-01 00:57:55] Directory for https://uptech-group.com/blog/?p=2723 not found. No cache to purge
[2026-04-01 00:57:55] Directory for https://uptech-group.com/blog/?p=2723 not found. No cache to purge
[2026-04-01 00:57:55] Clearing cache for 2 taxonomy and pagination URLs
[2026-04-01 00:57:55] Compatible cache found : starting server cache purge on Varnish
[2026-04-01 00:57:55] WordPress object cache cleared
[2026-04-01 00:57:55] Starting AutoPurge cache clearing for action [post_updated]... [{
    "code": "SUCCESS"
}]
[2026-04-01 00:57:55] Directory for {
    "code": "SUCCESS"
} not found. No cache to purge
[2026-04-01 00:57:55] Clearing cache for 2 taxonomy and pagination URLs
[2026-04-01 00:57:55] Compatible cache found : starting server cache purge on Varnish
[2026-04-01 00:57:55] WordPress object cache cleared
[2026-04-01 00:57:55] Starting AutoPurge cache clearing for action [post_updated]... [https://uptech-group.com/blog/?p=2723]
[2026-04-01 00:57:55] Directory for https://uptech-group.com/blog/?p=2723 not found. No cache to purge
[2026-04-01 00:57:55] Directory for https://uptech-group.com/blog/?p=2723 not found. No cache to purge
[2026-04-01 00:57:55] Clearing cache for 2 taxonomy and pagination URLs
[2026-04-01 00:57:55] Compatible cache found : starting server cache purge on Varnish
[2026-04-01 00:57:55] WordPress object cache cleared
[2026-04-01 00:57:55] Starting AutoPurge cache clearing for action [post_updated]... [{
    "code": "SUCCESS"
}]
[2026-04-01 00:57:55] Directory for {
    "code": "SUCCESS"
} not found. No cache to purge
[2026-04-01 00:57:55] Clearing cache for 2 taxonomy and pagination URLs
[2026-04-01 00:57:55] Compatible cache found : starting server cache purge on Varnish
[2026-04-01 00:57:55] WordPress object cache cleared
[2026-04-01 00:58:55] Starting AutoPurge cache clearing for action [post_updated]... [https://uptech-group.com/blog/?p=2723]
[2026-04-01 00:58:55] Directory for https://uptech-group.com/blog/?p=2723 not found. No cache to purge
[2026-04-01 00:58:55] Directory for https://uptech-group.com/blog/?p=2723 not found. No cache to purge
[2026-04-01 00:58:55] Clearing cache for 2 taxonomy and pagination URLs
[2026-04-01 00:58:55] Compatible cache found : starting server cache purge on Varnish
[2026-04-01 00:58:55] WordPress object cache cleared
[2026-04-01 00:58:55] Starting AutoPurge cache clearing for action [post_updated]... [{
    "code": "SUCCESS"
}]
[2026-04-01 00:58:55] Directory for {
    "code": "SUCCESS"
} not found. No cache to purge
[2026-04-01 00:58:55] Clearing cache for 2 taxonomy and pagination URLs
[2026-04-01 00:58:55] Compatible cache found : starting server cache purge on Varnish
[2026-04-01 00:58:55] WordPress object cache cleared
[2026-04-01 00:58:55] Starting AutoPurge cache clearing for action [post_updated]... [https://uptech-group.com/blog/?p=2723]
[2026-04-01 00:58:55] Directory for https://uptech-group.com/blog/?p=2723 not found. No cache to purge
[2026-04-01 00:58:55] Directory for https://uptech-group.com/blog/?p=2723 not found. No cache to purge
[2026-04-01 00:58:55] Clearing cache for 2 taxonomy and pagination URLs
[2026-04-01 00:58:55] Compatible cache found : starting server cache purge on Varnish
[2026-04-01 00:58:55] WordPress object cache cleared
[2026-04-01 00:58:55] Starting AutoPurge cache clearing for action [post_updated]... [{
    "code": "SUCCESS"
}]
[2026-04-01 00:58:55] Directory for {
    "code": "SUCCESS"
} not found. No cache to purge
[2026-04-01 00:58:55] Clearing cache for 2 taxonomy and pagination URLs
[2026-04-01 00:58:55] Compatible cache found : starting server cache purge on Varnish
[2026-04-01 00:58:55] WordPress object cache cleared
[2026-04-01 00:59:55] Starting AutoPurge cache clearing for action [post_updated]... [https://uptech-group.com/blog/?p=2723]
[2026-04-01 00:59:55] Directory for https://uptech-group.com/blog/?p=2723 not found. No cache to purge
[2026-04-01 00:59:55] Directory for https://uptech-group.com/blog/?p=2723 not found. No cache to purge
[2026-04-01 00:59:55] Clearing cache for 2 taxonomy and pagination URLs
[2026-04-01 00:59:55] Compatible cache found : starting server cache purge on Varnish
[2026-04-01 00:59:55] WordPress object cache cleared
[2026-04-01 00:59:55] Starting AutoPurge cache clearing for action [post_updated]... [{
    "code": "SUCCESS"
}]
[2026-04-01 00:59:55] Directory for {
    "code": "SUCCESS"
} not found. No cache to purge
[2026-04-01 00:59:55] Clearing cache for 2 taxonomy and pagination URLs
[2026-04-01 00:59:55] Compatible cache found : starting server cache purge on Varnish
[2026-04-01 00:59:55] WordPress object cache cleared
[2026-04-01 00:59:55] Starting AutoPurge cache clearing for action [post_updated]... [https://uptech-group.com/blog/?p=2723]
[2026-04-01 00:59:55] Directory for https://uptech-group.com/blog/?p=2723 not found. No cache to purge
[2026-04-01 00:59:55] Directory for https://uptech-group.com/blog/?p=2723 not found. No cache to purge
[2026-04-01 00:59:55] Clearing cache for 2 taxonomy and pagination URLs
[2026-04-01 00:59:55] Compatible cache found : starting server cache purge on Varnish
[2026-04-01 00:59:55] WordPress object cache cleared
[2026-04-01 00:59:55] Starting AutoPurge cache clearing for action [post_updated]... [{
    "code": "SUCCESS"
}]
[2026-04-01 00:59:55] Directory for {
    "code": "SUCCESS"
} not found. No cache to purge
[2026-04-01 00:59:55] Clearing cache for 2 taxonomy and pagination URLs
[2026-04-01 00:59:55] Compatible cache found : starting server cache purge on Varnish
[2026-04-01 00:59:55] WordPress object cache cleared
[2026-04-01 00:59:59] Starting AutoPurge cache clearing for action [post_updated]... [https://uptech-group.com/blog/]
[2026-04-01 00:59:59] Directory for https://uptech-group.com/blog/ not found. No cache to purge
[2026-04-01 00:59:59] Clearing cache for 2 taxonomy and pagination URLs
[2026-04-01 00:59:59] Compatible cache found : starting server cache purge on Varnish
[2026-04-01 00:59:59] WordPress object cache cleared
[2026-04-01 00:59:59] Starting AutoPurge cache clearing for action [post_updated]... [{
    "code": "SUCCESS"
}]
[2026-04-01 00:59:59] Directory for {
    "code": "SUCCESS"
} not found. No cache to purge
[2026-04-01 00:59:59] Clearing cache for 2 taxonomy and pagination URLs
[2026-04-01 00:59:59] Compatible cache found : starting server cache purge on Varnish
[2026-04-01 00:59:59] WordPress object cache cleared
[2026-04-01 00:59:59] Starting AutoPurge cache clearing for action [post_updated]... [https://uptech-group.com/blog/]
[2026-04-01 00:59:59] Directory for https://uptech-group.com/blog/ not found. No cache to purge
[2026-04-01 00:59:59] Clearing cache for 2 taxonomy and pagination URLs
[2026-04-01 00:59:59] Compatible cache found : starting server cache purge on Varnish
[2026-04-01 00:59:59] WordPress object cache cleared
[2026-04-01 00:59:59] Starting AutoPurge cache clearing for action [post_updated]... [{
    "code": "SUCCESS"
}]
[2026-04-01 00:59:59] Directory for {
    "code": "SUCCESS"
} not found. No cache to purge
[2026-04-01 00:59:59] Clearing cache for 2 taxonomy and pagination URLs
[2026-04-01 00:59:59] Compatible cache found : starting server cache purge on Varnish
[2026-04-01 00:59:59] WordPress object cache cleared
[2026-04-01 01:03:22] Starting AutoPurge cache clearing for action [post_updated]... [https://uptech-group.com/blog/]
[2026-04-01 01:03:22] Directory for https://uptech-group.com/blog/ not found. No cache to purge
[2026-04-01 01:03:22] Clearing cache for 2 taxonomy and pagination URLs
[2026-04-01 01:03:22] Compatible cache found : starting server cache purge on Varnish
[2026-04-01 01:03:22] WordPress object cache cleared
[2026-04-01 01:03:22] Starting AutoPurge cache clearing for action [post_updated]... [{
    "code": "SUCCESS"
}]
[2026-04-01 01:03:22] Directory for {
    "code": "SUCCESS"
} not found. No cache to purge
[2026-04-01 01:03:22] Clearing cache for 2 taxonomy and pagination URLs
[2026-04-01 01:03:22] Compatible cache found : starting server cache purge on Varnish
[2026-04-01 01:03:22] WordPress object cache cleared
[2026-04-01 01:03:22] Starting AutoPurge cache clearing for action [post_updated]... [https://uptech-group.com/blog/]
[2026-04-01 01:03:22] Directory for https://uptech-group.com/blog/ not found. No cache to purge
[2026-04-01 01:03:22] Clearing cache for 2 taxonomy and pagination URLs
[2026-04-01 01:03:23] Compatible cache found : starting server cache purge on Varnish
[2026-04-01 01:03:23] WordPress object cache cleared
[2026-04-01 01:03:23] Starting AutoPurge cache clearing for action [post_updated]... [{
    "code": "SUCCESS"
}]
[2026-04-01 01:03:23] Directory for {
    "code": "SUCCESS"
} not found. No cache to purge
[2026-04-01 01:03:23] Clearing cache for 2 taxonomy and pagination URLs
[2026-04-01 01:03:23] Compatible cache found : starting server cache purge on Varnish
[2026-04-01 01:03:23] WordPress object cache cleared
[2026-04-01 01:07:00] Starting AutoPurge cache clearing for action [post_updated]... [https://uptech-group.com/blog/?p=2723]
[2026-04-01 01:07:00] Directory for https://uptech-group.com/blog/?p=2723 not found. No cache to purge
[2026-04-01 01:07:00] Directory for https://uptech-group.com/blog/?p=2723 not found. No cache to purge
[2026-04-01 01:07:00] Clearing cache for 2 taxonomy and pagination URLs
[2026-04-01 01:07:00] Compatible cache found : starting server cache purge on Varnish
[2026-04-01 01:07:00] WordPress object cache cleared
[2026-04-01 01:07:00] Starting AutoPurge cache clearing for action [post_updated]... [{
    "code": "SUCCESS"
}]
[2026-04-01 01:07:00] Directory for {
    "code": "SUCCESS"
} not found. No cache to purge
[2026-04-01 01:07:00] Clearing cache for 2 taxonomy and pagination URLs
[2026-04-01 01:07:00] Compatible cache found : starting server cache purge on Varnish
[2026-04-01 01:07:00] WordPress object cache cleared
[2026-04-01 01:07:00] Starting AutoPurge cache clearing for action [post_updated]... [https://uptech-group.com/blog/?p=2723]
[2026-04-01 01:07:00] Directory for https://uptech-group.com/blog/?p=2723 not found. No cache to purge
[2026-04-01 01:07:00] Directory for https://uptech-group.com/blog/?p=2723 not found. No cache to purge
[2026-04-01 01:07:00] Clearing cache for 2 taxonomy and pagination URLs
[2026-04-01 01:07:00] Compatible cache found : starting server cache purge on Varnish
[2026-04-01 01:07:00] WordPress object cache cleared
[2026-04-01 01:07:00] Starting AutoPurge cache clearing for action [post_updated]... [{
    "code": "SUCCESS"
}]
[2026-04-01 01:07:00] Directory for {
    "code": "SUCCESS"
} not found. No cache to purge
[2026-04-01 01:07:00] Clearing cache for 2 taxonomy and pagination URLs
[2026-04-01 01:07:00] Compatible cache found : starting server cache purge on Varnish
[2026-04-01 01:07:00] WordPress object cache cleared
[2026-04-01 01:07:40] Starting AutoPurge cache clearing for action [post_updated]... [https://uptech-group.com/blog/]
[2026-04-01 01:07:40] Directory for https://uptech-group.com/blog/ not found. No cache to purge
[2026-04-01 01:07:40] Clearing cache for 2 taxonomy and pagination URLs
[2026-04-01 01:07:40] Compatible cache found : starting server cache purge on Varnish
[2026-04-01 01:07:40] WordPress object cache cleared
[2026-04-01 01:07:40] Starting AutoPurge cache clearing for action [post_updated]... [{
    "code": "SUCCESS"
}]
[2026-04-01 01:07:40] Directory for {
    "code": "SUCCESS"
} not found. No cache to purge
[2026-04-01 01:07:40] Clearing cache for 2 taxonomy and pagination URLs
[2026-04-01 01:07:40] Compatible cache found : starting server cache purge on Varnish
[2026-04-01 01:07:40] WordPress object cache cleared
[2026-04-01 01:07:40] Starting AutoPurge cache clearing for action [post_updated]... [https://uptech-group.com/blog/]
[2026-04-01 01:07:40] Directory for https://uptech-group.com/blog/ not found. No cache to purge
[2026-04-01 01:07:40] Clearing cache for 2 taxonomy and pagination URLs
[2026-04-01 01:07:40] Compatible cache found : starting server cache purge on Varnish
[2026-04-01 01:07:40] WordPress object cache cleared
[2026-04-01 01:07:40] Starting AutoPurge cache clearing for action [post_updated]... [{
    "code": "SUCCESS"
}]
[2026-04-01 01:07:40] Directory for {
    "code": "SUCCESS"
} not found. No cache to purge
[2026-04-01 01:07:40] Clearing cache for 2 taxonomy and pagination URLs
[2026-04-01 01:07:40] Compatible cache found : starting server cache purge on Varnish
[2026-04-01 01:07:40] WordPress object cache cleared
[2026-04-01 01:09:04] Starting AutoPurge cache clearing for action [deleted_post]... [https://uptech-group.com/blog/2568-autosave-v1]
[2026-04-01 01:09:04] Directory for https://uptech-group.com/blog/2568-autosave-v1 not found. No cache to purge
[2026-04-01 01:09:04] Directory for https://uptech-group.com/blog/2568-autosave-v1 not found. No cache to purge
[2026-04-01 01:09:04] Removed cache files from main desktop cache (/home/c2761235c/public_html/blog/wp-content/cache/lwsoptimize/cache/blog)
[2026-04-01 01:09:04] Clearing cache for 2 taxonomy and pagination URLs
[2026-04-01 01:09:04] Compatible cache found : starting server cache purge on Varnish
[2026-04-01 01:09:04] WordPress object cache cleared
[2026-04-01 01:09:04] Starting AutoPurge cache clearing for action [deleted_post]... [{
    "code": "SUCCESS"
}]
[2026-04-01 01:09:04] Directory for {
    "code": "SUCCESS"
} not found. No cache to purge
[2026-04-01 01:09:04] Clearing cache for 2 taxonomy and pagination URLs
[2026-04-01 01:09:04] Compatible cache found : starting server cache purge on Varnish
[2026-04-01 01:09:04] WordPress object cache cleared
[2026-04-01 01:12:03] Starting AutoPurge cache clearing for action [post_updated]... [https://uptech-group.com/blog/?page_id=2482]
[2026-04-01 01:12:03] Directory for https://uptech-group.com/blog/?page_id=2482 not found. No cache to purge
[2026-04-01 01:12:03] Directory for https://uptech-group.com/blog/?page_id=2482 not found. No cache to purge
[2026-04-01 01:12:03] Removed cache files from main desktop cache (/home/c2761235c/public_html/blog/wp-content/cache/lwsoptimize/cache/blog)
[2026-04-01 01:12:03] Clearing cache for 2 taxonomy and pagination URLs
[2026-04-01 01:12:03] Compatible cache found : starting server cache purge on Varnish
[2026-04-01 01:12:03] WordPress object cache cleared
[2026-04-01 01:12:03] Starting AutoPurge cache clearing for action [post_updated]... [{
    "code": "SUCCESS"
}]
[2026-04-01 01:12:04] Directory for {
    "code": "SUCCESS"
} not found. No cache to purge
[2026-04-01 01:12:04] Clearing cache for 2 taxonomy and pagination URLs
[2026-04-01 01:12:04] Compatible cache found : starting server cache purge on Varnish
[2026-04-01 01:12:04] WordPress object cache cleared
[2026-04-01 01:12:04] Starting AutoPurge cache clearing for action [post_updated]... [https://uptech-group.com/blog/?page_id=2482]
[2026-04-01 01:12:04] Directory for https://uptech-group.com/blog/?page_id=2482 not found. No cache to purge
[2026-04-01 01:12:04] Directory for https://uptech-group.com/blog/?page_id=2482 not found. No cache to purge
[2026-04-01 01:12:04] Clearing cache for 2 taxonomy and pagination URLs
[2026-04-01 01:12:04] Compatible cache found : starting server cache purge on Varnish
[2026-04-01 01:12:04] WordPress object cache cleared
[2026-04-01 01:12:04] Starting AutoPurge cache clearing for action [post_updated]... [{
    "code": "SUCCESS"
}]
[2026-04-01 01:12:04] Directory for {
    "code": "SUCCESS"
} not found. No cache to purge
[2026-04-01 01:12:04] Clearing cache for 2 taxonomy and pagination URLs
[2026-04-01 01:12:04] Compatible cache found : starting server cache purge on Varnish
[2026-04-01 01:12:04] WordPress object cache cleared
[2026-04-01 01:12:04] Starting AutoPurge cache clearing for action [trashed_post]... [https://uptech-group.com/blog/about]
[2026-04-01 01:12:04] Directory for https://uptech-group.com/blog/about not found. No cache to purge
[2026-04-01 01:12:04] Directory for https://uptech-group.com/blog/about not found. No cache to purge
[2026-04-01 01:12:04] Clearing cache for 2 taxonomy and pagination URLs
[2026-04-01 01:12:04] Compatible cache found : starting server cache purge on Varnish
[2026-04-01 01:12:04] WordPress object cache cleared
[2026-04-01 01:12:04] Starting AutoPurge cache clearing for action [trashed_post]... [{
    "code": "SUCCESS"
}]
[2026-04-01 01:12:04] Directory for {
    "code": "SUCCESS"
} not found. No cache to purge
[2026-04-01 01:12:04] Clearing cache for 2 taxonomy and pagination URLs
[2026-04-01 01:12:04] Compatible cache found : starting server cache purge on Varnish
[2026-04-01 01:12:04] WordPress object cache cleared
[2026-04-01 01:12:04] Starting AutoPurge cache clearing for action [trashed_post]... [https://uptech-group.com/blog/about]
[2026-04-01 01:12:04] Directory for https://uptech-group.com/blog/about not found. No cache to purge
[2026-04-01 01:12:04] Directory for https://uptech-group.com/blog/about not found. No cache to purge
[2026-04-01 01:12:04] Clearing cache for 2 taxonomy and pagination URLs
[2026-04-01 01:12:04] Compatible cache found : starting server cache purge on Varnish
[2026-04-01 01:12:04] WordPress object cache cleared
[2026-04-01 01:12:04] Starting AutoPurge cache clearing for action [trashed_post]... [{
    "code": "SUCCESS"
}]
[2026-04-01 01:12:04] Directory for {
    "code": "SUCCESS"
} not found. No cache to purge
[2026-04-01 01:12:04] Clearing cache for 2 taxonomy and pagination URLs
[2026-04-01 01:12:04] Compatible cache found : starting server cache purge on Varnish
[2026-04-01 01:12:04] WordPress object cache cleared
[2026-04-01 01:12:12] Starting AutoPurge cache clearing for action [post_updated]... [https://uptech-group.com/blog/?page_id=2131]
[2026-04-01 01:12:12] Directory for https://uptech-group.com/blog/?page_id=2131 not found. No cache to purge
[2026-04-01 01:12:12] Directory for https://uptech-group.com/blog/?page_id=2131 not found. No cache to purge
[2026-04-01 01:12:12] Clearing cache for 2 taxonomy and pagination URLs
[2026-04-01 01:12:12] Compatible cache found : starting server cache purge on Varnish
[2026-04-01 01:12:12] WordPress object cache cleared
[2026-04-01 01:12:12] Starting AutoPurge cache clearing for action [post_updated]... [{
    "code": "SUCCESS"
}]
[2026-04-01 01:12:12] Directory for {
    "code": "SUCCESS"
} not found. No cache to purge
[2026-04-01 01:12:12] Clearing cache for 2 taxonomy and pagination URLs
[2026-04-01 01:12:12] Compatible cache found : starting server cache purge on Varnish
[2026-04-01 01:12:12] WordPress object cache cleared
[2026-04-01 01:12:12] Starting AutoPurge cache clearing for action [post_updated]... [https://uptech-group.com/blog/?page_id=2131]
[2026-04-01 01:12:12] Directory for https://uptech-group.com/blog/?page_id=2131 not found. No cache to purge
[2026-04-01 01:12:12] Directory for https://uptech-group.com/blog/?page_id=2131 not found. No cache to purge
[2026-04-01 01:12:12] Clearing cache for 2 taxonomy and pagination URLs
[2026-04-01 01:12:12] Compatible cache found : starting server cache purge on Varnish
[2026-04-01 01:12:12] WordPress object cache cleared
[2026-04-01 01:12:12] Starting AutoPurge cache clearing for action [post_updated]... [{
    "code": "SUCCESS"
}]
[2026-04-01 01:12:12] Directory for {
    "code": "SUCCESS"
} not found. No cache to purge
[2026-04-01 01:12:12] Clearing cache for 2 taxonomy and pagination URLs
[2026-04-01 01:12:12] Compatible cache found : starting server cache purge on Varnish
[2026-04-01 01:12:12] WordPress object cache cleared
[2026-04-01 01:12:12] Starting AutoPurge cache clearing for action [trashed_post]... [https://uptech-group.com/blog/contact]
[2026-04-01 01:12:12] Directory for https://uptech-group.com/blog/contact not found. No cache to purge
[2026-04-01 01:12:12] Directory for https://uptech-group.com/blog/contact not found. No cache to purge
[2026-04-01 01:12:12] Clearing cache for 2 taxonomy and pagination URLs
[2026-04-01 01:12:12] Compatible cache found : starting server cache purge on Varnish
[2026-04-01 01:12:12] WordPress object cache cleared
[2026-04-01 01:12:12] Starting AutoPurge cache clearing for action [trashed_post]... [{
    "code": "SUCCESS"
}]
[2026-04-01 01:12:12] Directory for {
    "code": "SUCCESS"
} not found. No cache to purge
[2026-04-01 01:12:12] Clearing cache for 2 taxonomy and pagination URLs
[2026-04-01 01:12:12] Compatible cache found : starting server cache purge on Varnish
[2026-04-01 01:12:12] WordPress object cache cleared
[2026-04-01 01:12:12] Starting AutoPurge cache clearing for action [trashed_post]... [https://uptech-group.com/blog/contact]
[2026-04-01 01:12:12] Directory for https://uptech-group.com/blog/contact not found. No cache to purge
[2026-04-01 01:12:12] Directory for https://uptech-group.com/blog/contact not found. No cache to purge
[2026-04-01 01:12:12] Clearing cache for 2 taxonomy and pagination URLs
[2026-04-01 01:12:12] Compatible cache found : starting server cache purge on Varnish
[2026-04-01 01:12:12] WordPress object cache cleared
[2026-04-01 01:12:12] Starting AutoPurge cache clearing for action [trashed_post]... [{
    "code": "SUCCESS"
}]
[2026-04-01 01:12:12] Directory for {
    "code": "SUCCESS"
} not found. No cache to purge
[2026-04-01 01:12:12] Clearing cache for 2 taxonomy and pagination URLs
[2026-04-01 01:12:12] Compatible cache found : starting server cache purge on Varnish
[2026-04-01 01:12:12] WordPress object cache cleared
[2026-04-01 01:12:16] Starting AutoPurge cache clearing for action [post_updated]... [https://uptech-group.com/blog/?page_id=2374]
[2026-04-01 01:12:16] Directory for https://uptech-group.com/blog/?page_id=2374 not found. No cache to purge
[2026-04-01 01:12:16] Directory for https://uptech-group.com/blog/?page_id=2374 not found. No cache to purge
[2026-04-01 01:12:16] Clearing cache for 2 taxonomy and pagination URLs
[2026-04-01 01:12:16] Compatible cache found : starting server cache purge on Varnish
[2026-04-01 01:12:16] WordPress object cache cleared
[2026-04-01 01:12:16] Starting AutoPurge cache clearing for action [post_updated]... [{
    "code": "SUCCESS"
}]
[2026-04-01 01:12:16] Directory for {
    "code": "SUCCESS"
} not found. No cache to purge
[2026-04-01 01:12:16] Clearing cache for 2 taxonomy and pagination URLs
[2026-04-01 01:12:16] Compatible cache found : starting server cache purge on Varnish
[2026-04-01 01:12:16] WordPress object cache cleared
[2026-04-01 01:12:16] Starting AutoPurge cache clearing for action [post_updated]... [https://uptech-group.com/blog/?page_id=2374]
[2026-04-01 01:12:16] Directory for https://uptech-group.com/blog/?page_id=2374 not found. No cache to purge
[2026-04-01 01:12:16] Directory for https://uptech-group.com/blog/?page_id=2374 not found. No cache to purge
[2026-04-01 01:12:16] Clearing cache for 2 taxonomy and pagination URLs
[2026-04-01 01:12:16] Compatible cache found : starting server cache purge on Varnish
[2026-04-01 01:12:16] WordPress object cache cleared
[2026-04-01 01:12:16] Starting AutoPurge cache clearing for action [post_updated]... [{
    "code": "SUCCESS"
}]
[2026-04-01 01:12:16] Directory for {
    "code": "SUCCESS"
} not found. No cache to purge
[2026-04-01 01:12:16] Clearing cache for 2 taxonomy and pagination URLs
[2026-04-01 01:12:16] Compatible cache found : starting server cache purge on Varnish
[2026-04-01 01:12:16] WordPress object cache cleared
[2026-04-01 01:12:16] Starting AutoPurge cache clearing for action [trashed_post]... [https://uptech-group.com/blog/portfolio-single-page]
[2026-04-01 01:12:16] Directory for https://uptech-group.com/blog/portfolio-single-page not found. No cache to purge
[2026-04-01 01:12:16] Directory for https://uptech-group.com/blog/portfolio-single-page not found. No cache to purge
[2026-04-01 01:12:16] Clearing cache for 2 taxonomy and pagination URLs
[2026-04-01 01:12:16] Compatible cache found : starting server cache purge on Varnish
[2026-04-01 01:12:16] WordPress object cache cleared
[2026-04-01 01:12:16] Starting AutoPurge cache clearing for action [trashed_post]... [{
    "code": "SUCCESS"
}]
[2026-04-01 01:12:16] Directory for {
    "code": "SUCCESS"
} not found. No cache to purge
[2026-04-01 01:12:16] Clearing cache for 2 taxonomy and pagination URLs
[2026-04-01 01:12:16] Compatible cache found : starting server cache purge on Varnish
[2026-04-01 01:12:16] WordPress object cache cleared
[2026-04-01 01:12:16] Starting AutoPurge cache clearing for action [trashed_post]... [https://uptech-group.com/blog/portfolio-single-page]
[2026-04-01 01:12:16] Directory for https://uptech-group.com/blog/portfolio-single-page not found. No cache to purge
[2026-04-01 01:12:16] Directory for https://uptech-group.com/blog/portfolio-single-page not found. No cache to purge
[2026-04-01 01:12:16] Clearing cache for 2 taxonomy and pagination URLs
[2026-04-01 01:12:16] Compatible cache found : starting server cache purge on Varnish
[2026-04-01 01:12:16] WordPress object cache cleared
[2026-04-01 01:12:16] Starting AutoPurge cache clearing for action [trashed_post]... [{
    "code": "SUCCESS"
}]
[2026-04-01 01:12:16] Directory for {
    "code": "SUCCESS"
} not found. No cache to purge
[2026-04-01 01:12:16] Clearing cache for 2 taxonomy and pagination URLs
[2026-04-01 01:12:16] Compatible cache found : starting server cache purge on Varnish
[2026-04-01 01:12:16] WordPress object cache cleared
[2026-04-01 01:12:18] Starting AutoPurge cache clearing for action [post_updated]... [https://uptech-group.com/blog/?page_id=2353]
[2026-04-01 01:12:18] Directory for https://uptech-group.com/blog/?page_id=2353 not found. No cache to purge
[2026-04-01 01:12:18] Directory for https://uptech-group.com/blog/?page_id=2353 not found. No cache to purge
[2026-04-01 01:12:18] Clearing cache for 2 taxonomy and pagination URLs
[2026-04-01 01:12:18] Compatible cache found : starting server cache purge on Varnish
[2026-04-01 01:12:18] WordPress object cache cleared
[2026-04-01 01:12:18] Starting AutoPurge cache clearing for action [post_updated]... [{
    "code": "SUCCESS"
}]
[2026-04-01 01:12:18] Directory for {
    "code": "SUCCESS"
} not found. No cache to purge
[2026-04-01 01:12:18] Clearing cache for 2 taxonomy and pagination URLs
[2026-04-01 01:12:18] Compatible cache found : starting server cache purge on Varnish
[2026-04-01 01:12:18] WordPress object cache cleared
[2026-04-01 01:12:18] Starting AutoPurge cache clearing for action [post_updated]... [https://uptech-group.com/blog/?page_id=2353]
[2026-04-01 01:12:18] Directory for https://uptech-group.com/blog/?page_id=2353 not found. No cache to purge
[2026-04-01 01:12:18] Directory for https://uptech-group.com/blog/?page_id=2353 not found. No cache to purge
[2026-04-01 01:12:18] Clearing cache for 2 taxonomy and pagination URLs
[2026-04-01 01:12:18] Compatible cache found : starting server cache purge on Varnish
[2026-04-01 01:12:18] WordPress object cache cleared
[2026-04-01 01:12:18] Starting AutoPurge cache clearing for action [post_updated]... [{
    "code": "SUCCESS"
}]
[2026-04-01 01:12:18] Directory for {
    "code": "SUCCESS"
} not found. No cache to purge
[2026-04-01 01:12:18] Clearing cache for 2 taxonomy and pagination URLs
[2026-04-01 01:12:18] Compatible cache found : starting server cache purge on Varnish
[2026-04-01 01:12:18] WordPress object cache cleared
[2026-04-01 01:12:18] Starting AutoPurge cache clearing for action [trashed_post]... [https://uptech-group.com/blog/portfolio]
[2026-04-01 01:12:18] Directory for https://uptech-group.com/blog/portfolio not found. No cache to purge
[2026-04-01 01:12:18] Directory for https://uptech-group.com/blog/portfolio not found. No cache to purge
[2026-04-01 01:12:18] Clearing cache for 2 taxonomy and pagination URLs
[2026-04-01 01:12:18] Compatible cache found : starting server cache purge on Varnish
[2026-04-01 01:12:18] WordPress object cache cleared
[2026-04-01 01:12:18] Starting AutoPurge cache clearing for action [trashed_post]... [{
    "code": "SUCCESS"
}]
[2026-04-01 01:12:18] Directory for {
    "code": "SUCCESS"
} not found. No cache to purge
[2026-04-01 01:12:18] Clearing cache for 2 taxonomy and pagination URLs
[2026-04-01 01:12:18] Compatible cache found : starting server cache purge on Varnish
[2026-04-01 01:12:18] WordPress object cache cleared
[2026-04-01 01:12:18] Starting AutoPurge cache clearing for action [trashed_post]... [https://uptech-group.com/blog/portfolio]
[2026-04-01 01:12:18] Directory for https://uptech-group.com/blog/portfolio not found. No cache to purge
[2026-04-01 01:12:18] Directory for https://uptech-group.com/blog/portfolio not found. No cache to purge
[2026-04-01 01:12:18] Clearing cache for 2 taxonomy and pagination URLs
[2026-04-01 01:12:18] Compatible cache found : starting server cache purge on Varnish
[2026-04-01 01:12:18] WordPress object cache cleared
[2026-04-01 01:12:18] Starting AutoPurge cache clearing for action [trashed_post]... [{
    "code": "SUCCESS"
}]
[2026-04-01 01:12:18] Directory for {
    "code": "SUCCESS"
} not found. No cache to purge
[2026-04-01 01:12:18] Clearing cache for 2 taxonomy and pagination URLs
[2026-04-01 01:12:18] Compatible cache found : starting server cache purge on Varnish
[2026-04-01 01:12:18] WordPress object cache cleared
[2026-04-01 01:12:23] Starting AutoPurge cache clearing for action [post_updated]... [https://uptech-group.com/blog/?page_id=2198]
[2026-04-01 01:12:23] Directory for https://uptech-group.com/blog/?page_id=2198 not found. No cache to purge
[2026-04-01 01:12:23] Directory for https://uptech-group.com/blog/?page_id=2198 not found. No cache to purge
[2026-04-01 01:12:23] Clearing cache for 2 taxonomy and pagination URLs
[2026-04-01 01:12:23] Compatible cache found : starting server cache purge on Varnish
[2026-04-01 01:12:23] WordPress object cache cleared
[2026-04-01 01:12:23] Starting AutoPurge cache clearing for action [post_updated]... [{
    "code": "SUCCESS"
}]
[2026-04-01 01:12:23] Directory for {
    "code": "SUCCESS"
} not found. No cache to purge
[2026-04-01 01:12:23] Clearing cache for 2 taxonomy and pagination URLs
[2026-04-01 01:12:23] Compatible cache found : starting server cache purge on Varnish
[2026-04-01 01:12:23] WordPress object cache cleared
[2026-04-01 01:12:23] Starting AutoPurge cache clearing for action [post_updated]... [https://uptech-group.com/blog/?page_id=2198]
[2026-04-01 01:12:23] Directory for https://uptech-group.com/blog/?page_id=2198 not found. No cache to purge
[2026-04-01 01:12:23] Directory for https://uptech-group.com/blog/?page_id=2198 not found. No cache to purge
[2026-04-01 01:12:23] Clearing cache for 2 taxonomy and pagination URLs
[2026-04-01 01:12:23] Compatible cache found : starting server cache purge on Varnish
[2026-04-01 01:12:23] WordPress object cache cleared
[2026-04-01 01:12:23] Starting AutoPurge cache clearing for action [post_updated]... [{
    "code": "SUCCESS"
}]
[2026-04-01 01:12:23] Directory for {
    "code": "SUCCESS"
} not found. No cache to purge
[2026-04-01 01:12:23] Clearing cache for 2 taxonomy and pagination URLs
[2026-04-01 01:12:23] Compatible cache found : starting server cache purge on Varnish
[2026-04-01 01:12:23] WordPress object cache cleared
[2026-04-01 01:12:23] Starting AutoPurge cache clearing for action [trashed_post]... [https://uptech-group.com/blog/services]
[2026-04-01 01:12:23] Directory for https://uptech-group.com/blog/services not found. No cache to purge
[2026-04-01 01:12:23] Directory for https://uptech-group.com/blog/services not found. No cache to purge
[2026-04-01 01:12:23] Clearing cache for 2 taxonomy and pagination URLs
[2026-04-01 01:12:23] Compatible cache found : starting server cache purge on Varnish
[2026-04-01 01:12:23] WordPress object cache cleared
[2026-04-01 01:12:23] Starting AutoPurge cache clearing for action [trashed_post]... [{
    "code": "SUCCESS"
}]
[2026-04-01 01:12:23] Directory for {
    "code": "SUCCESS"
} not found. No cache to purge
[2026-04-01 01:12:23] Clearing cache for 2 taxonomy and pagination URLs
[2026-04-01 01:12:23] Compatible cache found : starting server cache purge on Varnish
[2026-04-01 01:12:23] WordPress object cache cleared
[2026-04-01 01:12:23] Starting AutoPurge cache clearing for action [trashed_post]... [https://uptech-group.com/blog/services]
[2026-04-01 01:12:23] Directory for https://uptech-group.com/blog/services not found. No cache to purge
[2026-04-01 01:12:23] Directory for https://uptech-group.com/blog/services not found. No cache to purge
[2026-04-01 01:12:23] Clearing cache for 2 taxonomy and pagination URLs
[2026-04-01 01:12:23] Compatible cache found : starting server cache purge on Varnish
[2026-04-01 01:12:23] WordPress object cache cleared
[2026-04-01 01:12:23] Starting AutoPurge cache clearing for action [trashed_post]... [{
    "code": "SUCCESS"
}]
[2026-04-01 01:12:23] Directory for {
    "code": "SUCCESS"
} not found. No cache to purge
[2026-04-01 01:12:23] Clearing cache for 2 taxonomy and pagination URLs
[2026-04-01 01:12:23] Compatible cache found : starting server cache purge on Varnish
[2026-04-01 01:12:23] WordPress object cache cleared
[2026-04-01 01:12:34] Starting AutoPurge cache clearing for action [post_updated]... [https://uptech-group.com/blog/?page_id=3]
[2026-04-01 01:12:34] Directory for https://uptech-group.com/blog/?page_id=3 not found. No cache to purge
[2026-04-01 01:12:34] Directory for https://uptech-group.com/blog/?page_id=3 not found. No cache to purge
[2026-04-01 01:12:34] Clearing cache for 2 taxonomy and pagination URLs
[2026-04-01 01:12:34] Compatible cache found : starting server cache purge on Varnish
[2026-04-01 01:12:34] WordPress object cache cleared
[2026-04-01 01:12:34] Starting AutoPurge cache clearing for action [post_updated]... [{
    "code": "SUCCESS"
}]
[2026-04-01 01:12:34] Directory for {
    "code": "SUCCESS"
} not found. No cache to purge
[2026-04-01 01:12:34] Clearing cache for 2 taxonomy and pagination URLs
[2026-04-01 01:12:34] Compatible cache found : starting server cache purge on Varnish
[2026-04-01 01:12:34] WordPress object cache cleared
[2026-04-01 01:12:34] Starting AutoPurge cache clearing for action [post_updated]... [https://uptech-group.com/blog/?page_id=3]
[2026-04-01 01:12:34] Directory for https://uptech-group.com/blog/?page_id=3 not found. No cache to purge
[2026-04-01 01:12:34] Directory for https://uptech-group.com/blog/?page_id=3 not found. No cache to purge
[2026-04-01 01:12:34] Clearing cache for 2 taxonomy and pagination URLs
[2026-04-01 01:12:34] Compatible cache found : starting server cache purge on Varnish
[2026-04-01 01:12:34] WordPress object cache cleared
[2026-04-01 01:12:34] Starting AutoPurge cache clearing for action [post_updated]... [{
    "code": "SUCCESS"
}]
[2026-04-01 01:12:34] Directory for {
    "code": "SUCCESS"
} not found. No cache to purge
[2026-04-01 01:12:34] Clearing cache for 2 taxonomy and pagination URLs
[2026-04-01 01:12:34] Compatible cache found : starting server cache purge on Varnish
[2026-04-01 01:12:34] WordPress object cache cleared
[2026-04-01 01:12:34] Starting AutoPurge cache clearing for action [trashed_post]... [https://uptech-group.com/blog/privacy-policy]
[2026-04-01 01:12:34] Directory for https://uptech-group.com/blog/privacy-policy not found. No cache to purge
[2026-04-01 01:12:34] Directory for https://uptech-group.com/blog/privacy-policy not found. No cache to purge
[2026-04-01 01:12:34] Clearing cache for 2 taxonomy and pagination URLs
[2026-04-01 01:12:34] Compatible cache found : starting server cache purge on Varnish
[2026-04-01 01:12:34] WordPress object cache cleared
[2026-04-01 01:12:34] Starting AutoPurge cache clearing for action [trashed_post]... [{
    "code": "SUCCESS"
}]
[2026-04-01 01:12:34] Directory for {
    "code": "SUCCESS"
} not found. No cache to purge
[2026-04-01 01:12:34] Clearing cache for 2 taxonomy and pagination URLs
[2026-04-01 01:12:34] Compatible cache found : starting server cache purge on Varnish
[2026-04-01 01:12:34] WordPress object cache cleared
[2026-04-01 01:12:34] Starting AutoPurge cache clearing for action [trashed_post]... [https://uptech-group.com/blog/privacy-policy]
[2026-04-01 01:12:34] Directory for https://uptech-group.com/blog/privacy-policy not found. No cache to purge
[2026-04-01 01:12:34] Directory for https://uptech-group.com/blog/privacy-policy not found. No cache to purge
[2026-04-01 01:12:34] Clearing cache for 2 taxonomy and pagination URLs
[2026-04-01 01:12:34] Compatible cache found : starting server cache purge on Varnish
[2026-04-01 01:12:34] WordPress object cache cleared
[2026-04-01 01:12:34] Starting AutoPurge cache clearing for action [trashed_post]... [{
    "code": "SUCCESS"
}]
[2026-04-01 01:12:34] Directory for {
    "code": "SUCCESS"
} not found. No cache to purge
[2026-04-01 01:12:34] Clearing cache for 2 taxonomy and pagination URLs
[2026-04-01 01:12:34] Compatible cache found : starting server cache purge on Varnish
[2026-04-01 01:12:34] WordPress object cache cleared
[2026-04-01 01:17:45] Starting AutoPurge cache clearing for action [post_updated]... [https://uptech-group.com/blog/?p=2731]
[2026-04-01 01:17:45] Directory for https://uptech-group.com/blog/?p=2731 not found. No cache to purge
[2026-04-01 01:17:45] Directory for https://uptech-group.com/blog/?p=2731 not found. No cache to purge
[2026-04-01 01:17:45] Removed cache files from main desktop cache (/home/c2761235c/public_html/blog/wp-content/cache/lwsoptimize/cache/blog)
[2026-04-01 01:17:45] Clearing cache for 2 taxonomy and pagination URLs
[2026-04-01 01:17:45] Compatible cache found : starting server cache purge on Varnish
[2026-04-01 01:17:45] WordPress object cache cleared
[2026-04-01 01:17:45] Starting AutoPurge cache clearing for action [post_updated]... [{
    "code": "SUCCESS"
}]
[2026-04-01 01:17:45] Directory for {
    "code": "SUCCESS"
} not found. No cache to purge
[2026-04-01 01:17:45] Clearing cache for 2 taxonomy and pagination URLs
[2026-04-01 01:17:45] Compatible cache found : starting server cache purge on Varnish
[2026-04-01 01:17:45] WordPress object cache cleared
[2026-04-01 01:17:45] Starting AutoPurge cache clearing for action [post_updated]... [https://uptech-group.com/blog/?p=2731]
[2026-04-01 01:17:45] Directory for https://uptech-group.com/blog/?p=2731 not found. No cache to purge
[2026-04-01 01:17:45] Directory for https://uptech-group.com/blog/?p=2731 not found. No cache to purge
[2026-04-01 01:17:45] Clearing cache for 2 taxonomy and pagination URLs
[2026-04-01 01:17:45] Compatible cache found : starting server cache purge on Varnish
[2026-04-01 01:17:45] WordPress object cache cleared
[2026-04-01 01:17:45] Starting AutoPurge cache clearing for action [post_updated]... [{
    "code": "SUCCESS"
}]
[2026-04-01 01:17:45] Directory for {
    "code": "SUCCESS"
} not found. No cache to purge
[2026-04-01 01:17:45] Clearing cache for 2 taxonomy and pagination URLs
[2026-04-01 01:17:45] Compatible cache found : starting server cache purge on Varnish
[2026-04-01 01:17:45] WordPress object cache cleared
[2026-04-01 01:18:46] Starting AutoPurge cache clearing for action [post_updated]... [https://uptech-group.com/blog/?p=2731]
[2026-04-01 01:18:46] Directory for https://uptech-group.com/blog/?p=2731 not found. No cache to purge
[2026-04-01 01:18:46] Directory for https://uptech-group.com/blog/?p=2731 not found. No cache to purge
[2026-04-01 01:18:46] Clearing cache for 2 taxonomy and pagination URLs
[2026-04-01 01:18:46] Compatible cache found : starting server cache purge on Varnish
[2026-04-01 01:18:46] WordPress object cache cleared
[2026-04-01 01:18:46] Starting AutoPurge cache clearing for action [post_updated]... [{
    "code": "SUCCESS"
}]
[2026-04-01 01:18:46] Directory for {
    "code": "SUCCESS"
} not found. No cache to purge
[2026-04-01 01:18:46] Clearing cache for 2 taxonomy and pagination URLs
[2026-04-01 01:18:46] Compatible cache found : starting server cache purge on Varnish
[2026-04-01 01:18:46] WordPress object cache cleared
[2026-04-01 01:18:46] Starting AutoPurge cache clearing for action [post_updated]... [https://uptech-group.com/blog/?p=2731]
[2026-04-01 01:18:46] Directory for https://uptech-group.com/blog/?p=2731 not found. No cache to purge
[2026-04-01 01:18:46] Directory for https://uptech-group.com/blog/?p=2731 not found. No cache to purge
[2026-04-01 01:18:46] Clearing cache for 2 taxonomy and pagination URLs
[2026-04-01 01:18:46] Compatible cache found : starting server cache purge on Varnish
[2026-04-01 01:18:46] WordPress object cache cleared
[2026-04-01 01:18:46] Starting AutoPurge cache clearing for action [post_updated]... [{
    "code": "SUCCESS"
}]
[2026-04-01 01:18:46] Directory for {
    "code": "SUCCESS"
} not found. No cache to purge
[2026-04-01 01:18:46] Clearing cache for 2 taxonomy and pagination URLs
[2026-04-01 01:18:46] Compatible cache found : starting server cache purge on Varnish
[2026-04-01 01:18:46] WordPress object cache cleared
[2026-04-01 01:19:01] Starting AutoPurge cache clearing for action [post_updated]... [https://uptech-group.com/blog/?p=2731]
[2026-04-01 01:19:01] Directory for https://uptech-group.com/blog/?p=2731 not found. No cache to purge
[2026-04-01 01:19:01] Directory for https://uptech-group.com/blog/?p=2731 not found. No cache to purge
[2026-04-01 01:19:01] Clearing cache for 2 taxonomy and pagination URLs
[2026-04-01 01:19:01] Compatible cache found : starting server cache purge on Varnish
[2026-04-01 01:19:01] WordPress object cache cleared
[2026-04-01 01:19:01] Starting AutoPurge cache clearing for action [post_updated]... [{
    "code": "SUCCESS"
}]
[2026-04-01 01:19:01] Directory for {
    "code": "SUCCESS"
} not found. No cache to purge
[2026-04-01 01:19:01] Clearing cache for 2 taxonomy and pagination URLs
[2026-04-01 01:19:01] Compatible cache found : starting server cache purge on Varnish
[2026-04-01 01:19:01] WordPress object cache cleared
[2026-04-01 01:19:01] Starting AutoPurge cache clearing for action [post_updated]... [https://uptech-group.com/blog/?p=2731]
[2026-04-01 01:19:01] Directory for https://uptech-group.com/blog/?p=2731 not found. No cache to purge
[2026-04-01 01:19:01] Directory for https://uptech-group.com/blog/?p=2731 not found. No cache to purge
[2026-04-01 01:19:01] Clearing cache for 2 taxonomy and pagination URLs
[2026-04-01 01:19:01] Compatible cache found : starting server cache purge on Varnish
[2026-04-01 01:19:01] WordPress object cache cleared
[2026-04-01 01:19:01] Starting AutoPurge cache clearing for action [post_updated]... [{
    "code": "SUCCESS"
}]
[2026-04-01 01:19:02] Directory for {
    "code": "SUCCESS"
} not found. No cache to purge
[2026-04-01 01:19:02] Clearing cache for 2 taxonomy and pagination URLs
[2026-04-01 01:19:02] Compatible cache found : starting server cache purge on Varnish
[2026-04-01 01:19:02] WordPress object cache cleared
[2026-04-01 01:19:21] Starting [FULL] cache clearing for action [customize_save_after]...
[2026-04-01 01:19:21] Compatible cache found : starting server cache purge on Varnish
[2026-04-01 01:19:21] Restarting preload process after cache purge...
[2026-04-01 01:19:21] WordPress object cache cleared
[2026-04-01 01:19:21] Starting [FULL] cache clearing for action [{
    "code": "SUCCESS"
}]...
[2026-04-01 01:19:21] Compatible cache found : starting server cache purge on Varnish
[2026-04-01 01:19:21] Restarting preload process after cache purge...
[2026-04-01 01:19:21] WordPress object cache cleared
[2026-04-01 01:19:21] Starting [FULL] cache clearing for action [customize_save_after]...
[2026-04-01 01:19:21] Compatible cache found : starting server cache purge on Varnish
[2026-04-01 01:19:21] Restarting preload process after cache purge...
[2026-04-01 01:19:21] WordPress object cache cleared
[2026-04-01 01:19:21] Starting [FULL] cache clearing for action [{
    "code": "SUCCESS"
}]...
[2026-04-01 01:19:21] Compatible cache found : starting server cache purge on Varnish
[2026-04-01 01:19:21] Restarting preload process after cache purge...
[2026-04-01 01:19:21] WordPress object cache cleared
[2026-04-01 01:19:21] Starting AutoPurge cache clearing for action [trashed_post]... [https://uptech-group.com/blog/2162bda6-af9d-47e3-9a7f-a94ddcab2dfe]
[2026-04-01 01:19:21] Directory for https://uptech-group.com/blog/2162bda6-af9d-47e3-9a7f-a94ddcab2dfe not found. No cache to purge
[2026-04-01 01:19:21] Directory for https://uptech-group.com/blog/2162bda6-af9d-47e3-9a7f-a94ddcab2dfe not found. No cache to purge
[2026-04-01 01:19:21] Clearing cache for 2 taxonomy and pagination URLs
[2026-04-01 01:19:21] Compatible cache found : starting server cache purge on Varnish
[2026-04-01 01:19:21] WordPress object cache cleared
[2026-04-01 01:19:21] Starting AutoPurge cache clearing for action [trashed_post]... [{
    "code": "SUCCESS"
}]
[2026-04-01 01:19:21] Directory for {
    "code": "SUCCESS"
} not found. No cache to purge
[2026-04-01 01:19:21] Directory for {
    "code": "SUCCESS"
} not found. No cache to purge
[2026-04-01 01:19:21] Clearing cache for 2 taxonomy and pagination URLs
[2026-04-01 01:19:21] Compatible cache found : starting server cache purge on Varnish
[2026-04-01 01:19:21] WordPress object cache cleared
[2026-04-01 01:19:21] Starting AutoPurge cache clearing for action [trashed_post]... [https://uptech-group.com/blog/2162bda6-af9d-47e3-9a7f-a94ddcab2dfe]
[2026-04-01 01:19:21] Directory for https://uptech-group.com/blog/2162bda6-af9d-47e3-9a7f-a94ddcab2dfe not found. No cache to purge
[2026-04-01 01:19:21] Directory for https://uptech-group.com/blog/2162bda6-af9d-47e3-9a7f-a94ddcab2dfe not found. No cache to purge
[2026-04-01 01:19:21] Clearing cache for 2 taxonomy and pagination URLs
[2026-04-01 01:19:21] Compatible cache found : starting server cache purge on Varnish
[2026-04-01 01:19:21] WordPress object cache cleared
[2026-04-01 01:19:21] Starting AutoPurge cache clearing for action [trashed_post]... [{
    "code": "SUCCESS"
}]
[2026-04-01 01:19:21] Directory for {
    "code": "SUCCESS"
} not found. No cache to purge
[2026-04-01 01:19:21] Directory for {
    "code": "SUCCESS"
} not found. No cache to purge
[2026-04-01 01:19:21] Clearing cache for 2 taxonomy and pagination URLs
[2026-04-01 01:19:21] Compatible cache found : starting server cache purge on Varnish
[2026-04-01 01:19:21] WordPress object cache cleared
[2026-04-01 01:19:21] Starting AutoPurge cache clearing for action [post_updated]... [https://uptech-group.com/blog/?p=2731]
[2026-04-01 01:19:21] Directory for https://uptech-group.com/blog/?p=2731 not found. No cache to purge
[2026-04-01 01:19:21] Directory for https://uptech-group.com/blog/?p=2731 not found. No cache to purge
[2026-04-01 01:19:21] Clearing cache for 2 taxonomy and pagination URLs
[2026-04-01 01:19:21] Compatible cache found : starting server cache purge on Varnish
[2026-04-01 01:19:21] WordPress object cache cleared
[2026-04-01 01:19:21] Starting AutoPurge cache clearing for action [post_updated]... [{
    "code": "SUCCESS"
}]
[2026-04-01 01:19:21] Directory for {
    "code": "SUCCESS"
} not found. No cache to purge
[2026-04-01 01:19:21] Directory for {
    "code": "SUCCESS"
} not found. No cache to purge
[2026-04-01 01:19:21] Clearing cache for 2 taxonomy and pagination URLs
[2026-04-01 01:19:21] Compatible cache found : starting server cache purge on Varnish
[2026-04-01 01:19:21] WordPress object cache cleared
[2026-04-01 01:19:21] Starting AutoPurge cache clearing for action [post_updated]... [https://uptech-group.com/blog/?p=2731]
[2026-04-01 01:19:21] Directory for https://uptech-group.com/blog/?p=2731 not found. No cache to purge
[2026-04-01 01:19:21] Directory for https://uptech-group.com/blog/?p=2731 not found. No cache to purge
[2026-04-01 01:19:21] Clearing cache for 2 taxonomy and pagination URLs
[2026-04-01 01:19:21] Compatible cache found : starting server cache purge on Varnish
[2026-04-01 01:19:21] WordPress object cache cleared
[2026-04-01 01:19:21] Starting AutoPurge cache clearing for action [post_updated]... [{
    "code": "SUCCESS"
}]
[2026-04-01 01:19:21] Directory for {
    "code": "SUCCESS"
} not found. No cache to purge
[2026-04-01 01:19:21] Directory for {
    "code": "SUCCESS"
} not found. No cache to purge
[2026-04-01 01:19:21] Clearing cache for 2 taxonomy and pagination URLs
[2026-04-01 01:19:21] Compatible cache found : starting server cache purge on Varnish
[2026-04-01 01:19:21] WordPress object cache cleared
[2026-04-01 01:20:58] Starting AutoPurge cache clearing for action [post_updated]... [https://uptech-group.com/blog/?p=2732]
[2026-04-01 01:20:58] Directory for https://uptech-group.com/blog/?p=2732 not found. No cache to purge
[2026-04-01 01:20:58] Directory for https://uptech-group.com/blog/?p=2732 not found. No cache to purge
[2026-04-01 01:20:58] Clearing cache for 2 taxonomy and pagination URLs
[2026-04-01 01:20:58] Compatible cache found : starting server cache purge on Varnish
[2026-04-01 01:20:58] WordPress object cache cleared
[2026-04-01 01:20:58] Starting AutoPurge cache clearing for action [post_updated]... [{
    "code": "SUCCESS"
}]
[2026-04-01 01:20:58] Directory for {
    "code": "SUCCESS"
} not found. No cache to purge
[2026-04-01 01:20:58] Directory for {
    "code": "SUCCESS"
} not found. No cache to purge
[2026-04-01 01:20:58] Clearing cache for 2 taxonomy and pagination URLs
[2026-04-01 01:20:58] Compatible cache found : starting server cache purge on Varnish
[2026-04-01 01:20:58] WordPress object cache cleared
[2026-04-01 01:20:58] Starting AutoPurge cache clearing for action [post_updated]... [https://uptech-group.com/blog/?p=2732]
[2026-04-01 01:20:58] Directory for https://uptech-group.com/blog/?p=2732 not found. No cache to purge
[2026-04-01 01:20:58] Directory for https://uptech-group.com/blog/?p=2732 not found. No cache to purge
[2026-04-01 01:20:58] Clearing cache for 2 taxonomy and pagination URLs
[2026-04-01 01:20:58] Compatible cache found : starting server cache purge on Varnish
[2026-04-01 01:20:58] WordPress object cache cleared
[2026-04-01 01:20:58] Starting AutoPurge cache clearing for action [post_updated]... [{
    "code": "SUCCESS"
}]
[2026-04-01 01:20:58] Directory for {
    "code": "SUCCESS"
} not found. No cache to purge
[2026-04-01 01:20:58] Directory for {
    "code": "SUCCESS"
} not found. No cache to purge
[2026-04-01 01:20:58] Clearing cache for 2 taxonomy and pagination URLs
[2026-04-01 01:20:58] Compatible cache found : starting server cache purge on Varnish
[2026-04-01 01:20:58] WordPress object cache cleared
[2026-04-01 01:22:58] Starting AutoPurge cache clearing for action [post_updated]... [https://uptech-group.com/blog/?p=2732]
[2026-04-01 01:22:58] Directory for https://uptech-group.com/blog/?p=2732 not found. No cache to purge
[2026-04-01 01:22:58] Directory for https://uptech-group.com/blog/?p=2732 not found. No cache to purge
[2026-04-01 01:22:58] Clearing cache for 2 taxonomy and pagination URLs
[2026-04-01 01:22:58] Compatible cache found : starting server cache purge on Varnish
[2026-04-01 01:22:58] WordPress object cache cleared
[2026-04-01 01:22:58] Starting AutoPurge cache clearing for action [post_updated]... [{
    "code": "SUCCESS"
}]
[2026-04-01 01:22:58] Directory for {
    "code": "SUCCESS"
} not found. No cache to purge
[2026-04-01 01:22:58] Directory for {
    "code": "SUCCESS"
} not found. No cache to purge
[2026-04-01 01:22:58] Clearing cache for 2 taxonomy and pagination URLs
[2026-04-01 01:22:58] Compatible cache found : starting server cache purge on Varnish
[2026-04-01 01:22:58] WordPress object cache cleared
[2026-04-01 01:22:58] Starting AutoPurge cache clearing for action [post_updated]... [https://uptech-group.com/blog/?p=2732]
[2026-04-01 01:22:58] Directory for https://uptech-group.com/blog/?p=2732 not found. No cache to purge
[2026-04-01 01:22:58] Directory for https://uptech-group.com/blog/?p=2732 not found. No cache to purge
[2026-04-01 01:22:58] Clearing cache for 2 taxonomy and pagination URLs
[2026-04-01 01:22:58] Compatible cache found : starting server cache purge on Varnish
[2026-04-01 01:22:58] WordPress object cache cleared
[2026-04-01 01:22:58] Starting AutoPurge cache clearing for action [post_updated]... [{
    "code": "SUCCESS"
}]
[2026-04-01 01:22:58] Directory for {
    "code": "SUCCESS"
} not found. No cache to purge
[2026-04-01 01:22:58] Directory for {
    "code": "SUCCESS"
} not found. No cache to purge
[2026-04-01 01:22:58] Clearing cache for 2 taxonomy and pagination URLs
[2026-04-01 01:22:58] Compatible cache found : starting server cache purge on Varnish
[2026-04-01 01:22:58] WordPress object cache cleared
[2026-04-01 01:23:46] Starting AutoPurge cache clearing for action [post_updated]... [https://uptech-group.com/blog/?p=2732]
[2026-04-01 01:23:46] Directory for https://uptech-group.com/blog/?p=2732 not found. No cache to purge
[2026-04-01 01:23:46] Directory for https://uptech-group.com/blog/?p=2732 not found. No cache to purge
[2026-04-01 01:23:46] Clearing cache for 2 taxonomy and pagination URLs
[2026-04-01 01:23:46] Compatible cache found : starting server cache purge on Varnish
[2026-04-01 01:23:46] WordPress object cache cleared
[2026-04-01 01:23:46] Starting AutoPurge cache clearing for action [post_updated]... [{
    "code": "SUCCESS"
}]
[2026-04-01 01:23:46] Directory for {
    "code": "SUCCESS"
} not found. No cache to purge
[2026-04-01 01:23:46] Directory for {
    "code": "SUCCESS"
} not found. No cache to purge
[2026-04-01 01:23:46] Clearing cache for 2 taxonomy and pagination URLs
[2026-04-01 01:23:46] Compatible cache found : starting server cache purge on Varnish
[2026-04-01 01:23:46] WordPress object cache cleared
[2026-04-01 01:23:46] Starting AutoPurge cache clearing for action [post_updated]... [https://uptech-group.com/blog/?p=2732]
[2026-04-01 01:23:46] Directory for https://uptech-group.com/blog/?p=2732 not found. No cache to purge
[2026-04-01 01:23:46] Directory for https://uptech-group.com/blog/?p=2732 not found. No cache to purge
[2026-04-01 01:23:46] Clearing cache for 2 taxonomy and pagination URLs
[2026-04-01 01:23:46] Compatible cache found : starting server cache purge on Varnish
[2026-04-01 01:23:46] WordPress object cache cleared
[2026-04-01 01:23:46] Starting AutoPurge cache clearing for action [post_updated]... [{
    "code": "SUCCESS"
}]
[2026-04-01 01:23:46] Directory for {
    "code": "SUCCESS"
} not found. No cache to purge
[2026-04-01 01:23:46] Directory for {
    "code": "SUCCESS"
} not found. No cache to purge
[2026-04-01 01:23:46] Clearing cache for 2 taxonomy and pagination URLs
[2026-04-01 01:23:46] Compatible cache found : starting server cache purge on Varnish
[2026-04-01 01:23:46] WordPress object cache cleared
[2026-04-01 01:25:10] Starting AutoPurge cache clearing for action [post_updated]... [https://uptech-group.com/blog/?p=2732]
[2026-04-01 01:25:10] Directory for https://uptech-group.com/blog/?p=2732 not found. No cache to purge
[2026-04-01 01:25:10] Directory for https://uptech-group.com/blog/?p=2732 not found. No cache to purge
[2026-04-01 01:25:10] Clearing cache for 2 taxonomy and pagination URLs
[2026-04-01 01:25:10] Compatible cache found : starting server cache purge on Varnish
[2026-04-01 01:25:10] WordPress object cache cleared
[2026-04-01 01:25:10] Starting AutoPurge cache clearing for action [post_updated]... [{
    "code": "SUCCESS"
}]
[2026-04-01 01:25:10] Directory for {
    "code": "SUCCESS"
} not found. No cache to purge
[2026-04-01 01:25:10] Directory for {
    "code": "SUCCESS"
} not found. No cache to purge
[2026-04-01 01:25:10] Clearing cache for 2 taxonomy and pagination URLs
[2026-04-01 01:25:10] Compatible cache found : starting server cache purge on Varnish
[2026-04-01 01:25:10] WordPress object cache cleared
[2026-04-01 01:25:10] Starting AutoPurge cache clearing for action [post_updated]... [https://uptech-group.com/blog/?p=2732]
[2026-04-01 01:25:10] Directory for https://uptech-group.com/blog/?p=2732 not found. No cache to purge
[2026-04-01 01:25:10] Directory for https://uptech-group.com/blog/?p=2732 not found. No cache to purge
[2026-04-01 01:25:10] Clearing cache for 2 taxonomy and pagination URLs
[2026-04-01 01:25:10] Compatible cache found : starting server cache purge on Varnish
[2026-04-01 01:25:10] WordPress object cache cleared
[2026-04-01 01:25:10] Starting AutoPurge cache clearing for action [post_updated]... [{
    "code": "SUCCESS"
}]
[2026-04-01 01:25:10] Directory for {
    "code": "SUCCESS"
} not found. No cache to purge
[2026-04-01 01:25:10] Directory for {
    "code": "SUCCESS"
} not found. No cache to purge
[2026-04-01 01:25:10] Clearing cache for 2 taxonomy and pagination URLs
[2026-04-01 01:25:10] Compatible cache found : starting server cache purge on Varnish
[2026-04-01 01:25:10] WordPress object cache cleared
[2026-04-01 01:25:48] Starting AutoPurge cache clearing for action [post_updated]... [https://uptech-group.com/blog/?p=2732]
[2026-04-01 01:25:48] Directory for https://uptech-group.com/blog/?p=2732 not found. No cache to purge
[2026-04-01 01:25:48] Directory for https://uptech-group.com/blog/?p=2732 not found. No cache to purge
[2026-04-01 01:25:48] Clearing cache for 2 taxonomy and pagination URLs
[2026-04-01 01:25:48] Compatible cache found : starting server cache purge on Varnish
[2026-04-01 01:25:48] WordPress object cache cleared
[2026-04-01 01:25:48] Starting AutoPurge cache clearing for action [post_updated]... [{
    "code": "SUCCESS"
}]
[2026-04-01 01:25:48] Directory for {
    "code": "SUCCESS"
} not found. No cache to purge
[2026-04-01 01:25:48] Directory for {
    "code": "SUCCESS"
} not found. No cache to purge
[2026-04-01 01:25:48] Clearing cache for 2 taxonomy and pagination URLs
[2026-04-01 01:25:48] Compatible cache found : starting server cache purge on Varnish
[2026-04-01 01:25:48] WordPress object cache cleared
[2026-04-01 01:25:48] Starting AutoPurge cache clearing for action [post_updated]... [https://uptech-group.com/blog/?p=2732]
[2026-04-01 01:25:48] Directory for https://uptech-group.com/blog/?p=2732 not found. No cache to purge
[2026-04-01 01:25:48] Directory for https://uptech-group.com/blog/?p=2732 not found. No cache to purge
[2026-04-01 01:25:48] Clearing cache for 2 taxonomy and pagination URLs
[2026-04-01 01:25:48] Compatible cache found : starting server cache purge on Varnish
[2026-04-01 01:25:48] WordPress object cache cleared
[2026-04-01 01:25:48] Starting AutoPurge cache clearing for action [post_updated]... [{
    "code": "SUCCESS"
}]
[2026-04-01 01:25:48] Directory for {
    "code": "SUCCESS"
} not found. No cache to purge
[2026-04-01 01:25:48] Directory for {
    "code": "SUCCESS"
} not found. No cache to purge
[2026-04-01 01:25:48] Clearing cache for 2 taxonomy and pagination URLs
[2026-04-01 01:25:48] Compatible cache found : starting server cache purge on Varnish
[2026-04-01 01:25:48] WordPress object cache cleared
[2026-04-01 01:26:33] Starting [FULL] cache clearing for action [customize_save_after]...
[2026-04-01 01:26:33] Compatible cache found : starting server cache purge on Varnish
[2026-04-01 01:26:33] Restarting preload process after cache purge...
[2026-04-01 01:26:33] WordPress object cache cleared
[2026-04-01 01:26:33] Starting [FULL] cache clearing for action [{
    "code": "SUCCESS"
}]...
[2026-04-01 01:26:33] Compatible cache found : starting server cache purge on Varnish
[2026-04-01 01:26:33] Restarting preload process after cache purge...
[2026-04-01 01:26:33] WordPress object cache cleared
[2026-04-01 01:26:33] Starting [FULL] cache clearing for action [customize_save_after]...
[2026-04-01 01:26:33] Compatible cache found : starting server cache purge on Varnish
[2026-04-01 01:26:33] Restarting preload process after cache purge...
[2026-04-01 01:26:33] WordPress object cache cleared
[2026-04-01 01:26:33] Starting [FULL] cache clearing for action [{
    "code": "SUCCESS"
}]...
[2026-04-01 01:26:33] Compatible cache found : starting server cache purge on Varnish
[2026-04-01 01:26:33] Restarting preload process after cache purge...
[2026-04-01 01:26:33] WordPress object cache cleared
[2026-04-01 01:26:33] Starting AutoPurge cache clearing for action [trashed_post]... [https://uptech-group.com/blog/71d4cfa5-b737-44cf-b638-475b09f5231c]
[2026-04-01 01:26:33] Directory for https://uptech-group.com/blog/71d4cfa5-b737-44cf-b638-475b09f5231c not found. No cache to purge
[2026-04-01 01:26:33] Directory for https://uptech-group.com/blog/71d4cfa5-b737-44cf-b638-475b09f5231c not found. No cache to purge
[2026-04-01 01:26:33] Clearing cache for 2 taxonomy and pagination URLs
[2026-04-01 01:26:33] Compatible cache found : starting server cache purge on Varnish
[2026-04-01 01:26:33] WordPress object cache cleared
[2026-04-01 01:26:33] Starting AutoPurge cache clearing for action [trashed_post]... [{
    "code": "SUCCESS"
}]
[2026-04-01 01:26:33] Directory for {
    "code": "SUCCESS"
} not found. No cache to purge
[2026-04-01 01:26:33] Directory for {
    "code": "SUCCESS"
} not found. No cache to purge
[2026-04-01 01:26:33] Clearing cache for 2 taxonomy and pagination URLs
[2026-04-01 01:26:33] Compatible cache found : starting server cache purge on Varnish
[2026-04-01 01:26:33] WordPress object cache cleared
[2026-04-01 01:26:33] Starting AutoPurge cache clearing for action [trashed_post]... [https://uptech-group.com/blog/71d4cfa5-b737-44cf-b638-475b09f5231c]
[2026-04-01 01:26:33] Directory for https://uptech-group.com/blog/71d4cfa5-b737-44cf-b638-475b09f5231c not found. No cache to purge
[2026-04-01 01:26:33] Directory for https://uptech-group.com/blog/71d4cfa5-b737-44cf-b638-475b09f5231c not found. No cache to purge
[2026-04-01 01:26:33] Clearing cache for 2 taxonomy and pagination URLs
[2026-04-01 01:26:34] Compatible cache found : starting server cache purge on Varnish
[2026-04-01 01:26:34] WordPress object cache cleared
[2026-04-01 01:26:34] Starting AutoPurge cache clearing for action [trashed_post]... [{
    "code": "SUCCESS"
}]
[2026-04-01 01:26:34] Directory for {
    "code": "SUCCESS"
} not found. No cache to purge
[2026-04-01 01:26:34] Directory for {
    "code": "SUCCESS"
} not found. No cache to purge
[2026-04-01 01:26:34] Clearing cache for 2 taxonomy and pagination URLs
[2026-04-01 01:26:34] Compatible cache found : starting server cache purge on Varnish
[2026-04-01 01:26:34] WordPress object cache cleared
[2026-04-01 01:26:34] Starting AutoPurge cache clearing for action [post_updated]... [https://uptech-group.com/blog/?p=2732]
[2026-04-01 01:26:34] Directory for https://uptech-group.com/blog/?p=2732 not found. No cache to purge
[2026-04-01 01:26:34] Directory for https://uptech-group.com/blog/?p=2732 not found. No cache to purge
[2026-04-01 01:26:34] Clearing cache for 2 taxonomy and pagination URLs
[2026-04-01 01:26:34] Compatible cache found : starting server cache purge on Varnish
[2026-04-01 01:26:34] WordPress object cache cleared
[2026-04-01 01:26:34] Starting AutoPurge cache clearing for action [post_updated]... [{
    "code": "SUCCESS"
}]
[2026-04-01 01:26:34] Directory for {
    "code": "SUCCESS"
} not found. No cache to purge
[2026-04-01 01:26:34] Directory for {
    "code": "SUCCESS"
} not found. No cache to purge
[2026-04-01 01:26:34] Clearing cache for 2 taxonomy and pagination URLs
[2026-04-01 01:26:34] Compatible cache found : starting server cache purge on Varnish
[2026-04-01 01:26:34] WordPress object cache cleared
[2026-04-01 01:26:34] Starting AutoPurge cache clearing for action [post_updated]... [https://uptech-group.com/blog/?p=2732]
[2026-04-01 01:26:34] Directory for https://uptech-group.com/blog/?p=2732 not found. No cache to purge
[2026-04-01 01:26:34] Directory for https://uptech-group.com/blog/?p=2732 not found. No cache to purge
[2026-04-01 01:26:34] Clearing cache for 2 taxonomy and pagination URLs
[2026-04-01 01:26:34] Compatible cache found : starting server cache purge on Varnish
[2026-04-01 01:26:34] WordPress object cache cleared
[2026-04-01 01:26:34] Starting AutoPurge cache clearing for action [post_updated]... [{
    "code": "SUCCESS"
}]
[2026-04-01 01:26:34] Directory for {
    "code": "SUCCESS"
} not found. No cache to purge
[2026-04-01 01:26:34] Directory for {
    "code": "SUCCESS"
} not found. No cache to purge
[2026-04-01 01:26:34] Clearing cache for 2 taxonomy and pagination URLs
[2026-04-01 01:26:34] Compatible cache found : starting server cache purge on Varnish
[2026-04-01 01:26:34] WordPress object cache cleared
[2026-04-01 01:28:02] Starting AutoPurge cache clearing for action [post_updated]... [https://uptech-group.com/blog/?p=2733]
[2026-04-01 01:28:02] Directory for https://uptech-group.com/blog/?p=2733 not found. No cache to purge
[2026-04-01 01:28:02] Directory for https://uptech-group.com/blog/?p=2733 not found. No cache to purge
[2026-04-01 01:28:02] Clearing cache for 2 taxonomy and pagination URLs
[2026-04-01 01:28:02] Compatible cache found : starting server cache purge on Varnish
[2026-04-01 01:28:02] WordPress object cache cleared
[2026-04-01 01:28:02] Starting AutoPurge cache clearing for action [post_updated]... [{
    "code": "SUCCESS"
}]
[2026-04-01 01:28:02] Directory for {
    "code": "SUCCESS"
} not found. No cache to purge
[2026-04-01 01:28:02] Directory for {
    "code": "SUCCESS"
} not found. No cache to purge
[2026-04-01 01:28:02] Clearing cache for 2 taxonomy and pagination URLs
[2026-04-01 01:28:02] Compatible cache found : starting server cache purge on Varnish
[2026-04-01 01:28:02] WordPress object cache cleared
[2026-04-01 01:28:02] Starting AutoPurge cache clearing for action [post_updated]... [https://uptech-group.com/blog/?p=2733]
[2026-04-01 01:28:02] Directory for https://uptech-group.com/blog/?p=2733 not found. No cache to purge
[2026-04-01 01:28:02] Directory for https://uptech-group.com/blog/?p=2733 not found. No cache to purge
[2026-04-01 01:28:02] Clearing cache for 2 taxonomy and pagination URLs
[2026-04-01 01:28:02] Compatible cache found : starting server cache purge on Varnish
[2026-04-01 01:28:02] WordPress object cache cleared
[2026-04-01 01:28:02] Starting AutoPurge cache clearing for action [post_updated]... [{
    "code": "SUCCESS"
}]
[2026-04-01 01:28:02] Directory for {
    "code": "SUCCESS"
} not found. No cache to purge
[2026-04-01 01:28:02] Directory for {
    "code": "SUCCESS"
} not found. No cache to purge
[2026-04-01 01:28:02] Clearing cache for 2 taxonomy and pagination URLs
[2026-04-01 01:28:02] Compatible cache found : starting server cache purge on Varnish
[2026-04-01 01:28:02] WordPress object cache cleared
[2026-04-01 01:29:02] Starting AutoPurge cache clearing for action [post_updated]... [https://uptech-group.com/blog/?p=2733]
[2026-04-01 01:29:02] Directory for https://uptech-group.com/blog/?p=2733 not found. No cache to purge
[2026-04-01 01:29:02] Directory for https://uptech-group.com/blog/?p=2733 not found. No cache to purge
[2026-04-01 01:29:02] Clearing cache for 2 taxonomy and pagination URLs
[2026-04-01 01:29:02] Compatible cache found : starting server cache purge on Varnish
[2026-04-01 01:29:02] WordPress object cache cleared
[2026-04-01 01:29:02] Starting AutoPurge cache clearing for action [post_updated]... [{
    "code": "SUCCESS"
}]
[2026-04-01 01:29:02] Directory for {
    "code": "SUCCESS"
} not found. No cache to purge
[2026-04-01 01:29:02] Directory for {
    "code": "SUCCESS"
} not found. No cache to purge
[2026-04-01 01:29:02] Clearing cache for 2 taxonomy and pagination URLs
[2026-04-01 01:29:02] Compatible cache found : starting server cache purge on Varnish
[2026-04-01 01:29:02] WordPress object cache cleared
[2026-04-01 01:29:02] Starting AutoPurge cache clearing for action [post_updated]... [https://uptech-group.com/blog/?p=2733]
[2026-04-01 01:29:02] Directory for https://uptech-group.com/blog/?p=2733 not found. No cache to purge
[2026-04-01 01:29:02] Directory for https://uptech-group.com/blog/?p=2733 not found. No cache to purge
[2026-04-01 01:29:02] Clearing cache for 2 taxonomy and pagination URLs
[2026-04-01 01:29:02] Compatible cache found : starting server cache purge on Varnish
[2026-04-01 01:29:02] WordPress object cache cleared
[2026-04-01 01:29:02] Starting AutoPurge cache clearing for action [post_updated]... [{
    "code": "SUCCESS"
}]
[2026-04-01 01:29:02] Directory for {
    "code": "SUCCESS"
} not found. No cache to purge
[2026-04-01 01:29:02] Directory for {
    "code": "SUCCESS"
} not found. No cache to purge
[2026-04-01 01:29:02] Clearing cache for 2 taxonomy and pagination URLs
[2026-04-01 01:29:02] Compatible cache found : starting server cache purge on Varnish
[2026-04-01 01:29:02] WordPress object cache cleared
[2026-04-01 01:30:02] Starting AutoPurge cache clearing for action [post_updated]... [https://uptech-group.com/blog/?p=2733]
[2026-04-01 01:30:02] Directory for https://uptech-group.com/blog/?p=2733 not found. No cache to purge
[2026-04-01 01:30:02] Directory for https://uptech-group.com/blog/?p=2733 not found. No cache to purge
[2026-04-01 01:30:02] Clearing cache for 2 taxonomy and pagination URLs
[2026-04-01 01:30:02] Compatible cache found : starting server cache purge on Varnish
[2026-04-01 01:30:02] WordPress object cache cleared
[2026-04-01 01:30:02] Starting AutoPurge cache clearing for action [post_updated]... [{
    "code": "SUCCESS"
}]
[2026-04-01 01:30:02] Directory for {
    "code": "SUCCESS"
} not found. No cache to purge
[2026-04-01 01:30:02] Directory for {
    "code": "SUCCESS"
} not found. No cache to purge
[2026-04-01 01:30:02] Clearing cache for 2 taxonomy and pagination URLs
[2026-04-01 01:30:02] Compatible cache found : starting server cache purge on Varnish
[2026-04-01 01:30:02] WordPress object cache cleared
[2026-04-01 01:30:02] Starting AutoPurge cache clearing for action [post_updated]... [https://uptech-group.com/blog/?p=2733]
[2026-04-01 01:30:02] Directory for https://uptech-group.com/blog/?p=2733 not found. No cache to purge
[2026-04-01 01:30:02] Directory for https://uptech-group.com/blog/?p=2733 not found. No cache to purge
[2026-04-01 01:30:02] Clearing cache for 2 taxonomy and pagination URLs
[2026-04-01 01:30:02] Compatible cache found : starting server cache purge on Varnish
[2026-04-01 01:30:02] WordPress object cache cleared
[2026-04-01 01:30:02] Starting AutoPurge cache clearing for action [post_updated]... [{
    "code": "SUCCESS"
}]
[2026-04-01 01:30:02] Directory for {
    "code": "SUCCESS"
} not found. No cache to purge
[2026-04-01 01:30:02] Directory for {
    "code": "SUCCESS"
} not found. No cache to purge
[2026-04-01 01:30:02] Clearing cache for 2 taxonomy and pagination URLs
[2026-04-01 01:30:02] Compatible cache found : starting server cache purge on Varnish
[2026-04-01 01:30:02] WordPress object cache cleared
[2026-04-01 01:30:54] Starting AutoPurge cache clearing for action [post_updated]... [https://uptech-group.com/blog/?p=2733]
[2026-04-01 01:30:54] Directory for https://uptech-group.com/blog/?p=2733 not found. No cache to purge
[2026-04-01 01:30:54] Directory for https://uptech-group.com/blog/?p=2733 not found. No cache to purge
[2026-04-01 01:30:54] Clearing cache for 2 taxonomy and pagination URLs
[2026-04-01 01:30:54] Compatible cache found : starting server cache purge on Varnish
[2026-04-01 01:30:54] WordPress object cache cleared
[2026-04-01 01:30:54] Starting AutoPurge cache clearing for action [post_updated]... [{
    "code": "SUCCESS"
}]
[2026-04-01 01:30:54] Directory for {
    "code": "SUCCESS"
} not found. No cache to purge
[2026-04-01 01:30:54] Directory for {
    "code": "SUCCESS"
} not found. No cache to purge
[2026-04-01 01:30:54] Clearing cache for 2 taxonomy and pagination URLs
[2026-04-01 01:30:54] Compatible cache found : starting server cache purge on Varnish
[2026-04-01 01:30:54] WordPress object cache cleared
[2026-04-01 01:30:54] Starting AutoPurge cache clearing for action [post_updated]... [https://uptech-group.com/blog/?p=2733]
[2026-04-01 01:30:54] Directory for https://uptech-group.com/blog/?p=2733 not found. No cache to purge
[2026-04-01 01:30:54] Directory for https://uptech-group.com/blog/?p=2733 not found. No cache to purge
[2026-04-01 01:30:54] Clearing cache for 2 taxonomy and pagination URLs
[2026-04-01 01:30:54] Compatible cache found : starting server cache purge on Varnish
[2026-04-01 01:30:54] WordPress object cache cleared
[2026-04-01 01:30:54] Starting AutoPurge cache clearing for action [post_updated]... [{
    "code": "SUCCESS"
}]
[2026-04-01 01:30:54] Directory for {
    "code": "SUCCESS"
} not found. No cache to purge
[2026-04-01 01:30:54] Directory for {
    "code": "SUCCESS"
} not found. No cache to purge
[2026-04-01 01:30:54] Clearing cache for 2 taxonomy and pagination URLs
[2026-04-01 01:30:54] Compatible cache found : starting server cache purge on Varnish
[2026-04-01 01:30:54] WordPress object cache cleared
[2026-04-01 01:31:28] Starting [FULL] cache clearing for action [customize_save_after]...
[2026-04-01 01:31:28] Compatible cache found : starting server cache purge on Varnish
[2026-04-01 01:31:28] Restarting preload process after cache purge...
[2026-04-01 01:31:28] WordPress object cache cleared
[2026-04-01 01:31:28] Starting [FULL] cache clearing for action [{
    "code": "SUCCESS"
}]...
[2026-04-01 01:31:28] Compatible cache found : starting server cache purge on Varnish
[2026-04-01 01:31:28] Restarting preload process after cache purge...
[2026-04-01 01:31:28] WordPress object cache cleared
[2026-04-01 01:31:28] Starting [FULL] cache clearing for action [customize_save_after]...
[2026-04-01 01:31:28] Compatible cache found : starting server cache purge on Varnish
[2026-04-01 01:31:28] Restarting preload process after cache purge...
[2026-04-01 01:31:28] WordPress object cache cleared
[2026-04-01 01:31:28] Starting [FULL] cache clearing for action [{
    "code": "SUCCESS"
}]...
[2026-04-01 01:31:28] Compatible cache found : starting server cache purge on Varnish
[2026-04-01 01:31:28] Restarting preload process after cache purge...
[2026-04-01 01:31:28] WordPress object cache cleared
[2026-04-01 01:31:28] Starting AutoPurge cache clearing for action [trashed_post]... [https://uptech-group.com/blog/d5f4e266-b36e-41e7-bc5b-d17cd870e622]
[2026-04-01 01:31:28] Directory for https://uptech-group.com/blog/d5f4e266-b36e-41e7-bc5b-d17cd870e622 not found. No cache to purge
[2026-04-01 01:31:28] Directory for https://uptech-group.com/blog/d5f4e266-b36e-41e7-bc5b-d17cd870e622 not found. No cache to purge
[2026-04-01 01:31:28] Clearing cache for 2 taxonomy and pagination URLs
[2026-04-01 01:31:28] Compatible cache found : starting server cache purge on Varnish
[2026-04-01 01:31:28] WordPress object cache cleared
[2026-04-01 01:31:28] Starting AutoPurge cache clearing for action [trashed_post]... [{
    "code": "SUCCESS"
}]
[2026-04-01 01:31:28] Directory for {
    "code": "SUCCESS"
} not found. No cache to purge
[2026-04-01 01:31:28] Directory for {
    "code": "SUCCESS"
} not found. No cache to purge
[2026-04-01 01:31:28] Clearing cache for 2 taxonomy and pagination URLs
[2026-04-01 01:31:28] Compatible cache found : starting server cache purge on Varnish
[2026-04-01 01:31:28] WordPress object cache cleared
[2026-04-01 01:31:28] Starting AutoPurge cache clearing for action [trashed_post]... [https://uptech-group.com/blog/d5f4e266-b36e-41e7-bc5b-d17cd870e622]
[2026-04-01 01:31:28] Directory for https://uptech-group.com/blog/d5f4e266-b36e-41e7-bc5b-d17cd870e622 not found. No cache to purge
[2026-04-01 01:31:28] Directory for https://uptech-group.com/blog/d5f4e266-b36e-41e7-bc5b-d17cd870e622 not found. No cache to purge
[2026-04-01 01:31:28] Clearing cache for 2 taxonomy and pagination URLs
[2026-04-01 01:31:28] Compatible cache found : starting server cache purge on Varnish
[2026-04-01 01:31:28] WordPress object cache cleared
[2026-04-01 01:31:28] Starting AutoPurge cache clearing for action [trashed_post]... [{
    "code": "SUCCESS"
}]
[2026-04-01 01:31:28] Directory for {
    "code": "SUCCESS"
} not found. No cache to purge
[2026-04-01 01:31:28] Directory for {
    "code": "SUCCESS"
} not found. No cache to purge
[2026-04-01 01:31:28] Clearing cache for 2 taxonomy and pagination URLs
[2026-04-01 01:31:28] Compatible cache found : starting server cache purge on Varnish
[2026-04-01 01:31:28] WordPress object cache cleared
[2026-04-01 01:31:28] Starting AutoPurge cache clearing for action [post_updated]... [https://uptech-group.com/blog/?p=2733]
[2026-04-01 01:31:28] Directory for https://uptech-group.com/blog/?p=2733 not found. No cache to purge
[2026-04-01 01:31:28] Directory for https://uptech-group.com/blog/?p=2733 not found. No cache to purge
[2026-04-01 01:31:28] Clearing cache for 2 taxonomy and pagination URLs
[2026-04-01 01:31:28] Compatible cache found : starting server cache purge on Varnish
[2026-04-01 01:31:28] WordPress object cache cleared
[2026-04-01 01:31:28] Starting AutoPurge cache clearing for action [post_updated]... [{
    "code": "SUCCESS"
}]
[2026-04-01 01:31:28] Directory for {
    "code": "SUCCESS"
} not found. No cache to purge
[2026-04-01 01:31:28] Directory for {
    "code": "SUCCESS"
} not found. No cache to purge
[2026-04-01 01:31:28] Clearing cache for 2 taxonomy and pagination URLs
[2026-04-01 01:31:28] Compatible cache found : starting server cache purge on Varnish
[2026-04-01 01:31:28] WordPress object cache cleared
[2026-04-01 01:31:28] Starting AutoPurge cache clearing for action [post_updated]... [https://uptech-group.com/blog/?p=2733]
[2026-04-01 01:31:28] Directory for https://uptech-group.com/blog/?p=2733 not found. No cache to purge
[2026-04-01 01:31:28] Directory for https://uptech-group.com/blog/?p=2733 not found. No cache to purge
[2026-04-01 01:31:28] Clearing cache for 2 taxonomy and pagination URLs
[2026-04-01 01:31:28] Compatible cache found : starting server cache purge on Varnish
[2026-04-01 01:31:28] WordPress object cache cleared
[2026-04-01 01:31:28] Starting AutoPurge cache clearing for action [post_updated]... [{
    "code": "SUCCESS"
}]
[2026-04-01 01:31:28] Directory for {
    "code": "SUCCESS"
} not found. No cache to purge
[2026-04-01 01:31:28] Directory for {
    "code": "SUCCESS"
} not found. No cache to purge
[2026-04-01 01:31:28] Clearing cache for 2 taxonomy and pagination URLs
[2026-04-01 01:31:28] Compatible cache found : starting server cache purge on Varnish
[2026-04-01 01:31:28] WordPress object cache cleared
[2026-04-01 01:32:46] Starting AutoPurge cache clearing for action [deleted_post]... [https://uptech-group.com/blog/2687]
[2026-04-01 01:32:46] Directory for https://uptech-group.com/blog/2687 not found. No cache to purge
[2026-04-01 01:32:46] Directory for https://uptech-group.com/blog/2687 not found. No cache to purge
[2026-04-01 01:32:46] Clearing cache for 2 taxonomy and pagination URLs
[2026-04-01 01:32:46] Compatible cache found : starting server cache purge on Varnish
[2026-04-01 01:32:46] WordPress object cache cleared
[2026-04-01 01:32:46] Starting AutoPurge cache clearing for action [deleted_post]... [{
    "code": "SUCCESS"
}]
[2026-04-01 01:32:46] Directory for {
    "code": "SUCCESS"
} not found. No cache to purge
[2026-04-01 01:32:46] Directory for {
    "code": "SUCCESS"
} not found. No cache to purge
[2026-04-01 01:32:46] Clearing cache for 2 taxonomy and pagination URLs
[2026-04-01 01:32:46] Compatible cache found : starting server cache purge on Varnish
[2026-04-01 01:32:46] WordPress object cache cleared
[2026-04-01 01:32:46] Starting AutoPurge cache clearing for action [deleted_post]... [https://uptech-group.com/blog/2688]
[2026-04-01 01:32:46] Directory for https://uptech-group.com/blog/2688 not found. No cache to purge
[2026-04-01 01:32:46] Directory for https://uptech-group.com/blog/2688 not found. No cache to purge
[2026-04-01 01:32:46] Clearing cache for 2 taxonomy and pagination URLs
[2026-04-01 01:32:46] Compatible cache found : starting server cache purge on Varnish
[2026-04-01 01:32:46] WordPress object cache cleared
[2026-04-01 01:32:46] Starting AutoPurge cache clearing for action [deleted_post]... [{
    "code": "SUCCESS"
}]
[2026-04-01 01:32:46] Directory for {
    "code": "SUCCESS"
} not found. No cache to purge
[2026-04-01 01:32:46] Directory for {
    "code": "SUCCESS"
} not found. No cache to purge
[2026-04-01 01:32:46] Clearing cache for 2 taxonomy and pagination URLs
[2026-04-01 01:32:46] Compatible cache found : starting server cache purge on Varnish
[2026-04-01 01:32:46] WordPress object cache cleared
[2026-04-01 01:32:46] Starting AutoPurge cache clearing for action [deleted_post]... [https://uptech-group.com/blog/2689]
[2026-04-01 01:32:46] Directory for https://uptech-group.com/blog/2689 not found. No cache to purge
[2026-04-01 01:32:46] Directory for https://uptech-group.com/blog/2689 not found. No cache to purge
[2026-04-01 01:32:46] Clearing cache for 2 taxonomy and pagination URLs
[2026-04-01 01:32:46] Compatible cache found : starting server cache purge on Varnish
[2026-04-01 01:32:46] WordPress object cache cleared
[2026-04-01 01:32:46] Starting AutoPurge cache clearing for action [deleted_post]... [{
    "code": "SUCCESS"
}]
[2026-04-01 01:32:46] Directory for {
    "code": "SUCCESS"
} not found. No cache to purge
[2026-04-01 01:32:46] Directory for {
    "code": "SUCCESS"
} not found. No cache to purge
[2026-04-01 01:32:46] Clearing cache for 2 taxonomy and pagination URLs
[2026-04-01 01:32:46] Compatible cache found : starting server cache purge on Varnish
[2026-04-01 01:32:46] WordPress object cache cleared
[2026-04-01 01:32:46] Starting AutoPurge cache clearing for action [deleted_post]... [https://uptech-group.com/blog/2690]
[2026-04-01 01:32:46] Directory for https://uptech-group.com/blog/2690 not found. No cache to purge
[2026-04-01 01:32:46] Directory for https://uptech-group.com/blog/2690 not found. No cache to purge
[2026-04-01 01:32:46] Clearing cache for 2 taxonomy and pagination URLs
[2026-04-01 01:32:46] Compatible cache found : starting server cache purge on Varnish
[2026-04-01 01:32:46] WordPress object cache cleared
[2026-04-01 01:32:46] Starting AutoPurge cache clearing for action [deleted_post]... [{
    "code": "SUCCESS"
}]
[2026-04-01 01:32:46] Directory for {
    "code": "SUCCESS"
} not found. No cache to purge
[2026-04-01 01:32:46] Directory for {
    "code": "SUCCESS"
} not found. No cache to purge
[2026-04-01 01:32:46] Clearing cache for 2 taxonomy and pagination URLs
[2026-04-01 01:32:46] Compatible cache found : starting server cache purge on Varnish
[2026-04-01 01:32:46] WordPress object cache cleared
[2026-04-01 01:32:46] Starting AutoPurge cache clearing for action [deleted_post]... [https://uptech-group.com/blog/2691]
[2026-04-01 01:32:46] Directory for https://uptech-group.com/blog/2691 not found. No cache to purge
[2026-04-01 01:32:46] Directory for https://uptech-group.com/blog/2691 not found. No cache to purge
[2026-04-01 01:32:46] Clearing cache for 2 taxonomy and pagination URLs
[2026-04-01 01:32:46] Compatible cache found : starting server cache purge on Varnish
[2026-04-01 01:32:46] WordPress object cache cleared
[2026-04-01 01:32:46] Starting AutoPurge cache clearing for action [deleted_post]... [{
    "code": "SUCCESS"
}]
[2026-04-01 01:32:46] Directory for {
    "code": "SUCCESS"
} not found. No cache to purge
[2026-04-01 01:32:46] Directory for {
    "code": "SUCCESS"
} not found. No cache to purge
[2026-04-01 01:32:46] Clearing cache for 2 taxonomy and pagination URLs
[2026-04-01 01:32:46] Compatible cache found : starting server cache purge on Varnish
[2026-04-01 01:32:46] WordPress object cache cleared
[2026-04-01 01:32:46] Starting AutoPurge cache clearing for action [deleted_post]... [https://uptech-group.com/blog/2692]
[2026-04-01 01:32:46] Directory for https://uptech-group.com/blog/2692 not found. No cache to purge
[2026-04-01 01:32:46] Directory for https://uptech-group.com/blog/2692 not found. No cache to purge
[2026-04-01 01:32:46] Clearing cache for 2 taxonomy and pagination URLs
[2026-04-01 01:32:46] Compatible cache found : starting server cache purge on Varnish
[2026-04-01 01:32:46] WordPress object cache cleared
[2026-04-01 01:32:46] Starting AutoPurge cache clearing for action [deleted_post]... [{
    "code": "SUCCESS"
}]
[2026-04-01 01:32:46] Directory for {
    "code": "SUCCESS"
} not found. No cache to purge
[2026-04-01 01:32:46] Directory for {
    "code": "SUCCESS"
} not found. No cache to purge
[2026-04-01 01:32:46] Clearing cache for 2 taxonomy and pagination URLs
[2026-04-01 01:32:46] Compatible cache found : starting server cache purge on Varnish
[2026-04-01 01:32:46] WordPress object cache cleared
[2026-04-01 01:32:47] Starting AutoPurge cache clearing for action [deleted_post]... [https://uptech-group.com/blog/2693]
[2026-04-01 01:32:47] Directory for https://uptech-group.com/blog/2693 not found. No cache to purge
[2026-04-01 01:32:47] Directory for https://uptech-group.com/blog/2693 not found. No cache to purge
[2026-04-01 01:32:47] Clearing cache for 2 taxonomy and pagination URLs
[2026-04-01 01:32:47] Compatible cache found : starting server cache purge on Varnish
[2026-04-01 01:32:47] WordPress object cache cleared
[2026-04-01 01:32:47] Starting AutoPurge cache clearing for action [deleted_post]... [{
    "code": "SUCCESS"
}]
[2026-04-01 01:32:47] Directory for {
    "code": "SUCCESS"
} not found. No cache to purge
[2026-04-01 01:32:47] Directory for {
    "code": "SUCCESS"
} not found. No cache to purge
[2026-04-01 01:32:47] Clearing cache for 2 taxonomy and pagination URLs
[2026-04-01 01:32:47] Compatible cache found : starting server cache purge on Varnish
[2026-04-01 01:32:47] WordPress object cache cleared
[2026-04-01 01:32:47] Starting AutoPurge cache clearing for action [deleted_post]... [https://uptech-group.com/blog/main-page-2]
[2026-04-01 01:32:47] Directory for https://uptech-group.com/blog/main-page-2 not found. No cache to purge
[2026-04-01 01:32:47] Directory for https://uptech-group.com/blog/main-page-2 not found. No cache to purge
[2026-04-01 01:32:47] Clearing cache for 2 taxonomy and pagination URLs
[2026-04-01 01:32:47] Compatible cache found : starting server cache purge on Varnish
[2026-04-01 01:32:47] WordPress object cache cleared
[2026-04-01 01:32:47] Starting AutoPurge cache clearing for action [deleted_post]... [{
    "code": "SUCCESS"
}]
[2026-04-01 01:32:47] Directory for {
    "code": "SUCCESS"
} not found. No cache to purge
[2026-04-01 01:32:47] Directory for {
    "code": "SUCCESS"
} not found. No cache to purge
[2026-04-01 01:32:47] Clearing cache for 2 taxonomy and pagination URLs
[2026-04-01 01:32:47] Compatible cache found : starting server cache purge on Varnish
[2026-04-01 01:32:47] WordPress object cache cleared
[2026-04-01 01:34:08] Starting AutoPurge cache clearing for action [post_updated]... [https://uptech-group.com/blog/2734/]
[2026-04-01 01:34:08] Directory for https://uptech-group.com/blog/2734/ not found. No cache to purge
[2026-04-01 01:34:08] Directory for https://uptech-group.com/blog/2734/ not found. No cache to purge
[2026-04-01 01:34:08] Clearing cache for 2 taxonomy and pagination URLs
[2026-04-01 01:34:08] Compatible cache found : starting server cache purge on Varnish
[2026-04-01 01:34:08] WordPress object cache cleared
[2026-04-01 01:34:08] Starting AutoPurge cache clearing for action [post_updated]... [{
    "code": "SUCCESS"
}]
[2026-04-01 01:34:08] Directory for {
    "code": "SUCCESS"
} not found. No cache to purge
[2026-04-01 01:34:08] Directory for {
    "code": "SUCCESS"
} not found. No cache to purge
[2026-04-01 01:34:08] Clearing cache for 2 taxonomy and pagination URLs
[2026-04-01 01:34:08] Compatible cache found : starting server cache purge on Varnish
[2026-04-01 01:34:08] WordPress object cache cleared
[2026-04-01 01:34:08] Starting AutoPurge cache clearing for action [post_updated]... [https://uptech-group.com/blog/2734/]
[2026-04-01 01:34:08] Directory for https://uptech-group.com/blog/2734/ not found. No cache to purge
[2026-04-01 01:34:08] Directory for https://uptech-group.com/blog/2734/ not found. No cache to purge
[2026-04-01 01:34:08] Clearing cache for 2 taxonomy and pagination URLs
[2026-04-01 01:34:08] Compatible cache found : starting server cache purge on Varnish
[2026-04-01 01:34:08] WordPress object cache cleared
[2026-04-01 01:34:08] Starting AutoPurge cache clearing for action [post_updated]... [{
    "code": "SUCCESS"
}]
[2026-04-01 01:34:08] Directory for {
    "code": "SUCCESS"
} not found. No cache to purge
[2026-04-01 01:34:08] Directory for {
    "code": "SUCCESS"
} not found. No cache to purge
[2026-04-01 01:34:08] Clearing cache for 2 taxonomy and pagination URLs
[2026-04-01 01:34:08] Compatible cache found : starting server cache purge on Varnish
[2026-04-01 01:34:08] WordPress object cache cleared
[2026-04-01 01:34:08] Starting AutoPurge cache clearing for action [post_updated]... [https://uptech-group.com/blog/2735/]
[2026-04-01 01:34:08] Directory for https://uptech-group.com/blog/2735/ not found. No cache to purge
[2026-04-01 01:34:08] Directory for https://uptech-group.com/blog/2735/ not found. No cache to purge
[2026-04-01 01:34:08] Clearing cache for 2 taxonomy and pagination URLs
[2026-04-01 01:34:08] Compatible cache found : starting server cache purge on Varnish
[2026-04-01 01:34:08] WordPress object cache cleared
[2026-04-01 01:34:08] Starting AutoPurge cache clearing for action [post_updated]... [{
    "code": "SUCCESS"
}]
[2026-04-01 01:34:08] Directory for {
    "code": "SUCCESS"
} not found. No cache to purge
[2026-04-01 01:34:08] Directory for {
    "code": "SUCCESS"
} not found. No cache to purge
[2026-04-01 01:34:08] Clearing cache for 2 taxonomy and pagination URLs
[2026-04-01 01:34:08] Compatible cache found : starting server cache purge on Varnish
[2026-04-01 01:34:08] WordPress object cache cleared
[2026-04-01 01:34:08] Starting AutoPurge cache clearing for action [post_updated]... [https://uptech-group.com/blog/2735/]
[2026-04-01 01:34:08] Directory for https://uptech-group.com/blog/2735/ not found. No cache to purge
[2026-04-01 01:34:08] Directory for https://uptech-group.com/blog/2735/ not found. No cache to purge
[2026-04-01 01:34:08] Clearing cache for 2 taxonomy and pagination URLs
[2026-04-01 01:34:08] Compatible cache found : starting server cache purge on Varnish
[2026-04-01 01:34:08] WordPress object cache cleared
[2026-04-01 01:34:08] Starting AutoPurge cache clearing for action [post_updated]... [{
    "code": "SUCCESS"
}]
[2026-04-01 01:34:08] Directory for {
    "code": "SUCCESS"
} not found. No cache to purge
[2026-04-01 01:34:08] Directory for {
    "code": "SUCCESS"
} not found. No cache to purge
[2026-04-01 01:34:08] Clearing cache for 2 taxonomy and pagination URLs
[2026-04-01 01:34:09] Compatible cache found : starting server cache purge on Varnish
[2026-04-01 01:34:09] WordPress object cache cleared
[2026-04-01 01:36:36] Starting AutoPurge cache clearing for action [post_updated]... [https://uptech-group.com/blog/2734/]
[2026-04-01 01:36:36] Directory for https://uptech-group.com/blog/2734/ not found. No cache to purge
[2026-04-01 01:36:36] Directory for https://uptech-group.com/blog/2734/ not found. No cache to purge
[2026-04-01 01:36:36] Clearing cache for 2 taxonomy and pagination URLs
[2026-04-01 01:36:36] Compatible cache found : starting server cache purge on Varnish
[2026-04-01 01:36:36] WordPress object cache cleared
[2026-04-01 01:36:36] Starting AutoPurge cache clearing for action [post_updated]... [{
    "code": "SUCCESS"
}]
[2026-04-01 01:36:36] Directory for {
    "code": "SUCCESS"
} not found. No cache to purge
[2026-04-01 01:36:36] Directory for {
    "code": "SUCCESS"
} not found. No cache to purge
[2026-04-01 01:36:36] Clearing cache for 2 taxonomy and pagination URLs
[2026-04-01 01:36:36] Compatible cache found : starting server cache purge on Varnish
[2026-04-01 01:36:36] WordPress object cache cleared
[2026-04-01 01:36:36] Starting AutoPurge cache clearing for action [post_updated]... [https://uptech-group.com/blog/2734/]
[2026-04-01 01:36:36] Directory for https://uptech-group.com/blog/2734/ not found. No cache to purge
[2026-04-01 01:36:36] Directory for https://uptech-group.com/blog/2734/ not found. No cache to purge
[2026-04-01 01:36:36] Clearing cache for 2 taxonomy and pagination URLs
[2026-04-01 01:36:36] Compatible cache found : starting server cache purge on Varnish
[2026-04-01 01:36:36] WordPress object cache cleared
[2026-04-01 01:36:36] Starting AutoPurge cache clearing for action [post_updated]... [{
    "code": "SUCCESS"
}]
[2026-04-01 01:36:36] Directory for {
    "code": "SUCCESS"
} not found. No cache to purge
[2026-04-01 01:36:36] Directory for {
    "code": "SUCCESS"
} not found. No cache to purge
[2026-04-01 01:36:36] Clearing cache for 2 taxonomy and pagination URLs
[2026-04-01 01:36:36] Compatible cache found : starting server cache purge on Varnish
[2026-04-01 01:36:36] WordPress object cache cleared
[2026-04-01 01:36:36] Starting AutoPurge cache clearing for action [post_updated]... [https://uptech-group.com/blog/2735/]
[2026-04-01 01:36:36] Directory for https://uptech-group.com/blog/2735/ not found. No cache to purge
[2026-04-01 01:36:36] Directory for https://uptech-group.com/blog/2735/ not found. No cache to purge
[2026-04-01 01:36:36] Clearing cache for 2 taxonomy and pagination URLs
[2026-04-01 01:36:36] Compatible cache found : starting server cache purge on Varnish
[2026-04-01 01:36:36] WordPress object cache cleared
[2026-04-01 01:36:36] Starting AutoPurge cache clearing for action [post_updated]... [{
    "code": "SUCCESS"
}]
[2026-04-01 01:36:36] Directory for {
    "code": "SUCCESS"
} not found. No cache to purge
[2026-04-01 01:36:36] Directory for {
    "code": "SUCCESS"
} not found. No cache to purge
[2026-04-01 01:36:36] Clearing cache for 2 taxonomy and pagination URLs
[2026-04-01 01:36:36] Compatible cache found : starting server cache purge on Varnish
[2026-04-01 01:36:36] WordPress object cache cleared
[2026-04-01 01:36:36] Starting AutoPurge cache clearing for action [post_updated]... [https://uptech-group.com/blog/2735/]
[2026-04-01 01:36:36] Directory for https://uptech-group.com/blog/2735/ not found. No cache to purge
[2026-04-01 01:36:36] Directory for https://uptech-group.com/blog/2735/ not found. No cache to purge
[2026-04-01 01:36:36] Clearing cache for 2 taxonomy and pagination URLs
[2026-04-01 01:36:36] Compatible cache found : starting server cache purge on Varnish
[2026-04-01 01:36:36] WordPress object cache cleared
[2026-04-01 01:36:36] Starting AutoPurge cache clearing for action [post_updated]... [{
    "code": "SUCCESS"
}]
[2026-04-01 01:36:36] Directory for {
    "code": "SUCCESS"
} not found. No cache to purge
[2026-04-01 01:36:36] Directory for {
    "code": "SUCCESS"
} not found. No cache to purge
[2026-04-01 01:36:36] Clearing cache for 2 taxonomy and pagination URLs
[2026-04-01 01:36:36] Compatible cache found : starting server cache purge on Varnish
[2026-04-01 01:36:36] WordPress object cache cleared
[2026-04-01 01:36:36] Starting AutoPurge cache clearing for action [post_updated]... [https://uptech-group.com/blog/up-tech-group/]
[2026-04-01 01:36:36] Directory for https://uptech-group.com/blog/up-tech-group/ not found. No cache to purge
[2026-04-01 01:36:36] Directory for https://uptech-group.com/blog/up-tech-group/ not found. No cache to purge
[2026-04-01 01:36:36] Clearing cache for 2 taxonomy and pagination URLs
[2026-04-01 01:36:36] Compatible cache found : starting server cache purge on Varnish
[2026-04-01 01:36:36] WordPress object cache cleared
[2026-04-01 01:36:36] Starting AutoPurge cache clearing for action [post_updated]... [{
    "code": "SUCCESS"
}]
[2026-04-01 01:36:36] Directory for {
    "code": "SUCCESS"
} not found. No cache to purge
[2026-04-01 01:36:36] Directory for {
    "code": "SUCCESS"
} not found. No cache to purge
[2026-04-01 01:36:36] Clearing cache for 2 taxonomy and pagination URLs
[2026-04-01 01:36:36] Compatible cache found : starting server cache purge on Varnish
[2026-04-01 01:36:36] WordPress object cache cleared
[2026-04-01 01:36:36] Starting AutoPurge cache clearing for action [post_updated]... [https://uptech-group.com/blog/up-tech-group/]
[2026-04-01 01:36:36] Directory for https://uptech-group.com/blog/up-tech-group/ not found. No cache to purge
[2026-04-01 01:36:36] Directory for https://uptech-group.com/blog/up-tech-group/ not found. No cache to purge
[2026-04-01 01:36:36] Clearing cache for 2 taxonomy and pagination URLs
[2026-04-01 01:36:36] Compatible cache found : starting server cache purge on Varnish
[2026-04-01 01:36:36] WordPress object cache cleared
[2026-04-01 01:36:36] Starting AutoPurge cache clearing for action [post_updated]... [{
    "code": "SUCCESS"
}]
[2026-04-01 01:36:36] Directory for {
    "code": "SUCCESS"
} not found. No cache to purge
[2026-04-01 01:36:36] Directory for {
    "code": "SUCCESS"
} not found. No cache to purge
[2026-04-01 01:36:36] Clearing cache for 2 taxonomy and pagination URLs
[2026-04-01 01:36:36] Compatible cache found : starting server cache purge on Varnish
[2026-04-01 01:36:36] WordPress object cache cleared
[2026-04-01 01:38:55] Starting AutoPurge cache clearing for action [post_updated]... [https://uptech-group.com/blog/2734/]
[2026-04-01 01:38:55] Directory for https://uptech-group.com/blog/2734/ not found. No cache to purge
[2026-04-01 01:38:55] Directory for https://uptech-group.com/blog/2734/ not found. No cache to purge
[2026-04-01 01:38:55] Clearing cache for 2 taxonomy and pagination URLs
[2026-04-01 01:38:55] Compatible cache found : starting server cache purge on Varnish
[2026-04-01 01:38:55] WordPress object cache cleared
[2026-04-01 01:38:55] Starting AutoPurge cache clearing for action [post_updated]... [{
    "code": "SUCCESS"
}]
[2026-04-01 01:38:55] Directory for {
    "code": "SUCCESS"
} not found. No cache to purge
[2026-04-01 01:38:55] Directory for {
    "code": "SUCCESS"
} not found. No cache to purge
[2026-04-01 01:38:55] Clearing cache for 2 taxonomy and pagination URLs
[2026-04-01 01:38:55] Compatible cache found : starting server cache purge on Varnish
[2026-04-01 01:38:55] WordPress object cache cleared
[2026-04-01 01:38:55] Starting AutoPurge cache clearing for action [post_updated]... [https://uptech-group.com/blog/2734/]
[2026-04-01 01:38:55] Directory for https://uptech-group.com/blog/2734/ not found. No cache to purge
[2026-04-01 01:38:55] Directory for https://uptech-group.com/blog/2734/ not found. No cache to purge
[2026-04-01 01:38:55] Clearing cache for 2 taxonomy and pagination URLs
[2026-04-01 01:38:55] Compatible cache found : starting server cache purge on Varnish
[2026-04-01 01:38:55] WordPress object cache cleared
[2026-04-01 01:38:55] Starting AutoPurge cache clearing for action [post_updated]... [{
    "code": "SUCCESS"
}]
[2026-04-01 01:38:55] Directory for {
    "code": "SUCCESS"
} not found. No cache to purge
[2026-04-01 01:38:55] Directory for {
    "code": "SUCCESS"
} not found. No cache to purge
[2026-04-01 01:38:55] Clearing cache for 2 taxonomy and pagination URLs
[2026-04-01 01:38:55] Compatible cache found : starting server cache purge on Varnish
[2026-04-01 01:38:55] WordPress object cache cleared
[2026-04-01 01:38:55] Starting AutoPurge cache clearing for action [post_updated]... [https://uptech-group.com/blog/2735/]
[2026-04-01 01:38:55] Directory for https://uptech-group.com/blog/2735/ not found. No cache to purge
[2026-04-01 01:38:55] Directory for https://uptech-group.com/blog/2735/ not found. No cache to purge
[2026-04-01 01:38:55] Clearing cache for 2 taxonomy and pagination URLs
[2026-04-01 01:38:55] Compatible cache found : starting server cache purge on Varnish
[2026-04-01 01:38:55] WordPress object cache cleared
[2026-04-01 01:38:55] Starting AutoPurge cache clearing for action [post_updated]... [{
    "code": "SUCCESS"
}]
[2026-04-01 01:38:55] Directory for {
    "code": "SUCCESS"
} not found. No cache to purge
[2026-04-01 01:38:55] Directory for {
    "code": "SUCCESS"
} not found. No cache to purge
[2026-04-01 01:38:55] Clearing cache for 2 taxonomy and pagination URLs
[2026-04-01 01:38:55] Compatible cache found : starting server cache purge on Varnish
[2026-04-01 01:38:55] WordPress object cache cleared
[2026-04-01 01:38:55] Starting AutoPurge cache clearing for action [post_updated]... [https://uptech-group.com/blog/2735/]
[2026-04-01 01:38:55] Directory for https://uptech-group.com/blog/2735/ not found. No cache to purge
[2026-04-01 01:38:55] Directory for https://uptech-group.com/blog/2735/ not found. No cache to purge
[2026-04-01 01:38:55] Clearing cache for 2 taxonomy and pagination URLs
[2026-04-01 01:38:55] Compatible cache found : starting server cache purge on Varnish
[2026-04-01 01:38:55] WordPress object cache cleared
[2026-04-01 01:38:55] Starting AutoPurge cache clearing for action [post_updated]... [{
    "code": "SUCCESS"
}]
[2026-04-01 01:38:55] Directory for {
    "code": "SUCCESS"
} not found. No cache to purge
[2026-04-01 01:38:55] Directory for {
    "code": "SUCCESS"
} not found. No cache to purge
[2026-04-01 01:38:55] Clearing cache for 2 taxonomy and pagination URLs
[2026-04-01 01:38:55] Compatible cache found : starting server cache purge on Varnish
[2026-04-01 01:38:55] WordPress object cache cleared
[2026-04-01 01:38:55] Starting AutoPurge cache clearing for action [post_updated]... [https://uptech-group.com/blog/up-tech-group/]
[2026-04-01 01:38:55] Directory for https://uptech-group.com/blog/up-tech-group/ not found. No cache to purge
[2026-04-01 01:38:55] Directory for https://uptech-group.com/blog/up-tech-group/ not found. No cache to purge
[2026-04-01 01:38:55] Clearing cache for 2 taxonomy and pagination URLs
[2026-04-01 01:38:55] Compatible cache found : starting server cache purge on Varnish
[2026-04-01 01:38:55] WordPress object cache cleared
[2026-04-01 01:38:55] Starting AutoPurge cache clearing for action [post_updated]... [{
    "code": "SUCCESS"
}]
[2026-04-01 01:38:55] Directory for {
    "code": "SUCCESS"
} not found. No cache to purge
[2026-04-01 01:38:55] Directory for {
    "code": "SUCCESS"
} not found. No cache to purge
[2026-04-01 01:38:55] Clearing cache for 2 taxonomy and pagination URLs
[2026-04-01 01:38:55] Compatible cache found : starting server cache purge on Varnish
[2026-04-01 01:38:55] WordPress object cache cleared
[2026-04-01 01:38:55] Starting AutoPurge cache clearing for action [post_updated]... [https://uptech-group.com/blog/up-tech-group/]
[2026-04-01 01:38:55] Directory for https://uptech-group.com/blog/up-tech-group/ not found. No cache to purge
[2026-04-01 01:38:55] Directory for https://uptech-group.com/blog/up-tech-group/ not found. No cache to purge
[2026-04-01 01:38:55] Clearing cache for 2 taxonomy and pagination URLs
[2026-04-01 01:38:55] Compatible cache found : starting server cache purge on Varnish
[2026-04-01 01:38:55] WordPress object cache cleared
[2026-04-01 01:38:55] Starting AutoPurge cache clearing for action [post_updated]... [{
    "code": "SUCCESS"
}]
[2026-04-01 01:38:55] Directory for {
    "code": "SUCCESS"
} not found. No cache to purge
[2026-04-01 01:38:55] Directory for {
    "code": "SUCCESS"
} not found. No cache to purge
[2026-04-01 01:38:55] Clearing cache for 2 taxonomy and pagination URLs
[2026-04-01 01:38:55] Compatible cache found : starting server cache purge on Varnish
[2026-04-01 01:38:55] WordPress object cache cleared
[2026-04-01 01:41:16] Starting AutoPurge cache clearing for action [post_updated]... [https://uptech-group.com/blog/2734/]
[2026-04-01 01:41:16] Directory for https://uptech-group.com/blog/2734/ not found. No cache to purge
[2026-04-01 01:41:16] Directory for https://uptech-group.com/blog/2734/ not found. No cache to purge
[2026-04-01 01:41:16] Clearing cache for 2 taxonomy and pagination URLs
[2026-04-01 01:41:16] Compatible cache found : starting server cache purge on Varnish
[2026-04-01 01:41:16] WordPress object cache cleared
[2026-04-01 01:41:16] Starting AutoPurge cache clearing for action [post_updated]... [{
    "code": "SUCCESS"
}]
[2026-04-01 01:41:16] Directory for {
    "code": "SUCCESS"
} not found. No cache to purge
[2026-04-01 01:41:16] Directory for {
    "code": "SUCCESS"
} not found. No cache to purge
[2026-04-01 01:41:16] Clearing cache for 2 taxonomy and pagination URLs
[2026-04-01 01:41:16] Compatible cache found : starting server cache purge on Varnish
[2026-04-01 01:41:16] WordPress object cache cleared
[2026-04-01 01:41:16] Starting AutoPurge cache clearing for action [post_updated]... [https://uptech-group.com/blog/2734/]
[2026-04-01 01:41:16] Directory for https://uptech-group.com/blog/2734/ not found. No cache to purge
[2026-04-01 01:41:16] Directory for https://uptech-group.com/blog/2734/ not found. No cache to purge
[2026-04-01 01:41:16] Clearing cache for 2 taxonomy and pagination URLs
[2026-04-01 01:41:16] Compatible cache found : starting server cache purge on Varnish
[2026-04-01 01:41:16] WordPress object cache cleared
[2026-04-01 01:41:16] Starting AutoPurge cache clearing for action [post_updated]... [{
    "code": "SUCCESS"
}]
[2026-04-01 01:41:16] Directory for {
    "code": "SUCCESS"
} not found. No cache to purge
[2026-04-01 01:41:16] Directory for {
    "code": "SUCCESS"
} not found. No cache to purge
[2026-04-01 01:41:16] Clearing cache for 2 taxonomy and pagination URLs
[2026-04-01 01:41:16] Compatible cache found : starting server cache purge on Varnish
[2026-04-01 01:41:16] WordPress object cache cleared
[2026-04-01 01:41:16] Starting AutoPurge cache clearing for action [post_updated]... [https://uptech-group.com/blog/2735/]
[2026-04-01 01:41:16] Directory for https://uptech-group.com/blog/2735/ not found. No cache to purge
[2026-04-01 01:41:16] Directory for https://uptech-group.com/blog/2735/ not found. No cache to purge
[2026-04-01 01:41:16] Clearing cache for 2 taxonomy and pagination URLs
[2026-04-01 01:41:16] Compatible cache found : starting server cache purge on Varnish
[2026-04-01 01:41:16] WordPress object cache cleared
[2026-04-01 01:41:16] Starting AutoPurge cache clearing for action [post_updated]... [{
    "code": "SUCCESS"
}]
[2026-04-01 01:41:16] Directory for {
    "code": "SUCCESS"
} not found. No cache to purge
[2026-04-01 01:41:16] Directory for {
    "code": "SUCCESS"
} not found. No cache to purge
[2026-04-01 01:41:16] Clearing cache for 2 taxonomy and pagination URLs
[2026-04-01 01:41:16] Compatible cache found : starting server cache purge on Varnish
[2026-04-01 01:41:16] WordPress object cache cleared
[2026-04-01 01:41:16] Starting AutoPurge cache clearing for action [post_updated]... [https://uptech-group.com/blog/2735/]
[2026-04-01 01:41:16] Directory for https://uptech-group.com/blog/2735/ not found. No cache to purge
[2026-04-01 01:41:16] Directory for https://uptech-group.com/blog/2735/ not found. No cache to purge
[2026-04-01 01:41:16] Clearing cache for 2 taxonomy and pagination URLs
[2026-04-01 01:41:16] Compatible cache found : starting server cache purge on Varnish
[2026-04-01 01:41:16] WordPress object cache cleared
[2026-04-01 01:41:16] Starting AutoPurge cache clearing for action [post_updated]... [{
    "code": "SUCCESS"
}]
[2026-04-01 01:41:16] Directory for {
    "code": "SUCCESS"
} not found. No cache to purge
[2026-04-01 01:41:16] Directory for {
    "code": "SUCCESS"
} not found. No cache to purge
[2026-04-01 01:41:16] Clearing cache for 2 taxonomy and pagination URLs
[2026-04-01 01:41:17] Compatible cache found : starting server cache purge on Varnish
[2026-04-01 01:41:17] WordPress object cache cleared
[2026-04-01 01:41:22] Starting AutoPurge cache clearing for action [post_updated]... [https://uptech-group.com/blog/up-tech-group/]
[2026-04-01 01:41:22] Directory for https://uptech-group.com/blog/up-tech-group/ not found. No cache to purge
[2026-04-01 01:41:22] Directory for https://uptech-group.com/blog/up-tech-group/ not found. No cache to purge
[2026-04-01 01:41:22] Clearing cache for 2 taxonomy and pagination URLs
[2026-04-01 01:41:22] Compatible cache found : starting server cache purge on Varnish
[2026-04-01 01:41:22] WordPress object cache cleared
[2026-04-01 01:41:22] Starting AutoPurge cache clearing for action [post_updated]... [{
    "code": "SUCCESS"
}]
[2026-04-01 01:41:22] Directory for {
    "code": "SUCCESS"
} not found. No cache to purge
[2026-04-01 01:41:22] Directory for {
    "code": "SUCCESS"
} not found. No cache to purge
[2026-04-01 01:41:22] Clearing cache for 2 taxonomy and pagination URLs
[2026-04-01 01:41:22] Compatible cache found : starting server cache purge on Varnish
[2026-04-01 01:41:22] WordPress object cache cleared
[2026-04-01 01:41:22] Starting AutoPurge cache clearing for action [post_updated]... [https://uptech-group.com/blog/up-tech-group/]
[2026-04-01 01:41:22] Directory for https://uptech-group.com/blog/up-tech-group/ not found. No cache to purge
[2026-04-01 01:41:22] Directory for https://uptech-group.com/blog/up-tech-group/ not found. No cache to purge
[2026-04-01 01:41:22] Clearing cache for 2 taxonomy and pagination URLs
[2026-04-01 01:41:22] Compatible cache found : starting server cache purge on Varnish
[2026-04-01 01:41:22] WordPress object cache cleared
[2026-04-01 01:41:22] Starting AutoPurge cache clearing for action [post_updated]... [{
    "code": "SUCCESS"
}]
[2026-04-01 01:41:22] Directory for {
    "code": "SUCCESS"
} not found. No cache to purge
[2026-04-01 01:41:22] Directory for {
    "code": "SUCCESS"
} not found. No cache to purge
[2026-04-01 01:41:22] Clearing cache for 2 taxonomy and pagination URLs
[2026-04-01 01:41:22] Compatible cache found : starting server cache purge on Varnish
[2026-04-01 01:41:22] WordPress object cache cleared
[2026-04-01 01:41:53] Starting AutoPurge cache clearing for action [post_updated]... [https://uptech-group.com/blog/2734/]
[2026-04-01 01:41:53] Directory for https://uptech-group.com/blog/2734/ not found. No cache to purge
[2026-04-01 01:41:53] Directory for https://uptech-group.com/blog/2734/ not found. No cache to purge
[2026-04-01 01:41:53] Clearing cache for 2 taxonomy and pagination URLs
[2026-04-01 01:41:53] Compatible cache found : starting server cache purge on Varnish
[2026-04-01 01:41:53] WordPress object cache cleared
[2026-04-01 01:41:53] Starting AutoPurge cache clearing for action [post_updated]... [{
    "code": "SUCCESS"
}]
[2026-04-01 01:41:53] Directory for {
    "code": "SUCCESS"
} not found. No cache to purge
[2026-04-01 01:41:53] Directory for {
    "code": "SUCCESS"
} not found. No cache to purge
[2026-04-01 01:41:53] Clearing cache for 2 taxonomy and pagination URLs
[2026-04-01 01:41:53] Compatible cache found : starting server cache purge on Varnish
[2026-04-01 01:41:53] WordPress object cache cleared
[2026-04-01 01:41:53] Starting AutoPurge cache clearing for action [post_updated]... [https://uptech-group.com/blog/2734/]
[2026-04-01 01:41:53] Directory for https://uptech-group.com/blog/2734/ not found. No cache to purge
[2026-04-01 01:41:53] Directory for https://uptech-group.com/blog/2734/ not found. No cache to purge
[2026-04-01 01:41:53] Clearing cache for 2 taxonomy and pagination URLs
[2026-04-01 01:41:53] Compatible cache found : starting server cache purge on Varnish
[2026-04-01 01:41:53] WordPress object cache cleared
[2026-04-01 01:41:53] Starting AutoPurge cache clearing for action [post_updated]... [{
    "code": "SUCCESS"
}]
[2026-04-01 01:41:53] Directory for {
    "code": "SUCCESS"
} not found. No cache to purge
[2026-04-01 01:41:53] Directory for {
    "code": "SUCCESS"
} not found. No cache to purge
[2026-04-01 01:41:53] Clearing cache for 2 taxonomy and pagination URLs
[2026-04-01 01:41:53] Compatible cache found : starting server cache purge on Varnish
[2026-04-01 01:41:53] WordPress object cache cleared
[2026-04-01 01:41:53] Starting AutoPurge cache clearing for action [post_updated]... [https://uptech-group.com/blog/2735/]
[2026-04-01 01:41:53] Directory for https://uptech-group.com/blog/2735/ not found. No cache to purge
[2026-04-01 01:41:53] Directory for https://uptech-group.com/blog/2735/ not found. No cache to purge
[2026-04-01 01:41:53] Clearing cache for 2 taxonomy and pagination URLs
[2026-04-01 01:41:53] Compatible cache found : starting server cache purge on Varnish
[2026-04-01 01:41:53] WordPress object cache cleared
[2026-04-01 01:41:53] Starting AutoPurge cache clearing for action [post_updated]... [{
    "code": "SUCCESS"
}]
[2026-04-01 01:41:53] Directory for {
    "code": "SUCCESS"
} not found. No cache to purge
[2026-04-01 01:41:53] Directory for {
    "code": "SUCCESS"
} not found. No cache to purge
[2026-04-01 01:41:53] Clearing cache for 2 taxonomy and pagination URLs
[2026-04-01 01:41:54] Compatible cache found : starting server cache purge on Varnish
[2026-04-01 01:41:54] WordPress object cache cleared
[2026-04-01 01:41:54] Starting AutoPurge cache clearing for action [post_updated]... [https://uptech-group.com/blog/2735/]
[2026-04-01 01:41:54] Directory for https://uptech-group.com/blog/2735/ not found. No cache to purge
[2026-04-01 01:41:54] Directory for https://uptech-group.com/blog/2735/ not found. No cache to purge
[2026-04-01 01:41:54] Clearing cache for 2 taxonomy and pagination URLs
[2026-04-01 01:41:54] Compatible cache found : starting server cache purge on Varnish
[2026-04-01 01:41:54] WordPress object cache cleared
[2026-04-01 01:41:54] Starting AutoPurge cache clearing for action [post_updated]... [{
    "code": "SUCCESS"
}]
[2026-04-01 01:41:54] Directory for {
    "code": "SUCCESS"
} not found. No cache to purge
[2026-04-01 01:41:54] Directory for {
    "code": "SUCCESS"
} not found. No cache to purge
[2026-04-01 01:41:54] Clearing cache for 2 taxonomy and pagination URLs
[2026-04-01 01:41:54] Compatible cache found : starting server cache purge on Varnish
[2026-04-01 01:41:54] WordPress object cache cleared
[2026-04-01 01:41:54] Starting AutoPurge cache clearing for action [post_updated]... [https://uptech-group.com/blog/up-tech-group/]
[2026-04-01 01:41:54] Directory for https://uptech-group.com/blog/up-tech-group/ not found. No cache to purge
[2026-04-01 01:41:54] Directory for https://uptech-group.com/blog/up-tech-group/ not found. No cache to purge
[2026-04-01 01:41:54] Clearing cache for 2 taxonomy and pagination URLs
[2026-04-01 01:41:54] Compatible cache found : starting server cache purge on Varnish
[2026-04-01 01:41:54] WordPress object cache cleared
[2026-04-01 01:41:54] Starting AutoPurge cache clearing for action [post_updated]... [{
    "code": "SUCCESS"
}]
[2026-04-01 01:41:54] Directory for {
    "code": "SUCCESS"
} not found. No cache to purge
[2026-04-01 01:41:54] Directory for {
    "code": "SUCCESS"
} not found. No cache to purge
[2026-04-01 01:41:54] Clearing cache for 2 taxonomy and pagination URLs
[2026-04-01 01:41:54] Compatible cache found : starting server cache purge on Varnish
[2026-04-01 01:41:54] WordPress object cache cleared
[2026-04-01 01:41:54] Starting AutoPurge cache clearing for action [post_updated]... [https://uptech-group.com/blog/up-tech-group/]
[2026-04-01 01:41:54] Directory for https://uptech-group.com/blog/up-tech-group/ not found. No cache to purge
[2026-04-01 01:41:54] Directory for https://uptech-group.com/blog/up-tech-group/ not found. No cache to purge
[2026-04-01 01:41:54] Clearing cache for 2 taxonomy and pagination URLs
[2026-04-01 01:41:54] Compatible cache found : starting server cache purge on Varnish
[2026-04-01 01:41:54] WordPress object cache cleared
[2026-04-01 01:41:54] Starting AutoPurge cache clearing for action [post_updated]... [{
    "code": "SUCCESS"
}]
[2026-04-01 01:41:54] Directory for {
    "code": "SUCCESS"
} not found. No cache to purge
[2026-04-01 01:41:54] Directory for {
    "code": "SUCCESS"
} not found. No cache to purge
[2026-04-01 01:41:54] Clearing cache for 2 taxonomy and pagination URLs
[2026-04-01 01:41:54] Compatible cache found : starting server cache purge on Varnish
[2026-04-01 01:41:54] WordPress object cache cleared
[2026-04-01 01:44:00] Starting AutoPurge cache clearing for action [post_updated]... [https://uptech-group.com/blog/?p=2737]
[2026-04-01 01:44:00] Directory for https://uptech-group.com/blog/?p=2737 not found. No cache to purge
[2026-04-01 01:44:00] Directory for https://uptech-group.com/blog/?p=2737 not found. No cache to purge
[2026-04-01 01:44:00] Clearing cache for 2 taxonomy and pagination URLs
[2026-04-01 01:44:00] Compatible cache found : starting server cache purge on Varnish
[2026-04-01 01:44:00] WordPress object cache cleared
[2026-04-01 01:44:00] Starting AutoPurge cache clearing for action [post_updated]... [{
    "code": "SUCCESS"
}]
[2026-04-01 01:44:00] Directory for {
    "code": "SUCCESS"
} not found. No cache to purge
[2026-04-01 01:44:00] Directory for {
    "code": "SUCCESS"
} not found. No cache to purge
[2026-04-01 01:44:00] Clearing cache for 2 taxonomy and pagination URLs
[2026-04-01 01:44:00] Compatible cache found : starting server cache purge on Varnish
[2026-04-01 01:44:00] WordPress object cache cleared
[2026-04-01 01:44:00] Starting AutoPurge cache clearing for action [post_updated]... [https://uptech-group.com/blog/?p=2737]
[2026-04-01 01:44:00] Directory for https://uptech-group.com/blog/?p=2737 not found. No cache to purge
[2026-04-01 01:44:00] Directory for https://uptech-group.com/blog/?p=2737 not found. No cache to purge
[2026-04-01 01:44:00] Clearing cache for 2 taxonomy and pagination URLs
[2026-04-01 01:44:00] Compatible cache found : starting server cache purge on Varnish
[2026-04-01 01:44:00] WordPress object cache cleared
[2026-04-01 01:44:00] Starting AutoPurge cache clearing for action [post_updated]... [{
    "code": "SUCCESS"
}]
[2026-04-01 01:44:00] Directory for {
    "code": "SUCCESS"
} not found. No cache to purge
[2026-04-01 01:44:00] Directory for {
    "code": "SUCCESS"
} not found. No cache to purge
[2026-04-01 01:44:00] Clearing cache for 2 taxonomy and pagination URLs
[2026-04-01 01:44:00] Compatible cache found : starting server cache purge on Varnish
[2026-04-01 01:44:00] WordPress object cache cleared
[2026-04-01 01:45:01] Starting AutoPurge cache clearing for action [post_updated]... [https://uptech-group.com/blog/?p=2737]
[2026-04-01 01:45:01] Directory for https://uptech-group.com/blog/?p=2737 not found. No cache to purge
[2026-04-01 01:45:01] Directory for https://uptech-group.com/blog/?p=2737 not found. No cache to purge
[2026-04-01 01:45:01] Clearing cache for 2 taxonomy and pagination URLs
[2026-04-01 01:45:01] Compatible cache found : starting server cache purge on Varnish
[2026-04-01 01:45:01] WordPress object cache cleared
[2026-04-01 01:45:01] Starting AutoPurge cache clearing for action [post_updated]... [{
    "code": "SUCCESS"
}]
[2026-04-01 01:45:01] Directory for {
    "code": "SUCCESS"
} not found. No cache to purge
[2026-04-01 01:45:01] Directory for {
    "code": "SUCCESS"
} not found. No cache to purge
[2026-04-01 01:45:01] Clearing cache for 2 taxonomy and pagination URLs
[2026-04-01 01:45:01] Compatible cache found : starting server cache purge on Varnish
[2026-04-01 01:45:01] WordPress object cache cleared
[2026-04-01 01:45:01] Starting AutoPurge cache clearing for action [post_updated]... [https://uptech-group.com/blog/?p=2737]
[2026-04-01 01:45:01] Directory for https://uptech-group.com/blog/?p=2737 not found. No cache to purge
[2026-04-01 01:45:01] Directory for https://uptech-group.com/blog/?p=2737 not found. No cache to purge
[2026-04-01 01:45:01] Clearing cache for 2 taxonomy and pagination URLs
[2026-04-01 01:45:01] Compatible cache found : starting server cache purge on Varnish
[2026-04-01 01:45:01] WordPress object cache cleared
[2026-04-01 01:45:01] Starting AutoPurge cache clearing for action [post_updated]... [{
    "code": "SUCCESS"
}]
[2026-04-01 01:45:01] Directory for {
    "code": "SUCCESS"
} not found. No cache to purge
[2026-04-01 01:45:01] Directory for {
    "code": "SUCCESS"
} not found. No cache to purge
[2026-04-01 01:45:01] Clearing cache for 2 taxonomy and pagination URLs
[2026-04-01 01:45:01] Compatible cache found : starting server cache purge on Varnish
[2026-04-01 01:45:01] WordPress object cache cleared
[2026-04-01 01:46:20] Starting AutoPurge cache clearing for action [post_updated]... [https://uptech-group.com/blog/]
[2026-04-01 01:46:20] Directory for https://uptech-group.com/blog/ not found. No cache to purge
[2026-04-01 01:46:20] Directory for https://uptech-group.com/blog/ not found. No cache to purge
[2026-04-01 01:46:20] Clearing cache for 2 taxonomy and pagination URLs
[2026-04-01 01:46:20] Compatible cache found : starting server cache purge on Varnish
[2026-04-01 01:46:20] WordPress object cache cleared
[2026-04-01 01:46:20] Starting AutoPurge cache clearing for action [post_updated]... [{
    "code": "SUCCESS"
}]
[2026-04-01 01:46:20] Directory for {
    "code": "SUCCESS"
} not found. No cache to purge
[2026-04-01 01:46:20] Directory for {
    "code": "SUCCESS"
} not found. No cache to purge
[2026-04-01 01:46:20] Clearing cache for 2 taxonomy and pagination URLs
[2026-04-01 01:46:20] Compatible cache found : starting server cache purge on Varnish
[2026-04-01 01:46:20] WordPress object cache cleared
[2026-04-01 01:46:20] Starting AutoPurge cache clearing for action [post_updated]... [https://uptech-group.com/blog/]
[2026-04-01 01:46:20] Directory for https://uptech-group.com/blog/ not found. No cache to purge
[2026-04-01 01:46:20] Directory for https://uptech-group.com/blog/ not found. No cache to purge
[2026-04-01 01:46:20] Clearing cache for 2 taxonomy and pagination URLs
[2026-04-01 01:46:20] Compatible cache found : starting server cache purge on Varnish
[2026-04-01 01:46:20] WordPress object cache cleared
[2026-04-01 01:46:20] Starting AutoPurge cache clearing for action [post_updated]... [{
    "code": "SUCCESS"
}]
[2026-04-01 01:46:20] Directory for {
    "code": "SUCCESS"
} not found. No cache to purge
[2026-04-01 01:46:20] Directory for {
    "code": "SUCCESS"
} not found. No cache to purge
[2026-04-01 01:46:20] Clearing cache for 2 taxonomy and pagination URLs
[2026-04-01 01:46:20] Compatible cache found : starting server cache purge on Varnish
[2026-04-01 01:46:20] WordPress object cache cleared
[2026-04-01 01:47:02] Starting AutoPurge cache clearing for action [post_updated]... [https://uptech-group.com/blog/?p=2737]
[2026-04-01 01:47:02] Directory for https://uptech-group.com/blog/?p=2737 not found. No cache to purge
[2026-04-01 01:47:02] Directory for https://uptech-group.com/blog/?p=2737 not found. No cache to purge
[2026-04-01 01:47:02] Clearing cache for 2 taxonomy and pagination URLs
[2026-04-01 01:47:02] Compatible cache found : starting server cache purge on Varnish
[2026-04-01 01:47:02] WordPress object cache cleared
[2026-04-01 01:47:02] Starting AutoPurge cache clearing for action [post_updated]... [{
    "code": "SUCCESS"
}]
[2026-04-01 01:47:02] Directory for {
    "code": "SUCCESS"
} not found. No cache to purge
[2026-04-01 01:47:02] Clearing cache for 2 taxonomy and pagination URLs
[2026-04-01 01:47:02] Compatible cache found : starting server cache purge on Varnish
[2026-04-01 01:47:02] WordPress object cache cleared
[2026-04-01 01:47:02] Starting AutoPurge cache clearing for action [post_updated]... [https://uptech-group.com/blog/?p=2737]
[2026-04-01 01:47:02] Directory for https://uptech-group.com/blog/?p=2737 not found. No cache to purge
[2026-04-01 01:47:02] Directory for https://uptech-group.com/blog/?p=2737 not found. No cache to purge
[2026-04-01 01:47:02] Clearing cache for 2 taxonomy and pagination URLs
[2026-04-01 01:47:02] Compatible cache found : starting server cache purge on Varnish
[2026-04-01 01:47:02] WordPress object cache cleared
[2026-04-01 01:47:02] Starting AutoPurge cache clearing for action [post_updated]... [{
    "code": "SUCCESS"
}]
[2026-04-01 01:47:02] Directory for {
    "code": "SUCCESS"
} not found. No cache to purge
[2026-04-01 01:47:02] Clearing cache for 2 taxonomy and pagination URLs
[2026-04-01 01:47:02] Compatible cache found : starting server cache purge on Varnish
[2026-04-01 01:47:02] WordPress object cache cleared
[2026-04-01 01:48:05] Starting [FULL] cache clearing for action [customize_save_after]...
[2026-04-01 01:48:05] Compatible cache found : starting server cache purge on Varnish
[2026-04-01 01:48:05] Restarting preload process after cache purge...
[2026-04-01 01:48:05] WordPress object cache cleared
[2026-04-01 01:48:05] Starting [FULL] cache clearing for action [{
    "code": "SUCCESS"
}]...
[2026-04-01 01:48:05] Compatible cache found : starting server cache purge on Varnish
[2026-04-01 01:48:05] Restarting preload process after cache purge...
[2026-04-01 01:48:05] WordPress object cache cleared
[2026-04-01 01:48:05] Starting [FULL] cache clearing for action [customize_save_after]...
[2026-04-01 01:48:05] Compatible cache found : starting server cache purge on Varnish
[2026-04-01 01:48:05] Restarting preload process after cache purge...
[2026-04-01 01:48:05] WordPress object cache cleared
[2026-04-01 01:48:05] Starting [FULL] cache clearing for action [{
    "code": "SUCCESS"
}]...
[2026-04-01 01:48:05] Compatible cache found : starting server cache purge on Varnish
[2026-04-01 01:48:05] Restarting preload process after cache purge...
[2026-04-01 01:48:05] WordPress object cache cleared
[2026-04-01 01:48:05] Starting AutoPurge cache clearing for action [trashed_post]... [https://uptech-group.com/blog/85444355-78b8-473d-ae7b-98bf22b0e205]
[2026-04-01 01:48:05] Directory for https://uptech-group.com/blog/85444355-78b8-473d-ae7b-98bf22b0e205 not found. No cache to purge
[2026-04-01 01:48:05] Directory for https://uptech-group.com/blog/85444355-78b8-473d-ae7b-98bf22b0e205 not found. No cache to purge
[2026-04-01 01:48:05] Clearing cache for 2 taxonomy and pagination URLs
[2026-04-01 01:48:05] Compatible cache found : starting server cache purge on Varnish
[2026-04-01 01:48:05] WordPress object cache cleared
[2026-04-01 01:48:05] Starting AutoPurge cache clearing for action [trashed_post]... [{
    "code": "SUCCESS"
}]
[2026-04-01 01:48:05] Directory for {
    "code": "SUCCESS"
} not found. No cache to purge
[2026-04-01 01:48:05] Directory for {
    "code": "SUCCESS"
} not found. No cache to purge
[2026-04-01 01:48:05] Clearing cache for 2 taxonomy and pagination URLs
[2026-04-01 01:48:05] Compatible cache found : starting server cache purge on Varnish
[2026-04-01 01:48:05] WordPress object cache cleared
[2026-04-01 01:48:05] Starting AutoPurge cache clearing for action [trashed_post]... [https://uptech-group.com/blog/85444355-78b8-473d-ae7b-98bf22b0e205]
[2026-04-01 01:48:05] Directory for https://uptech-group.com/blog/85444355-78b8-473d-ae7b-98bf22b0e205 not found. No cache to purge
[2026-04-01 01:48:05] Directory for https://uptech-group.com/blog/85444355-78b8-473d-ae7b-98bf22b0e205 not found. No cache to purge
[2026-04-01 01:48:05] Clearing cache for 2 taxonomy and pagination URLs
[2026-04-01 01:48:05] Compatible cache found : starting server cache purge on Varnish
[2026-04-01 01:48:05] WordPress object cache cleared
[2026-04-01 01:48:05] Starting AutoPurge cache clearing for action [trashed_post]... [{
    "code": "SUCCESS"
}]
[2026-04-01 01:48:05] Directory for {
    "code": "SUCCESS"
} not found. No cache to purge
[2026-04-01 01:48:05] Directory for {
    "code": "SUCCESS"
} not found. No cache to purge
[2026-04-01 01:48:05] Clearing cache for 2 taxonomy and pagination URLs
[2026-04-01 01:48:06] Compatible cache found : starting server cache purge on Varnish
[2026-04-01 01:48:06] WordPress object cache cleared
[2026-04-01 01:51:24] Starting AutoPurge cache clearing for action [post_updated]... [https://uptech-group.com/blog/?p=2740]
[2026-04-01 01:51:24] Directory for https://uptech-group.com/blog/?p=2740 not found. No cache to purge
[2026-04-01 01:51:24] Directory for https://uptech-group.com/blog/?p=2740 not found. No cache to purge
[2026-04-01 01:51:24] Removed cache files from main desktop cache (/home/c2761235c/public_html/blog/wp-content/cache/lwsoptimize/cache/blog)
[2026-04-01 01:51:24] Clearing cache for 2 taxonomy and pagination URLs
[2026-04-01 01:51:24] Compatible cache found : starting server cache purge on Varnish
[2026-04-01 01:51:24] WordPress object cache cleared
[2026-04-01 01:51:24] Starting AutoPurge cache clearing for action [post_updated]... [{
    "code": "SUCCESS"
}]
[2026-04-01 01:51:24] Directory for {
    "code": "SUCCESS"
} not found. No cache to purge
[2026-04-01 01:51:24] Clearing cache for 2 taxonomy and pagination URLs
[2026-04-01 01:51:24] Compatible cache found : starting server cache purge on Varnish
[2026-04-01 01:51:24] WordPress object cache cleared
[2026-04-01 01:51:24] Starting AutoPurge cache clearing for action [post_updated]... [https://uptech-group.com/blog/?p=2740]
[2026-04-01 01:51:24] Directory for https://uptech-group.com/blog/?p=2740 not found. No cache to purge
[2026-04-01 01:51:24] Directory for https://uptech-group.com/blog/?p=2740 not found. No cache to purge
[2026-04-01 01:51:24] Clearing cache for 2 taxonomy and pagination URLs
[2026-04-01 01:51:24] Compatible cache found : starting server cache purge on Varnish
[2026-04-01 01:51:24] WordPress object cache cleared
[2026-04-01 01:51:24] Starting AutoPurge cache clearing for action [post_updated]... [{
    "code": "SUCCESS"
}]
[2026-04-01 01:51:24] Directory for {
    "code": "SUCCESS"
} not found. No cache to purge
[2026-04-01 01:51:24] Clearing cache for 2 taxonomy and pagination URLs
[2026-04-01 01:51:24] Compatible cache found : starting server cache purge on Varnish
[2026-04-01 01:51:24] WordPress object cache cleared
[2026-04-01 01:52:24] Starting AutoPurge cache clearing for action [post_updated]... [https://uptech-group.com/blog/?p=2740]
[2026-04-01 01:52:24] Directory for https://uptech-group.com/blog/?p=2740 not found. No cache to purge
[2026-04-01 01:52:24] Directory for https://uptech-group.com/blog/?p=2740 not found. No cache to purge
[2026-04-01 01:52:24] Clearing cache for 2 taxonomy and pagination URLs
[2026-04-01 01:52:24] Compatible cache found : starting server cache purge on Varnish
[2026-04-01 01:52:24] WordPress object cache cleared
[2026-04-01 01:52:24] Starting AutoPurge cache clearing for action [post_updated]... [{
    "code": "SUCCESS"
}]
[2026-04-01 01:52:24] Directory for {
    "code": "SUCCESS"
} not found. No cache to purge
[2026-04-01 01:52:24] Clearing cache for 2 taxonomy and pagination URLs
[2026-04-01 01:52:24] Compatible cache found : starting server cache purge on Varnish
[2026-04-01 01:52:24] WordPress object cache cleared
[2026-04-01 01:52:24] Starting AutoPurge cache clearing for action [post_updated]... [https://uptech-group.com/blog/?p=2740]
[2026-04-01 01:52:24] Directory for https://uptech-group.com/blog/?p=2740 not found. No cache to purge
[2026-04-01 01:52:24] Directory for https://uptech-group.com/blog/?p=2740 not found. No cache to purge
[2026-04-01 01:52:24] Clearing cache for 2 taxonomy and pagination URLs
[2026-04-01 01:52:24] Compatible cache found : starting server cache purge on Varnish
[2026-04-01 01:52:24] WordPress object cache cleared
[2026-04-01 01:52:24] Starting AutoPurge cache clearing for action [post_updated]... [{
    "code": "SUCCESS"
}]
[2026-04-01 01:52:24] Directory for {
    "code": "SUCCESS"
} not found. No cache to purge
[2026-04-01 01:52:24] Clearing cache for 2 taxonomy and pagination URLs
[2026-04-01 01:52:24] Compatible cache found : starting server cache purge on Varnish
[2026-04-01 01:52:24] WordPress object cache cleared
[2026-04-01 01:53:24] Starting AutoPurge cache clearing for action [post_updated]... [https://uptech-group.com/blog/?p=2740]
[2026-04-01 01:53:24] Directory for https://uptech-group.com/blog/?p=2740 not found. No cache to purge
[2026-04-01 01:53:24] Directory for https://uptech-group.com/blog/?p=2740 not found. No cache to purge
[2026-04-01 01:53:24] Clearing cache for 2 taxonomy and pagination URLs
[2026-04-01 01:53:24] Compatible cache found : starting server cache purge on Varnish
[2026-04-01 01:53:24] WordPress object cache cleared
[2026-04-01 01:53:24] Starting AutoPurge cache clearing for action [post_updated]... [{
    "code": "SUCCESS"
}]
[2026-04-01 01:53:24] Directory for {
    "code": "SUCCESS"
} not found. No cache to purge
[2026-04-01 01:53:24] Clearing cache for 2 taxonomy and pagination URLs
[2026-04-01 01:53:24] Compatible cache found : starting server cache purge on Varnish
[2026-04-01 01:53:24] WordPress object cache cleared
[2026-04-01 01:53:24] Starting AutoPurge cache clearing for action [post_updated]... [https://uptech-group.com/blog/?p=2740]
[2026-04-01 01:53:24] Directory for https://uptech-group.com/blog/?p=2740 not found. No cache to purge
[2026-04-01 01:53:24] Directory for https://uptech-group.com/blog/?p=2740 not found. No cache to purge
[2026-04-01 01:53:24] Clearing cache for 2 taxonomy and pagination URLs
[2026-04-01 01:53:24] Compatible cache found : starting server cache purge on Varnish
[2026-04-01 01:53:24] WordPress object cache cleared
[2026-04-01 01:53:24] Starting AutoPurge cache clearing for action [post_updated]... [{
    "code": "SUCCESS"
}]
[2026-04-01 01:53:24] Directory for {
    "code": "SUCCESS"
} not found. No cache to purge
[2026-04-01 01:53:24] Clearing cache for 2 taxonomy and pagination URLs
[2026-04-01 01:53:24] Compatible cache found : starting server cache purge on Varnish
[2026-04-01 01:53:24] WordPress object cache cleared
[2026-04-01 01:54:24] Starting AutoPurge cache clearing for action [post_updated]... [https://uptech-group.com/blog/?p=2740]
[2026-04-01 01:54:24] Directory for https://uptech-group.com/blog/?p=2740 not found. No cache to purge
[2026-04-01 01:54:24] Directory for https://uptech-group.com/blog/?p=2740 not found. No cache to purge
[2026-04-01 01:54:24] Clearing cache for 2 taxonomy and pagination URLs
[2026-04-01 01:54:24] Compatible cache found : starting server cache purge on Varnish
[2026-04-01 01:54:24] WordPress object cache cleared
[2026-04-01 01:54:24] Starting AutoPurge cache clearing for action [post_updated]... [{
    "code": "SUCCESS"
}]
[2026-04-01 01:54:24] Directory for {
    "code": "SUCCESS"
} not found. No cache to purge
[2026-04-01 01:54:24] Clearing cache for 2 taxonomy and pagination URLs
[2026-04-01 01:54:25] Compatible cache found : starting server cache purge on Varnish
[2026-04-01 01:54:25] WordPress object cache cleared
[2026-04-01 01:54:25] Starting AutoPurge cache clearing for action [post_updated]... [https://uptech-group.com/blog/?p=2740]
[2026-04-01 01:54:25] Directory for https://uptech-group.com/blog/?p=2740 not found. No cache to purge
[2026-04-01 01:54:25] Directory for https://uptech-group.com/blog/?p=2740 not found. No cache to purge
[2026-04-01 01:54:25] Clearing cache for 2 taxonomy and pagination URLs
[2026-04-01 01:54:25] Compatible cache found : starting server cache purge on Varnish
[2026-04-01 01:54:25] WordPress object cache cleared
[2026-04-01 01:54:25] Starting AutoPurge cache clearing for action [post_updated]... [{
    "code": "SUCCESS"
}]
[2026-04-01 01:54:25] Directory for {
    "code": "SUCCESS"
} not found. No cache to purge
[2026-04-01 01:54:25] Clearing cache for 2 taxonomy and pagination URLs
[2026-04-01 01:54:25] Compatible cache found : starting server cache purge on Varnish
[2026-04-01 01:54:25] WordPress object cache cleared
[2026-04-01 01:55:24] Starting AutoPurge cache clearing for action [post_updated]... [https://uptech-group.com/blog/?p=2740]
[2026-04-01 01:55:24] Directory for https://uptech-group.com/blog/?p=2740 not found. No cache to purge
[2026-04-01 01:55:24] Directory for https://uptech-group.com/blog/?p=2740 not found. No cache to purge
[2026-04-01 01:55:24] Clearing cache for 2 taxonomy and pagination URLs
[2026-04-01 01:55:24] Compatible cache found : starting server cache purge on Varnish
[2026-04-01 01:55:24] WordPress object cache cleared
[2026-04-01 01:55:24] Starting AutoPurge cache clearing for action [post_updated]... [{
    "code": "SUCCESS"
}]
[2026-04-01 01:55:24] Directory for {
    "code": "SUCCESS"
} not found. No cache to purge
[2026-04-01 01:55:24] Clearing cache for 2 taxonomy and pagination URLs
[2026-04-01 01:55:24] Compatible cache found : starting server cache purge on Varnish
[2026-04-01 01:55:24] WordPress object cache cleared
[2026-04-01 01:55:24] Starting AutoPurge cache clearing for action [post_updated]... [https://uptech-group.com/blog/?p=2740]
[2026-04-01 01:55:24] Directory for https://uptech-group.com/blog/?p=2740 not found. No cache to purge
[2026-04-01 01:55:24] Directory for https://uptech-group.com/blog/?p=2740 not found. No cache to purge
[2026-04-01 01:55:24] Clearing cache for 2 taxonomy and pagination URLs
[2026-04-01 01:55:24] Compatible cache found : starting server cache purge on Varnish
[2026-04-01 01:55:24] WordPress object cache cleared
[2026-04-01 01:55:24] Starting AutoPurge cache clearing for action [post_updated]... [{
    "code": "SUCCESS"
}]
[2026-04-01 01:55:24] Directory for {
    "code": "SUCCESS"
} not found. No cache to purge
[2026-04-01 01:55:24] Clearing cache for 2 taxonomy and pagination URLs
[2026-04-01 01:55:24] Compatible cache found : starting server cache purge on Varnish
[2026-04-01 01:55:24] WordPress object cache cleared
[2026-04-01 01:56:24] Starting AutoPurge cache clearing for action [post_updated]... [https://uptech-group.com/blog/?p=2740]
[2026-04-01 01:56:24] Directory for https://uptech-group.com/blog/?p=2740 not found. No cache to purge
[2026-04-01 01:56:24] Directory for https://uptech-group.com/blog/?p=2740 not found. No cache to purge
[2026-04-01 01:56:24] Clearing cache for 2 taxonomy and pagination URLs
[2026-04-01 01:56:24] Compatible cache found : starting server cache purge on Varnish
[2026-04-01 01:56:24] WordPress object cache cleared
[2026-04-01 01:56:24] Starting AutoPurge cache clearing for action [post_updated]... [{
    "code": "SUCCESS"
}]
[2026-04-01 01:56:24] Directory for {
    "code": "SUCCESS"
} not found. No cache to purge
[2026-04-01 01:56:24] Clearing cache for 2 taxonomy and pagination URLs
[2026-04-01 01:56:24] Compatible cache found : starting server cache purge on Varnish
[2026-04-01 01:56:24] WordPress object cache cleared
[2026-04-01 01:56:24] Starting AutoPurge cache clearing for action [post_updated]... [https://uptech-group.com/blog/?p=2740]
[2026-04-01 01:56:24] Directory for https://uptech-group.com/blog/?p=2740 not found. No cache to purge
[2026-04-01 01:56:24] Directory for https://uptech-group.com/blog/?p=2740 not found. No cache to purge
[2026-04-01 01:56:24] Clearing cache for 2 taxonomy and pagination URLs
[2026-04-01 01:56:24] Compatible cache found : starting server cache purge on Varnish
[2026-04-01 01:56:24] WordPress object cache cleared
[2026-04-01 01:56:24] Starting AutoPurge cache clearing for action [post_updated]... [{
    "code": "SUCCESS"
}]
[2026-04-01 01:56:24] Directory for {
    "code": "SUCCESS"
} not found. No cache to purge
[2026-04-01 01:56:24] Clearing cache for 2 taxonomy and pagination URLs
[2026-04-01 01:56:24] Compatible cache found : starting server cache purge on Varnish
[2026-04-01 01:56:24] WordPress object cache cleared
[2026-04-01 01:56:49] Starting [FULL] cache clearing for action [customize_save_after]...
[2026-04-01 01:56:49] Compatible cache found : starting server cache purge on Varnish
[2026-04-01 01:56:49] Restarting preload process after cache purge...
[2026-04-01 01:56:49] WordPress object cache cleared
[2026-04-01 01:56:49] Starting [FULL] cache clearing for action [{
    "code": "SUCCESS"
}]...
[2026-04-01 01:56:49] Compatible cache found : starting server cache purge on Varnish
[2026-04-01 01:56:49] Restarting preload process after cache purge...
[2026-04-01 01:56:49] WordPress object cache cleared
[2026-04-01 01:56:49] Starting [FULL] cache clearing for action [customize_save_after]...
[2026-04-01 01:56:49] Compatible cache found : starting server cache purge on Varnish
[2026-04-01 01:56:49] Restarting preload process after cache purge...
[2026-04-01 01:56:49] WordPress object cache cleared
[2026-04-01 01:56:49] Starting [FULL] cache clearing for action [{
    "code": "SUCCESS"
}]...
[2026-04-01 01:56:49] Compatible cache found : starting server cache purge on Varnish
[2026-04-01 01:56:49] Restarting preload process after cache purge...
[2026-04-01 01:56:49] WordPress object cache cleared
[2026-04-01 01:56:49] Starting AutoPurge cache clearing for action [trashed_post]... [https://uptech-group.com/blog/c98e11c5-216d-47d6-b56c-f1a77234cb89]
[2026-04-01 01:56:49] Directory for https://uptech-group.com/blog/c98e11c5-216d-47d6-b56c-f1a77234cb89 not found. No cache to purge
[2026-04-01 01:56:49] Directory for https://uptech-group.com/blog/c98e11c5-216d-47d6-b56c-f1a77234cb89 not found. No cache to purge
[2026-04-01 01:56:49] Clearing cache for 2 taxonomy and pagination URLs
[2026-04-01 01:56:49] Compatible cache found : starting server cache purge on Varnish
[2026-04-01 01:56:49] WordPress object cache cleared
[2026-04-01 01:56:49] Starting AutoPurge cache clearing for action [trashed_post]... [{
    "code": "SUCCESS"
}]
[2026-04-01 01:56:49] Directory for {
    "code": "SUCCESS"
} not found. No cache to purge
[2026-04-01 01:56:49] Directory for {
    "code": "SUCCESS"
} not found. No cache to purge
[2026-04-01 01:56:49] Clearing cache for 2 taxonomy and pagination URLs
[2026-04-01 01:56:49] Compatible cache found : starting server cache purge on Varnish
[2026-04-01 01:56:49] WordPress object cache cleared
[2026-04-01 01:56:49] Starting AutoPurge cache clearing for action [trashed_post]... [https://uptech-group.com/blog/c98e11c5-216d-47d6-b56c-f1a77234cb89]
[2026-04-01 01:56:49] Directory for https://uptech-group.com/blog/c98e11c5-216d-47d6-b56c-f1a77234cb89 not found. No cache to purge
[2026-04-01 01:56:49] Directory for https://uptech-group.com/blog/c98e11c5-216d-47d6-b56c-f1a77234cb89 not found. No cache to purge
[2026-04-01 01:56:49] Clearing cache for 2 taxonomy and pagination URLs
[2026-04-01 01:56:49] Compatible cache found : starting server cache purge on Varnish
[2026-04-01 01:56:49] WordPress object cache cleared
[2026-04-01 01:56:49] Starting AutoPurge cache clearing for action [trashed_post]... [{
    "code": "SUCCESS"
}]
[2026-04-01 01:56:49] Directory for {
    "code": "SUCCESS"
} not found. No cache to purge
[2026-04-01 01:56:49] Directory for {
    "code": "SUCCESS"
} not found. No cache to purge
[2026-04-01 01:56:49] Clearing cache for 2 taxonomy and pagination URLs
[2026-04-01 01:56:49] Compatible cache found : starting server cache purge on Varnish
[2026-04-01 01:56:49] WordPress object cache cleared
[2026-04-01 01:56:49] Starting AutoPurge cache clearing for action [post_updated]... [https://uptech-group.com/blog/?p=2740]
[2026-04-01 01:56:49] Directory for https://uptech-group.com/blog/?p=2740 not found. No cache to purge
[2026-04-01 01:56:49] Directory for https://uptech-group.com/blog/?p=2740 not found. No cache to purge
[2026-04-01 01:56:49] Clearing cache for 2 taxonomy and pagination URLs
[2026-04-01 01:56:49] Compatible cache found : starting server cache purge on Varnish
[2026-04-01 01:56:49] WordPress object cache cleared
[2026-04-01 01:56:49] Starting AutoPurge cache clearing for action [post_updated]... [{
    "code": "SUCCESS"
}]
[2026-04-01 01:56:49] Directory for {
    "code": "SUCCESS"
} not found. No cache to purge
[2026-04-01 01:56:49] Directory for {
    "code": "SUCCESS"
} not found. No cache to purge
[2026-04-01 01:56:49] Clearing cache for 2 taxonomy and pagination URLs
[2026-04-01 01:56:49] Compatible cache found : starting server cache purge on Varnish
[2026-04-01 01:56:49] WordPress object cache cleared
[2026-04-01 01:56:49] Starting AutoPurge cache clearing for action [post_updated]... [https://uptech-group.com/blog/?p=2740]
[2026-04-01 01:56:49] Directory for https://uptech-group.com/blog/?p=2740 not found. No cache to purge
[2026-04-01 01:56:49] Directory for https://uptech-group.com/blog/?p=2740 not found. No cache to purge
[2026-04-01 01:56:49] Clearing cache for 2 taxonomy and pagination URLs
[2026-04-01 01:56:50] Compatible cache found : starting server cache purge on Varnish
[2026-04-01 01:56:50] WordPress object cache cleared
[2026-04-01 01:56:50] Starting AutoPurge cache clearing for action [post_updated]... [{
    "code": "SUCCESS"
}]
[2026-04-01 01:56:50] Directory for {
    "code": "SUCCESS"
} not found. No cache to purge
[2026-04-01 01:56:50] Directory for {
    "code": "SUCCESS"
} not found. No cache to purge
[2026-04-01 01:56:50] Clearing cache for 2 taxonomy and pagination URLs
[2026-04-01 01:56:50] Compatible cache found : starting server cache purge on Varnish
[2026-04-01 01:56:50] WordPress object cache cleared
[2026-04-01 01:57:07] Starting AutoPurge cache clearing for action [post_updated]... [https://uptech-group.com/blog/]
[2026-04-01 01:57:07] Directory for https://uptech-group.com/blog/ not found. No cache to purge
[2026-04-01 01:57:07] Directory for https://uptech-group.com/blog/ not found. No cache to purge
[2026-04-01 01:57:07] Clearing cache for 2 taxonomy and pagination URLs
[2026-04-01 01:57:07] Compatible cache found : starting server cache purge on Varnish
[2026-04-01 01:57:07] WordPress object cache cleared
[2026-04-01 01:57:07] Starting AutoPurge cache clearing for action [post_updated]... [{
    "code": "SUCCESS"
}]
[2026-04-01 01:57:07] Directory for {
    "code": "SUCCESS"
} not found. No cache to purge
[2026-04-01 01:57:07] Directory for {
    "code": "SUCCESS"
} not found. No cache to purge
[2026-04-01 01:57:07] Clearing cache for 2 taxonomy and pagination URLs
[2026-04-01 01:57:07] Compatible cache found : starting server cache purge on Varnish
[2026-04-01 01:57:07] WordPress object cache cleared
[2026-04-01 01:57:07] Starting AutoPurge cache clearing for action [post_updated]... [https://uptech-group.com/blog/]
[2026-04-01 01:57:07] Directory for https://uptech-group.com/blog/ not found. No cache to purge
[2026-04-01 01:57:07] Directory for https://uptech-group.com/blog/ not found. No cache to purge
[2026-04-01 01:57:07] Clearing cache for 2 taxonomy and pagination URLs
[2026-04-01 01:57:07] Compatible cache found : starting server cache purge on Varnish
[2026-04-01 01:57:07] WordPress object cache cleared
[2026-04-01 01:57:07] Starting AutoPurge cache clearing for action [post_updated]... [{
    "code": "SUCCESS"
}]
[2026-04-01 01:57:07] Directory for {
    "code": "SUCCESS"
} not found. No cache to purge
[2026-04-01 01:57:07] Directory for {
    "code": "SUCCESS"
} not found. No cache to purge
[2026-04-01 01:57:07] Clearing cache for 2 taxonomy and pagination URLs
[2026-04-01 01:57:07] Compatible cache found : starting server cache purge on Varnish
[2026-04-01 01:57:07] WordPress object cache cleared
[2026-04-01 09:35:23] Starting AutoPurge cache clearing for action [post_updated]... [https://uptech-group.com/blog/?p=1]
[2026-04-01 09:35:23] Directory for https://uptech-group.com/blog/?p=1 not found. No cache to purge
[2026-04-01 09:35:23] Directory for https://uptech-group.com/blog/?p=1 not found. No cache to purge
[2026-04-01 09:35:23] Removed cache files from main desktop cache (/home/c2761235c/public_html/blog/wp-content/cache/lwsoptimize/cache/blog)
[2026-04-01 09:35:23] Removed cache files from main mobile cache (/home/c2761235c/public_html/blog/wp-content/cache/lwsoptimize/cache-mobile/blog)
[2026-04-01 09:35:23] Clearing cache for 2 taxonomy and pagination URLs
[2026-04-01 09:35:23] Compatible cache found : starting server cache purge on Varnish
[2026-04-01 09:35:23] WordPress object cache cleared
[2026-04-01 09:35:23] Starting AutoPurge cache clearing for action [post_updated]... [{
    "code": "SUCCESS"
}]
[2026-04-01 09:35:23] Clearing cache for 2 taxonomy and pagination URLs
[2026-04-01 09:35:23] Compatible cache found : starting server cache purge on Varnish
[2026-04-01 09:35:23] WordPress object cache cleared
[2026-04-01 09:35:23] Starting AutoPurge cache clearing for action [post_updated]... [https://uptech-group.com/blog/?p=1]
[2026-04-01 09:35:23] Directory for https://uptech-group.com/blog/?p=1 not found. No cache to purge
[2026-04-01 09:35:23] Directory for https://uptech-group.com/blog/?p=1 not found. No cache to purge
[2026-04-01 09:35:23] Clearing cache for 2 taxonomy and pagination URLs
[2026-04-01 09:35:23] Compatible cache found : starting server cache purge on Varnish
[2026-04-01 09:35:23] WordPress object cache cleared
[2026-04-01 09:35:23] Starting AutoPurge cache clearing for action [post_updated]... [{
    "code": "SUCCESS"
}]
[2026-04-01 09:35:23] Clearing cache for 2 taxonomy and pagination URLs
[2026-04-01 09:35:23] Compatible cache found : starting server cache purge on Varnish
[2026-04-01 09:35:23] WordPress object cache cleared
[2026-04-01 09:35:23] Starting AutoPurge cache clearing for action [trashed_post]... [https://uptech-group.com/blog/hello-world]
[2026-04-01 09:35:23] Directory for https://uptech-group.com/blog/hello-world not found. No cache to purge
[2026-04-01 09:35:23] Directory for https://uptech-group.com/blog/hello-world not found. No cache to purge
[2026-04-01 09:35:23] Clearing cache for 2 taxonomy and pagination URLs
[2026-04-01 09:35:23] Compatible cache found : starting server cache purge on Varnish
[2026-04-01 09:35:23] WordPress object cache cleared
[2026-04-01 09:35:23] Starting AutoPurge cache clearing for action [trashed_post]... [{
    "code": "SUCCESS"
}]
[2026-04-01 09:35:23] Clearing cache for 2 taxonomy and pagination URLs
[2026-04-01 09:35:23] Compatible cache found : starting server cache purge on Varnish
[2026-04-01 09:35:23] WordPress object cache cleared
[2026-04-01 09:35:23] Starting AutoPurge cache clearing for action [trashed_post]... [https://uptech-group.com/blog/hello-world]
[2026-04-01 09:35:23] Directory for https://uptech-group.com/blog/hello-world not found. No cache to purge
[2026-04-01 09:35:23] Directory for https://uptech-group.com/blog/hello-world not found. No cache to purge
[2026-04-01 09:35:23] Clearing cache for 2 taxonomy and pagination URLs
[2026-04-01 09:35:23] Compatible cache found : starting server cache purge on Varnish
[2026-04-01 09:35:23] WordPress object cache cleared
[2026-04-01 09:35:23] Starting AutoPurge cache clearing for action [trashed_post]... [{
    "code": "SUCCESS"
}]
[2026-04-01 09:35:23] Clearing cache for 2 taxonomy and pagination URLs
[2026-04-01 09:35:23] Compatible cache found : starting server cache purge on Varnish
[2026-04-01 09:35:23] WordPress object cache cleared
[2026-04-01 09:35:39] Starting AutoPurge cache clearing for action [post_updated]... [https://uptech-group.com/blog/?p=1975]
[2026-04-01 09:35:39] Directory for https://uptech-group.com/blog/?p=1975 not found. No cache to purge
[2026-04-01 09:35:39] Directory for https://uptech-group.com/blog/?p=1975 not found. No cache to purge
[2026-04-01 09:35:39] Clearing cache for 2 taxonomy and pagination URLs
[2026-04-01 09:35:39] Compatible cache found : starting server cache purge on Varnish
[2026-04-01 09:35:39] WordPress object cache cleared
[2026-04-01 09:35:39] Starting AutoPurge cache clearing for action [post_updated]... [{
    "code": "SUCCESS"
}]
[2026-04-01 09:35:39] Clearing cache for 2 taxonomy and pagination URLs
[2026-04-01 09:35:39] Compatible cache found : starting server cache purge on Varnish
[2026-04-01 09:35:39] WordPress object cache cleared
[2026-04-01 09:35:39] Starting AutoPurge cache clearing for action [post_updated]... [https://uptech-group.com/blog/?p=1975]
[2026-04-01 09:35:39] Directory for https://uptech-group.com/blog/?p=1975 not found. No cache to purge
[2026-04-01 09:35:39] Directory for https://uptech-group.com/blog/?p=1975 not found. No cache to purge
[2026-04-01 09:35:39] Clearing cache for 2 taxonomy and pagination URLs
[2026-04-01 09:35:39] Compatible cache found : starting server cache purge on Varnish
[2026-04-01 09:35:39] WordPress object cache cleared
[2026-04-01 09:35:39] Starting AutoPurge cache clearing for action [post_updated]... [{
    "code": "SUCCESS"
}]
[2026-04-01 09:35:39] Clearing cache for 2 taxonomy and pagination URLs
[2026-04-01 09:35:39] Compatible cache found : starting server cache purge on Varnish
[2026-04-01 09:35:39] WordPress object cache cleared
[2026-04-01 09:35:39] Starting AutoPurge cache clearing for action [trashed_post]... [https://uptech-group.com/blog/recognizing-the-need-is-the-primary-condition-for-design]
[2026-04-01 09:35:39] Directory for https://uptech-group.com/blog/recognizing-the-need-is-the-primary-condition-for-design not found. No cache to purge
[2026-04-01 09:35:39] Directory for https://uptech-group.com/blog/recognizing-the-need-is-the-primary-condition-for-design not found. No cache to purge
[2026-04-01 09:35:39] Clearing cache for 2 taxonomy and pagination URLs
[2026-04-01 09:35:39] Compatible cache found : starting server cache purge on Varnish
[2026-04-01 09:35:39] WordPress object cache cleared
[2026-04-01 09:35:39] Starting AutoPurge cache clearing for action [trashed_post]... [{
    "code": "SUCCESS"
}]
[2026-04-01 09:35:39] Clearing cache for 2 taxonomy and pagination URLs
[2026-04-01 09:35:39] Compatible cache found : starting server cache purge on Varnish
[2026-04-01 09:35:39] WordPress object cache cleared
[2026-04-01 09:35:39] Starting AutoPurge cache clearing for action [trashed_post]... [https://uptech-group.com/blog/recognizing-the-need-is-the-primary-condition-for-design]
[2026-04-01 09:35:39] Directory for https://uptech-group.com/blog/recognizing-the-need-is-the-primary-condition-for-design not found. No cache to purge
[2026-04-01 09:35:39] Directory for https://uptech-group.com/blog/recognizing-the-need-is-the-primary-condition-for-design not found. No cache to purge
[2026-04-01 09:35:39] Clearing cache for 2 taxonomy and pagination URLs
[2026-04-01 09:35:39] Compatible cache found : starting server cache purge on Varnish
[2026-04-01 09:35:39] WordPress object cache cleared
[2026-04-01 09:35:39] Starting AutoPurge cache clearing for action [trashed_post]... [{
    "code": "SUCCESS"
}]
[2026-04-01 09:35:39] Clearing cache for 2 taxonomy and pagination URLs
[2026-04-01 09:35:39] Compatible cache found : starting server cache purge on Varnish
[2026-04-01 09:35:39] WordPress object cache cleared
[2026-04-01 09:35:40] Starting AutoPurge cache clearing for action [post_updated]... [https://uptech-group.com/blog/?p=1973]
[2026-04-01 09:35:40] Directory for https://uptech-group.com/blog/?p=1973 not found. No cache to purge
[2026-04-01 09:35:40] Directory for https://uptech-group.com/blog/?p=1973 not found. No cache to purge
[2026-04-01 09:35:40] Clearing cache for 2 taxonomy and pagination URLs
[2026-04-01 09:35:40] Compatible cache found : starting server cache purge on Varnish
[2026-04-01 09:35:40] WordPress object cache cleared
[2026-04-01 09:35:40] Starting AutoPurge cache clearing for action [post_updated]... [{
    "code": "SUCCESS"
}]
[2026-04-01 09:35:40] Clearing cache for 2 taxonomy and pagination URLs
[2026-04-01 09:35:40] Compatible cache found : starting server cache purge on Varnish
[2026-04-01 09:35:40] WordPress object cache cleared
[2026-04-01 09:35:40] Starting AutoPurge cache clearing for action [post_updated]... [https://uptech-group.com/blog/?p=1973]
[2026-04-01 09:35:40] Directory for https://uptech-group.com/blog/?p=1973 not found. No cache to purge
[2026-04-01 09:35:40] Directory for https://uptech-group.com/blog/?p=1973 not found. No cache to purge
[2026-04-01 09:35:40] Clearing cache for 2 taxonomy and pagination URLs
[2026-04-01 09:35:40] Compatible cache found : starting server cache purge on Varnish
[2026-04-01 09:35:40] WordPress object cache cleared
[2026-04-01 09:35:40] Starting AutoPurge cache clearing for action [post_updated]... [{
    "code": "SUCCESS"
}]
[2026-04-01 09:35:40] Clearing cache for 2 taxonomy and pagination URLs
[2026-04-01 09:35:40] Compatible cache found : starting server cache purge on Varnish
[2026-04-01 09:35:40] WordPress object cache cleared
[2026-04-01 09:35:40] Starting AutoPurge cache clearing for action [trashed_post]... [https://uptech-group.com/blog/we-design-our-world-while-our-world-acts-back-on-us-and-designs-us]
[2026-04-01 09:35:40] Directory for https://uptech-group.com/blog/we-design-our-world-while-our-world-acts-back-on-us-and-designs-us not found. No cache to purge
[2026-04-01 09:35:40] Directory for https://uptech-group.com/blog/we-design-our-world-while-our-world-acts-back-on-us-and-designs-us not found. No cache to purge
[2026-04-01 09:35:40] Clearing cache for 2 taxonomy and pagination URLs
[2026-04-01 09:35:40] Compatible cache found : starting server cache purge on Varnish
[2026-04-01 09:35:40] WordPress object cache cleared
[2026-04-01 09:35:40] Starting AutoPurge cache clearing for action [trashed_post]... [{
    "code": "SUCCESS"
}]
[2026-04-01 09:35:40] Clearing cache for 2 taxonomy and pagination URLs
[2026-04-01 09:35:40] Compatible cache found : starting server cache purge on Varnish
[2026-04-01 09:35:40] WordPress object cache cleared
[2026-04-01 09:35:40] Starting AutoPurge cache clearing for action [trashed_post]... [https://uptech-group.com/blog/we-design-our-world-while-our-world-acts-back-on-us-and-designs-us]
[2026-04-01 09:35:40] Directory for https://uptech-group.com/blog/we-design-our-world-while-our-world-acts-back-on-us-and-designs-us not found. No cache to purge
[2026-04-01 09:35:40] Directory for https://uptech-group.com/blog/we-design-our-world-while-our-world-acts-back-on-us-and-designs-us not found. No cache to purge
[2026-04-01 09:35:40] Clearing cache for 2 taxonomy and pagination URLs
[2026-04-01 09:35:40] Compatible cache found : starting server cache purge on Varnish
[2026-04-01 09:35:40] WordPress object cache cleared
[2026-04-01 09:35:40] Starting AutoPurge cache clearing for action [trashed_post]... [{
    "code": "SUCCESS"
}]
[2026-04-01 09:35:40] Clearing cache for 2 taxonomy and pagination URLs
[2026-04-01 09:35:40] Compatible cache found : starting server cache purge on Varnish
[2026-04-01 09:35:40] WordPress object cache cleared
[2026-04-01 09:35:40] Starting AutoPurge cache clearing for action [post_updated]... [https://uptech-group.com/blog/?p=1971]
[2026-04-01 09:35:40] Directory for https://uptech-group.com/blog/?p=1971 not found. No cache to purge
[2026-04-01 09:35:40] Directory for https://uptech-group.com/blog/?p=1971 not found. No cache to purge
[2026-04-01 09:35:40] Clearing cache for 2 taxonomy and pagination URLs
[2026-04-01 09:35:40] Compatible cache found : starting server cache purge on Varnish
[2026-04-01 09:35:40] WordPress object cache cleared
[2026-04-01 09:35:40] Starting AutoPurge cache clearing for action [post_updated]... [{
    "code": "SUCCESS"
}]
[2026-04-01 09:35:40] Clearing cache for 2 taxonomy and pagination URLs
[2026-04-01 09:35:40] Compatible cache found : starting server cache purge on Varnish
[2026-04-01 09:35:40] WordPress object cache cleared
[2026-04-01 09:35:40] Starting AutoPurge cache clearing for action [post_updated]... [https://uptech-group.com/blog/?p=1971]
[2026-04-01 09:35:40] Directory for https://uptech-group.com/blog/?p=1971 not found. No cache to purge
[2026-04-01 09:35:40] Directory for https://uptech-group.com/blog/?p=1971 not found. No cache to purge
[2026-04-01 09:35:40] Clearing cache for 2 taxonomy and pagination URLs
[2026-04-01 09:35:40] Compatible cache found : starting server cache purge on Varnish
[2026-04-01 09:35:40] WordPress object cache cleared
[2026-04-01 09:35:40] Starting AutoPurge cache clearing for action [post_updated]... [{
    "code": "SUCCESS"
}]
[2026-04-01 09:35:40] Clearing cache for 2 taxonomy and pagination URLs
[2026-04-01 09:35:40] Compatible cache found : starting server cache purge on Varnish
[2026-04-01 09:35:40] WordPress object cache cleared
[2026-04-01 09:35:40] Starting AutoPurge cache clearing for action [trashed_post]... [https://uptech-group.com/blog/a-camel-is-a-horse-designed-by-committee]
[2026-04-01 09:35:40] Directory for https://uptech-group.com/blog/a-camel-is-a-horse-designed-by-committee not found. No cache to purge
[2026-04-01 09:35:40] Directory for https://uptech-group.com/blog/a-camel-is-a-horse-designed-by-committee not found. No cache to purge
[2026-04-01 09:35:40] Clearing cache for 2 taxonomy and pagination URLs
[2026-04-01 09:35:40] Compatible cache found : starting server cache purge on Varnish
[2026-04-01 09:35:40] WordPress object cache cleared
[2026-04-01 09:35:40] Starting AutoPurge cache clearing for action [trashed_post]... [{
    "code": "SUCCESS"
}]
[2026-04-01 09:35:40] Clearing cache for 2 taxonomy and pagination URLs
[2026-04-01 09:35:40] Compatible cache found : starting server cache purge on Varnish
[2026-04-01 09:35:40] WordPress object cache cleared
[2026-04-01 09:35:40] Starting AutoPurge cache clearing for action [trashed_post]... [https://uptech-group.com/blog/a-camel-is-a-horse-designed-by-committee]
[2026-04-01 09:35:40] Directory for https://uptech-group.com/blog/a-camel-is-a-horse-designed-by-committee not found. No cache to purge
[2026-04-01 09:35:40] Directory for https://uptech-group.com/blog/a-camel-is-a-horse-designed-by-committee not found. No cache to purge
[2026-04-01 09:35:40] Clearing cache for 2 taxonomy and pagination URLs
[2026-04-01 09:35:40] Compatible cache found : starting server cache purge on Varnish
[2026-04-01 09:35:40] WordPress object cache cleared
[2026-04-01 09:35:40] Starting AutoPurge cache clearing for action [trashed_post]... [{
    "code": "SUCCESS"
}]
[2026-04-01 09:35:40] Clearing cache for 2 taxonomy and pagination URLs
[2026-04-01 09:35:40] Compatible cache found : starting server cache purge on Varnish
[2026-04-01 09:35:40] WordPress object cache cleared
[2026-04-01 09:35:40] Starting AutoPurge cache clearing for action [post_updated]... [https://uptech-group.com/blog/?p=1963]
[2026-04-01 09:35:40] Directory for https://uptech-group.com/blog/?p=1963 not found. No cache to purge
[2026-04-01 09:35:40] Directory for https://uptech-group.com/blog/?p=1963 not found. No cache to purge
[2026-04-01 09:35:40] Clearing cache for 2 taxonomy and pagination URLs
[2026-04-01 09:35:40] Compatible cache found : starting server cache purge on Varnish
[2026-04-01 09:35:40] WordPress object cache cleared
[2026-04-01 09:35:40] Starting AutoPurge cache clearing for action [post_updated]... [{
    "code": "SUCCESS"
}]
[2026-04-01 09:35:41] Clearing cache for 2 taxonomy and pagination URLs
[2026-04-01 09:35:41] Compatible cache found : starting server cache purge on Varnish
[2026-04-01 09:35:41] WordPress object cache cleared
[2026-04-01 09:35:41] Starting AutoPurge cache clearing for action [post_updated]... [https://uptech-group.com/blog/?p=1963]
[2026-04-01 09:35:41] Directory for https://uptech-group.com/blog/?p=1963 not found. No cache to purge
[2026-04-01 09:35:41] Directory for https://uptech-group.com/blog/?p=1963 not found. No cache to purge
[2026-04-01 09:35:41] Clearing cache for 2 taxonomy and pagination URLs
[2026-04-01 09:35:41] Compatible cache found : starting server cache purge on Varnish
[2026-04-01 09:35:41] WordPress object cache cleared
[2026-04-01 09:35:41] Starting AutoPurge cache clearing for action [post_updated]... [{
    "code": "SUCCESS"
}]
[2026-04-01 09:35:41] Clearing cache for 2 taxonomy and pagination URLs
[2026-04-01 09:35:41] Compatible cache found : starting server cache purge on Varnish
[2026-04-01 09:35:41] WordPress object cache cleared
[2026-04-01 09:35:41] Starting AutoPurge cache clearing for action [trashed_post]... [https://uptech-group.com/blog/design-is-not-just-what-it-looks-like-and-feels-like-design-is-how-it-works]
[2026-04-01 09:35:41] Directory for https://uptech-group.com/blog/design-is-not-just-what-it-looks-like-and-feels-like-design-is-how-it-works not found. No cache to purge
[2026-04-01 09:35:41] Directory for https://uptech-group.com/blog/design-is-not-just-what-it-looks-like-and-feels-like-design-is-how-it-works not found. No cache to purge
[2026-04-01 09:35:41] Clearing cache for 2 taxonomy and pagination URLs
[2026-04-01 09:35:41] Compatible cache found : starting server cache purge on Varnish
[2026-04-01 09:35:41] WordPress object cache cleared
[2026-04-01 09:35:41] Starting AutoPurge cache clearing for action [trashed_post]... [{
    "code": "SUCCESS"
}]
[2026-04-01 09:35:41] Clearing cache for 2 taxonomy and pagination URLs
[2026-04-01 09:35:41] Compatible cache found : starting server cache purge on Varnish
[2026-04-01 09:35:41] WordPress object cache cleared
[2026-04-01 09:35:41] Starting AutoPurge cache clearing for action [trashed_post]... [https://uptech-group.com/blog/design-is-not-just-what-it-looks-like-and-feels-like-design-is-how-it-works]
[2026-04-01 09:35:41] Directory for https://uptech-group.com/blog/design-is-not-just-what-it-looks-like-and-feels-like-design-is-how-it-works not found. No cache to purge
[2026-04-01 09:35:41] Directory for https://uptech-group.com/blog/design-is-not-just-what-it-looks-like-and-feels-like-design-is-how-it-works not found. No cache to purge
[2026-04-01 09:35:41] Clearing cache for 2 taxonomy and pagination URLs
[2026-04-01 09:35:41] Compatible cache found : starting server cache purge on Varnish
[2026-04-01 09:35:41] WordPress object cache cleared
[2026-04-01 09:35:41] Starting AutoPurge cache clearing for action [trashed_post]... [{
    "code": "SUCCESS"
}]
[2026-04-01 09:35:41] Clearing cache for 2 taxonomy and pagination URLs
[2026-04-01 09:35:41] Compatible cache found : starting server cache purge on Varnish
[2026-04-01 09:35:41] WordPress object cache cleared
[2026-04-01 09:35:41] Starting AutoPurge cache clearing for action [post_updated]... [https://uptech-group.com/blog/?p=1955]
[2026-04-01 09:35:41] Directory for https://uptech-group.com/blog/?p=1955 not found. No cache to purge
[2026-04-01 09:35:41] Directory for https://uptech-group.com/blog/?p=1955 not found. No cache to purge
[2026-04-01 09:35:41] Clearing cache for 2 taxonomy and pagination URLs
[2026-04-01 09:35:41] Compatible cache found : starting server cache purge on Varnish
[2026-04-01 09:35:41] WordPress object cache cleared
[2026-04-01 09:35:41] Starting AutoPurge cache clearing for action [post_updated]... [{
    "code": "SUCCESS"
}]
[2026-04-01 09:35:41] Clearing cache for 2 taxonomy and pagination URLs
[2026-04-01 09:35:41] Compatible cache found : starting server cache purge on Varnish
[2026-04-01 09:35:41] WordPress object cache cleared
[2026-04-01 09:35:41] Starting AutoPurge cache clearing for action [post_updated]... [https://uptech-group.com/blog/?p=1955]
[2026-04-01 09:35:41] Directory for https://uptech-group.com/blog/?p=1955 not found. No cache to purge
[2026-04-01 09:35:41] Directory for https://uptech-group.com/blog/?p=1955 not found. No cache to purge
[2026-04-01 09:35:41] Clearing cache for 2 taxonomy and pagination URLs
[2026-04-01 09:35:41] Compatible cache found : starting server cache purge on Varnish
[2026-04-01 09:35:41] WordPress object cache cleared
[2026-04-01 09:35:41] Starting AutoPurge cache clearing for action [post_updated]... [{
    "code": "SUCCESS"
}]
[2026-04-01 09:35:41] Clearing cache for 2 taxonomy and pagination URLs
[2026-04-01 09:35:41] Compatible cache found : starting server cache purge on Varnish
[2026-04-01 09:35:41] WordPress object cache cleared
[2026-04-01 09:35:41] Starting AutoPurge cache clearing for action [trashed_post]... [https://uptech-group.com/blog/luck-is-the-residue-of-design-2]
[2026-04-01 09:35:41] Directory for https://uptech-group.com/blog/luck-is-the-residue-of-design-2 not found. No cache to purge
[2026-04-01 09:35:41] Directory for https://uptech-group.com/blog/luck-is-the-residue-of-design-2 not found. No cache to purge
[2026-04-01 09:35:41] Clearing cache for 2 taxonomy and pagination URLs
[2026-04-01 09:35:41] Compatible cache found : starting server cache purge on Varnish
[2026-04-01 09:35:41] WordPress object cache cleared
[2026-04-01 09:35:41] Starting AutoPurge cache clearing for action [trashed_post]... [{
    "code": "SUCCESS"
}]
[2026-04-01 09:35:41] Clearing cache for 2 taxonomy and pagination URLs
[2026-04-01 09:35:41] Compatible cache found : starting server cache purge on Varnish
[2026-04-01 09:35:41] WordPress object cache cleared
[2026-04-01 09:35:41] Starting AutoPurge cache clearing for action [trashed_post]... [https://uptech-group.com/blog/luck-is-the-residue-of-design-2]
[2026-04-01 09:35:41] Directory for https://uptech-group.com/blog/luck-is-the-residue-of-design-2 not found. No cache to purge
[2026-04-01 09:35:41] Directory for https://uptech-group.com/blog/luck-is-the-residue-of-design-2 not found. No cache to purge
[2026-04-01 09:35:41] Clearing cache for 2 taxonomy and pagination URLs
[2026-04-01 09:35:41] Compatible cache found : starting server cache purge on Varnish
[2026-04-01 09:35:41] WordPress object cache cleared
[2026-04-01 09:35:41] Starting AutoPurge cache clearing for action [trashed_post]... [{
    "code": "SUCCESS"
}]
[2026-04-01 09:35:41] Clearing cache for 2 taxonomy and pagination URLs
[2026-04-01 09:35:41] Compatible cache found : starting server cache purge on Varnish
[2026-04-01 09:35:41] WordPress object cache cleared
[2026-04-01 09:35:41] Starting AutoPurge cache clearing for action [post_updated]... [https://uptech-group.com/blog/?p=1928]
[2026-04-01 09:35:41] Directory for https://uptech-group.com/blog/?p=1928 not found. No cache to purge
[2026-04-01 09:35:41] Directory for https://uptech-group.com/blog/?p=1928 not found. No cache to purge
[2026-04-01 09:35:41] Clearing cache for 2 taxonomy and pagination URLs
[2026-04-01 09:35:41] Compatible cache found : starting server cache purge on Varnish
[2026-04-01 09:35:41] WordPress object cache cleared
[2026-04-01 09:35:41] Starting AutoPurge cache clearing for action [post_updated]... [{
    "code": "SUCCESS"
}]
[2026-04-01 09:35:41] Clearing cache for 2 taxonomy and pagination URLs
[2026-04-01 09:35:41] Compatible cache found : starting server cache purge on Varnish
[2026-04-01 09:35:41] WordPress object cache cleared
[2026-04-01 09:35:41] Starting AutoPurge cache clearing for action [post_updated]... [https://uptech-group.com/blog/?p=1928]
[2026-04-01 09:35:41] Directory for https://uptech-group.com/blog/?p=1928 not found. No cache to purge
[2026-04-01 09:35:41] Directory for https://uptech-group.com/blog/?p=1928 not found. No cache to purge
[2026-04-01 09:35:41] Clearing cache for 2 taxonomy and pagination URLs
[2026-04-01 09:35:41] Compatible cache found : starting server cache purge on Varnish
[2026-04-01 09:35:41] WordPress object cache cleared
[2026-04-01 09:35:41] Starting AutoPurge cache clearing for action [post_updated]... [{
    "code": "SUCCESS"
}]
[2026-04-01 09:35:41] Clearing cache for 2 taxonomy and pagination URLs
[2026-04-01 09:35:41] Compatible cache found : starting server cache purge on Varnish
[2026-04-01 09:35:41] WordPress object cache cleared
[2026-04-01 09:35:41] Starting AutoPurge cache clearing for action [trashed_post]... [https://uptech-group.com/blog/luck-is-the-residue-of-design]
[2026-04-01 09:35:41] Directory for https://uptech-group.com/blog/luck-is-the-residue-of-design not found. No cache to purge
[2026-04-01 09:35:41] Directory for https://uptech-group.com/blog/luck-is-the-residue-of-design not found. No cache to purge
[2026-04-01 09:35:41] Clearing cache for 2 taxonomy and pagination URLs
[2026-04-01 09:35:41] Compatible cache found : starting server cache purge on Varnish
[2026-04-01 09:35:41] WordPress object cache cleared
[2026-04-01 09:35:41] Starting AutoPurge cache clearing for action [trashed_post]... [{
    "code": "SUCCESS"
}]
[2026-04-01 09:35:41] Clearing cache for 2 taxonomy and pagination URLs
[2026-04-01 09:35:41] Compatible cache found : starting server cache purge on Varnish
[2026-04-01 09:35:41] WordPress object cache cleared
[2026-04-01 09:35:41] Starting AutoPurge cache clearing for action [trashed_post]... [https://uptech-group.com/blog/luck-is-the-residue-of-design]
[2026-04-01 09:35:41] Directory for https://uptech-group.com/blog/luck-is-the-residue-of-design not found. No cache to purge
[2026-04-01 09:35:41] Directory for https://uptech-group.com/blog/luck-is-the-residue-of-design not found. No cache to purge
[2026-04-01 09:35:41] Clearing cache for 2 taxonomy and pagination URLs
[2026-04-01 09:35:41] Compatible cache found : starting server cache purge on Varnish
[2026-04-01 09:35:41] WordPress object cache cleared
[2026-04-01 09:35:41] Starting AutoPurge cache clearing for action [trashed_post]... [{
    "code": "SUCCESS"
}]
[2026-04-01 09:35:41] Clearing cache for 2 taxonomy and pagination URLs
[2026-04-01 09:35:41] Compatible cache found : starting server cache purge on Varnish
[2026-04-01 09:35:41] WordPress object cache cleared
[2026-04-01 09:37:17] Starting AutoPurge cache clearing for action [deleted_post]... [https://uptech-group.com/blog/1-revision-v1]
[2026-04-01 09:37:17] Directory for https://uptech-group.com/blog/1-revision-v1 not found. No cache to purge
[2026-04-01 09:37:17] Directory for https://uptech-group.com/blog/1-revision-v1 not found. No cache to purge
[2026-04-01 09:37:17] Removed cache files from main desktop cache (/home/c2761235c/public_html/blog/wp-content/cache/lwsoptimize/cache/blog)
[2026-04-01 09:37:17] Clearing cache for 2 taxonomy and pagination URLs
[2026-04-01 09:37:17] Compatible cache found : starting server cache purge on Varnish
[2026-04-01 09:37:17] WordPress object cache cleared
[2026-04-01 09:37:17] Starting AutoPurge cache clearing for action [deleted_post]... [{
    "code": "SUCCESS"
}]
[2026-04-01 09:37:17] Clearing cache for 2 taxonomy and pagination URLs
[2026-04-01 09:37:17] Compatible cache found : starting server cache purge on Varnish
[2026-04-01 09:37:17] WordPress object cache cleared
[2026-04-01 09:37:17] Starting AutoPurge cache clearing for action [deleted_post]... [https://uptech-group.com/blog/hello-world]
[2026-04-01 09:37:17] Directory for https://uptech-group.com/blog/hello-world not found. No cache to purge
[2026-04-01 09:37:17] Directory for https://uptech-group.com/blog/hello-world not found. No cache to purge
[2026-04-01 09:37:17] Clearing cache for 2 taxonomy and pagination URLs
[2026-04-01 09:37:17] Compatible cache found : starting server cache purge on Varnish
[2026-04-01 09:37:17] WordPress object cache cleared
[2026-04-01 09:37:17] Starting AutoPurge cache clearing for action [deleted_post]... [{
    "code": "SUCCESS"
}]
[2026-04-01 09:37:17] Clearing cache for 2 taxonomy and pagination URLs
[2026-04-01 09:37:18] Compatible cache found : starting server cache purge on Varnish
[2026-04-01 09:37:18] WordPress object cache cleared
[2026-04-01 09:37:18] Starting AutoPurge cache clearing for action [deleted_post]... [https://uptech-group.com/blog/1975-revision-v1]
[2026-04-01 09:37:18] Directory for https://uptech-group.com/blog/1975-revision-v1 not found. No cache to purge
[2026-04-01 09:37:18] Directory for https://uptech-group.com/blog/1975-revision-v1 not found. No cache to purge
[2026-04-01 09:37:18] Clearing cache for 2 taxonomy and pagination URLs
[2026-04-01 09:37:18] Compatible cache found : starting server cache purge on Varnish
[2026-04-01 09:37:18] WordPress object cache cleared
[2026-04-01 09:37:18] Starting AutoPurge cache clearing for action [deleted_post]... [{
    "code": "SUCCESS"
}]
[2026-04-01 09:37:18] Clearing cache for 2 taxonomy and pagination URLs
[2026-04-01 09:37:18] Compatible cache found : starting server cache purge on Varnish
[2026-04-01 09:37:18] WordPress object cache cleared
[2026-04-01 09:37:18] Starting AutoPurge cache clearing for action [deleted_post]... [https://uptech-group.com/blog/recognizing-the-need-is-the-primary-condition-for-design]
[2026-04-01 09:37:18] Directory for https://uptech-group.com/blog/recognizing-the-need-is-the-primary-condition-for-design not found. No cache to purge
[2026-04-01 09:37:18] Directory for https://uptech-group.com/blog/recognizing-the-need-is-the-primary-condition-for-design not found. No cache to purge
[2026-04-01 09:37:18] Clearing cache for 2 taxonomy and pagination URLs
[2026-04-01 09:37:18] Compatible cache found : starting server cache purge on Varnish
[2026-04-01 09:37:18] WordPress object cache cleared
[2026-04-01 09:37:18] Starting AutoPurge cache clearing for action [deleted_post]... [{
    "code": "SUCCESS"
}]
[2026-04-01 09:37:18] Clearing cache for 2 taxonomy and pagination URLs
[2026-04-01 09:37:18] Compatible cache found : starting server cache purge on Varnish
[2026-04-01 09:37:18] WordPress object cache cleared
[2026-04-01 09:37:18] Starting AutoPurge cache clearing for action [deleted_post]... [https://uptech-group.com/blog/1973-revision-v1]
[2026-04-01 09:37:18] Directory for https://uptech-group.com/blog/1973-revision-v1 not found. No cache to purge
[2026-04-01 09:37:18] Directory for https://uptech-group.com/blog/1973-revision-v1 not found. No cache to purge
[2026-04-01 09:37:18] Clearing cache for 2 taxonomy and pagination URLs
[2026-04-01 09:37:18] Compatible cache found : starting server cache purge on Varnish
[2026-04-01 09:37:18] WordPress object cache cleared
[2026-04-01 09:37:18] Starting AutoPurge cache clearing for action [deleted_post]... [{
    "code": "SUCCESS"
}]
[2026-04-01 09:37:18] Clearing cache for 2 taxonomy and pagination URLs
[2026-04-01 09:37:18] Compatible cache found : starting server cache purge on Varnish
[2026-04-01 09:37:18] WordPress object cache cleared
[2026-04-01 09:37:18] Starting AutoPurge cache clearing for action [deleted_post]... [https://uptech-group.com/blog/we-design-our-world-while-our-world-acts-back-on-us-and-designs-us]
[2026-04-01 09:37:18] Directory for https://uptech-group.com/blog/we-design-our-world-while-our-world-acts-back-on-us-and-designs-us not found. No cache to purge
[2026-04-01 09:37:18] Directory for https://uptech-group.com/blog/we-design-our-world-while-our-world-acts-back-on-us-and-designs-us not found. No cache to purge
[2026-04-01 09:37:18] Clearing cache for 2 taxonomy and pagination URLs
[2026-04-01 09:37:18] Compatible cache found : starting server cache purge on Varnish
[2026-04-01 09:37:18] WordPress object cache cleared
[2026-04-01 09:37:18] Starting AutoPurge cache clearing for action [deleted_post]... [{
    "code": "SUCCESS"
}]
[2026-04-01 09:37:18] Clearing cache for 2 taxonomy and pagination URLs
[2026-04-01 09:37:18] Compatible cache found : starting server cache purge on Varnish
[2026-04-01 09:37:18] WordPress object cache cleared
[2026-04-01 09:37:18] Starting AutoPurge cache clearing for action [deleted_post]... [https://uptech-group.com/blog/1971-revision-v1]
[2026-04-01 09:37:18] Directory for https://uptech-group.com/blog/1971-revision-v1 not found. No cache to purge
[2026-04-01 09:37:18] Directory for https://uptech-group.com/blog/1971-revision-v1 not found. No cache to purge
[2026-04-01 09:37:18] Clearing cache for 2 taxonomy and pagination URLs
[2026-04-01 09:37:18] Compatible cache found : starting server cache purge on Varnish
[2026-04-01 09:37:18] WordPress object cache cleared
[2026-04-01 09:37:18] Starting AutoPurge cache clearing for action [deleted_post]... [{
    "code": "SUCCESS"
}]
[2026-04-01 09:37:18] Clearing cache for 2 taxonomy and pagination URLs
[2026-04-01 09:37:18] Compatible cache found : starting server cache purge on Varnish
[2026-04-01 09:37:18] WordPress object cache cleared
[2026-04-01 09:37:18] Starting AutoPurge cache clearing for action [deleted_post]... [https://uptech-group.com/blog/a-camel-is-a-horse-designed-by-committee]
[2026-04-01 09:37:18] Directory for https://uptech-group.com/blog/a-camel-is-a-horse-designed-by-committee not found. No cache to purge
[2026-04-01 09:37:18] Directory for https://uptech-group.com/blog/a-camel-is-a-horse-designed-by-committee not found. No cache to purge
[2026-04-01 09:37:18] Clearing cache for 2 taxonomy and pagination URLs
[2026-04-01 09:37:18] Compatible cache found : starting server cache purge on Varnish
[2026-04-01 09:37:18] WordPress object cache cleared
[2026-04-01 09:37:18] Starting AutoPurge cache clearing for action [deleted_post]... [{
    "code": "SUCCESS"
}]
[2026-04-01 09:37:18] Clearing cache for 2 taxonomy and pagination URLs
[2026-04-01 09:37:18] Compatible cache found : starting server cache purge on Varnish
[2026-04-01 09:37:18] WordPress object cache cleared
[2026-04-01 09:37:18] Starting AutoPurge cache clearing for action [deleted_post]... [https://uptech-group.com/blog/1963-revision-v1]
[2026-04-01 09:37:18] Directory for https://uptech-group.com/blog/1963-revision-v1 not found. No cache to purge
[2026-04-01 09:37:18] Directory for https://uptech-group.com/blog/1963-revision-v1 not found. No cache to purge
[2026-04-01 09:37:18] Clearing cache for 2 taxonomy and pagination URLs
[2026-04-01 09:37:19] Compatible cache found : starting server cache purge on Varnish
[2026-04-01 09:37:19] WordPress object cache cleared
[2026-04-01 09:37:19] Starting AutoPurge cache clearing for action [deleted_post]... [{
    "code": "SUCCESS"
}]
[2026-04-01 09:37:19] Clearing cache for 2 taxonomy and pagination URLs
[2026-04-01 09:37:19] Compatible cache found : starting server cache purge on Varnish
[2026-04-01 09:37:19] WordPress object cache cleared
[2026-04-01 09:37:19] Starting AutoPurge cache clearing for action [deleted_post]... [https://uptech-group.com/blog/design-is-not-just-what-it-looks-like-and-feels-like-design-is-how-it-works]
[2026-04-01 09:37:19] Directory for https://uptech-group.com/blog/design-is-not-just-what-it-looks-like-and-feels-like-design-is-how-it-works not found. No cache to purge
[2026-04-01 09:37:19] Directory for https://uptech-group.com/blog/design-is-not-just-what-it-looks-like-and-feels-like-design-is-how-it-works not found. No cache to purge
[2026-04-01 09:37:19] Clearing cache for 2 taxonomy and pagination URLs
[2026-04-01 09:37:19] Compatible cache found : starting server cache purge on Varnish
[2026-04-01 09:37:19] WordPress object cache cleared
[2026-04-01 09:37:19] Starting AutoPurge cache clearing for action [deleted_post]... [{
    "code": "SUCCESS"
}]
[2026-04-01 09:37:19] Clearing cache for 2 taxonomy and pagination URLs
[2026-04-01 09:37:19] Compatible cache found : starting server cache purge on Varnish
[2026-04-01 09:37:19] WordPress object cache cleared
[2026-04-01 09:37:19] Starting AutoPurge cache clearing for action [deleted_post]... [https://uptech-group.com/blog/1955-revision-v1]
[2026-04-01 09:37:19] Directory for https://uptech-group.com/blog/1955-revision-v1 not found. No cache to purge
[2026-04-01 09:37:19] Directory for https://uptech-group.com/blog/1955-revision-v1 not found. No cache to purge
[2026-04-01 09:37:19] Clearing cache for 2 taxonomy and pagination URLs
[2026-04-01 09:37:19] Compatible cache found : starting server cache purge on Varnish
[2026-04-01 09:37:19] WordPress object cache cleared
[2026-04-01 09:37:19] Starting AutoPurge cache clearing for action [deleted_post]... [{
    "code": "SUCCESS"
}]
[2026-04-01 09:37:19] Clearing cache for 2 taxonomy and pagination URLs
[2026-04-01 09:37:19] Compatible cache found : starting server cache purge on Varnish
[2026-04-01 09:37:19] WordPress object cache cleared
[2026-04-01 09:37:19] Starting AutoPurge cache clearing for action [deleted_post]... [https://uptech-group.com/blog/luck-is-the-residue-of-design-2]
[2026-04-01 09:37:19] Directory for https://uptech-group.com/blog/luck-is-the-residue-of-design-2 not found. No cache to purge
[2026-04-01 09:37:19] Directory for https://uptech-group.com/blog/luck-is-the-residue-of-design-2 not found. No cache to purge
[2026-04-01 09:37:19] Clearing cache for 2 taxonomy and pagination URLs
[2026-04-01 09:37:19] Compatible cache found : starting server cache purge on Varnish
[2026-04-01 09:37:19] WordPress object cache cleared
[2026-04-01 09:37:19] Starting AutoPurge cache clearing for action [deleted_post]... [{
    "code": "SUCCESS"
}]
[2026-04-01 09:37:19] Clearing cache for 2 taxonomy and pagination URLs
[2026-04-01 09:37:19] Compatible cache found : starting server cache purge on Varnish
[2026-04-01 09:37:19] WordPress object cache cleared
[2026-04-01 09:37:19] Starting AutoPurge cache clearing for action [deleted_post]... [https://uptech-group.com/blog/1928-revision-v1]
[2026-04-01 09:37:19] Directory for https://uptech-group.com/blog/1928-revision-v1 not found. No cache to purge
[2026-04-01 09:37:19] Directory for https://uptech-group.com/blog/1928-revision-v1 not found. No cache to purge
[2026-04-01 09:37:19] Clearing cache for 2 taxonomy and pagination URLs
[2026-04-01 09:37:19] Compatible cache found : starting server cache purge on Varnish
[2026-04-01 09:37:19] WordPress object cache cleared
[2026-04-01 09:37:19] Starting AutoPurge cache clearing for action [deleted_post]... [{
    "code": "SUCCESS"
}]
[2026-04-01 09:37:19] Clearing cache for 2 taxonomy and pagination URLs
[2026-04-01 09:37:19] Compatible cache found : starting server cache purge on Varnish
[2026-04-01 09:37:19] WordPress object cache cleared
[2026-04-01 09:37:19] Starting AutoPurge cache clearing for action [deleted_post]... [https://uptech-group.com/blog/luck-is-the-residue-of-design]
[2026-04-01 09:37:19] Directory for https://uptech-group.com/blog/luck-is-the-residue-of-design not found. No cache to purge
[2026-04-01 09:37:19] Directory for https://uptech-group.com/blog/luck-is-the-residue-of-design not found. No cache to purge
[2026-04-01 09:37:19] Clearing cache for 2 taxonomy and pagination URLs
[2026-04-01 09:37:19] Compatible cache found : starting server cache purge on Varnish
[2026-04-01 09:37:19] WordPress object cache cleared
[2026-04-01 09:37:19] Starting AutoPurge cache clearing for action [deleted_post]... [{
    "code": "SUCCESS"
}]
[2026-04-01 09:37:19] Clearing cache for 2 taxonomy and pagination URLs
[2026-04-01 09:37:20] Compatible cache found : starting server cache purge on Varnish
[2026-04-01 09:37:20] WordPress object cache cleared
[2026-04-01 10:36:00] Starting AutoPurge cache clearing for action [post_updated]... [https://uptech-group.com/blog/?p=2745]
[2026-04-01 10:36:00] Directory for https://uptech-group.com/blog/?p=2745 not found. No cache to purge
[2026-04-01 10:36:00] Directory for https://uptech-group.com/blog/?p=2745 not found. No cache to purge
[2026-04-01 10:36:00] Removed cache files from main desktop cache (/home/c2761235c/public_html/blog/wp-content/cache/lwsoptimize/cache/blog)
[2026-04-01 10:36:00] Removed cache files from main mobile cache (/home/c2761235c/public_html/blog/wp-content/cache/lwsoptimize/cache-mobile/blog)
[2026-04-01 10:36:00] Clearing cache for 4 taxonomy and pagination URLs
[2026-04-01 10:36:00] Compatible cache found : starting server cache purge on Varnish
[2026-04-01 10:36:00] WordPress object cache cleared
[2026-04-01 10:36:00] Starting AutoPurge cache clearing for action [post_updated]... [{
    "code": "SUCCESS"
}]
[2026-04-01 10:36:00] Clearing cache for 4 taxonomy and pagination URLs
[2026-04-01 10:36:00] Compatible cache found : starting server cache purge on Varnish
[2026-04-01 10:36:00] WordPress object cache cleared
[2026-04-01 10:36:00] Starting AutoPurge cache clearing for action [post_updated]... [https://uptech-group.com/blog/?p=2745]
[2026-04-01 10:36:00] Directory for https://uptech-group.com/blog/?p=2745 not found. No cache to purge
[2026-04-01 10:36:00] Directory for https://uptech-group.com/blog/?p=2745 not found. No cache to purge
[2026-04-01 10:36:00] Clearing cache for 4 taxonomy and pagination URLs
[2026-04-01 10:36:00] Compatible cache found : starting server cache purge on Varnish
[2026-04-01 10:36:00] WordPress object cache cleared
[2026-04-01 10:36:00] Starting AutoPurge cache clearing for action [post_updated]... [{
    "code": "SUCCESS"
}]
[2026-04-01 10:36:00] Clearing cache for 4 taxonomy and pagination URLs
[2026-04-01 10:36:00] Compatible cache found : starting server cache purge on Varnish
[2026-04-01 10:36:00] WordPress object cache cleared
[2026-04-01 10:36:58] Starting AutoPurge cache clearing for action [post_updated]... [https://uptech-group.com/blog/?p=2745]
[2026-04-01 10:36:58] Directory for https://uptech-group.com/blog/?p=2745 not found. No cache to purge
[2026-04-01 10:36:58] Directory for https://uptech-group.com/blog/?p=2745 not found. No cache to purge
[2026-04-01 10:36:58] Clearing cache for 4 taxonomy and pagination URLs
[2026-04-01 10:36:58] Compatible cache found : starting server cache purge on Varnish
[2026-04-01 10:36:58] WordPress object cache cleared
[2026-04-01 10:36:58] Starting AutoPurge cache clearing for action [post_updated]... [{
    "code": "SUCCESS"
}]
[2026-04-01 10:36:58] Clearing cache for 4 taxonomy and pagination URLs
[2026-04-01 10:36:58] Compatible cache found : starting server cache purge on Varnish
[2026-04-01 10:36:58] WordPress object cache cleared
[2026-04-01 10:36:58] Starting AutoPurge cache clearing for action [post_updated]... [https://uptech-group.com/blog/?p=2745]
[2026-04-01 10:36:58] Directory for https://uptech-group.com/blog/?p=2745 not found. No cache to purge
[2026-04-01 10:36:58] Directory for https://uptech-group.com/blog/?p=2745 not found. No cache to purge
[2026-04-01 10:36:58] Clearing cache for 4 taxonomy and pagination URLs
[2026-04-01 10:36:58] Compatible cache found : starting server cache purge on Varnish
[2026-04-01 10:36:58] WordPress object cache cleared
[2026-04-01 10:36:58] Starting AutoPurge cache clearing for action [post_updated]... [{
    "code": "SUCCESS"
}]
[2026-04-01 10:36:58] Clearing cache for 4 taxonomy and pagination URLs
[2026-04-01 10:36:58] Compatible cache found : starting server cache purge on Varnish
[2026-04-01 10:36:58] WordPress object cache cleared
[2026-04-01 10:37:58] Starting AutoPurge cache clearing for action [post_updated]... [https://uptech-group.com/blog/?p=2745]
[2026-04-01 10:37:58] Directory for https://uptech-group.com/blog/?p=2745 not found. No cache to purge
[2026-04-01 10:37:58] Directory for https://uptech-group.com/blog/?p=2745 not found. No cache to purge
[2026-04-01 10:37:58] Clearing cache for 4 taxonomy and pagination URLs
[2026-04-01 10:37:58] Compatible cache found : starting server cache purge on Varnish
[2026-04-01 10:37:58] WordPress object cache cleared
[2026-04-01 10:37:58] Starting AutoPurge cache clearing for action [post_updated]... [{
    "code": "SUCCESS"
}]
[2026-04-01 10:37:58] Clearing cache for 4 taxonomy and pagination URLs
[2026-04-01 10:37:58] Compatible cache found : starting server cache purge on Varnish
[2026-04-01 10:37:58] WordPress object cache cleared
[2026-04-01 10:37:58] Starting AutoPurge cache clearing for action [post_updated]... [https://uptech-group.com/blog/?p=2745]
[2026-04-01 10:37:58] Directory for https://uptech-group.com/blog/?p=2745 not found. No cache to purge
[2026-04-01 10:37:58] Directory for https://uptech-group.com/blog/?p=2745 not found. No cache to purge
[2026-04-01 10:37:58] Clearing cache for 4 taxonomy and pagination URLs
[2026-04-01 10:37:58] Compatible cache found : starting server cache purge on Varnish
[2026-04-01 10:37:58] WordPress object cache cleared
[2026-04-01 10:37:58] Starting AutoPurge cache clearing for action [post_updated]... [{
    "code": "SUCCESS"
}]
[2026-04-01 10:37:58] Clearing cache for 4 taxonomy and pagination URLs
[2026-04-01 10:37:58] Compatible cache found : starting server cache purge on Varnish
[2026-04-01 10:37:58] WordPress object cache cleared
[2026-04-01 10:38:58] Starting AutoPurge cache clearing for action [post_updated]... [https://uptech-group.com/blog/?p=2745]
[2026-04-01 10:38:58] Directory for https://uptech-group.com/blog/?p=2745 not found. No cache to purge
[2026-04-01 10:38:58] Directory for https://uptech-group.com/blog/?p=2745 not found. No cache to purge
[2026-04-01 10:38:58] Clearing cache for 4 taxonomy and pagination URLs
[2026-04-01 10:38:58] Compatible cache found : starting server cache purge on Varnish
[2026-04-01 10:38:58] WordPress object cache cleared
[2026-04-01 10:38:58] Starting AutoPurge cache clearing for action [post_updated]... [{
    "code": "SUCCESS"
}]
[2026-04-01 10:38:58] Clearing cache for 4 taxonomy and pagination URLs
[2026-04-01 10:38:58] Compatible cache found : starting server cache purge on Varnish
[2026-04-01 10:38:58] WordPress object cache cleared
[2026-04-01 10:38:58] Starting AutoPurge cache clearing for action [post_updated]... [https://uptech-group.com/blog/?p=2745]
[2026-04-01 10:38:58] Directory for https://uptech-group.com/blog/?p=2745 not found. No cache to purge
[2026-04-01 10:38:58] Directory for https://uptech-group.com/blog/?p=2745 not found. No cache to purge
[2026-04-01 10:38:58] Clearing cache for 4 taxonomy and pagination URLs
[2026-04-01 10:38:58] Compatible cache found : starting server cache purge on Varnish
[2026-04-01 10:38:58] WordPress object cache cleared
[2026-04-01 10:38:58] Starting AutoPurge cache clearing for action [post_updated]... [{
    "code": "SUCCESS"
}]
[2026-04-01 10:38:58] Clearing cache for 4 taxonomy and pagination URLs
[2026-04-01 10:38:58] Compatible cache found : starting server cache purge on Varnish
[2026-04-01 10:38:58] WordPress object cache cleared
[2026-04-01 10:43:59] Starting AutoPurge cache clearing for action [post_updated]... [https://uptech-group.com/blog/?p=2745]
[2026-04-01 10:43:59] Directory for https://uptech-group.com/blog/?p=2745 not found. No cache to purge
[2026-04-01 10:43:59] Directory for https://uptech-group.com/blog/?p=2745 not found. No cache to purge
[2026-04-01 10:43:59] Clearing cache for 4 taxonomy and pagination URLs
[2026-04-01 10:43:59] Compatible cache found : starting server cache purge on Varnish
[2026-04-01 10:43:59] WordPress object cache cleared
[2026-04-01 10:43:59] Starting AutoPurge cache clearing for action [post_updated]... [{
    "code": "SUCCESS"
}]
[2026-04-01 10:43:59] Clearing cache for 4 taxonomy and pagination URLs
[2026-04-01 10:43:59] Compatible cache found : starting server cache purge on Varnish
[2026-04-01 10:43:59] WordPress object cache cleared
[2026-04-01 10:43:59] Starting AutoPurge cache clearing for action [post_updated]... [https://uptech-group.com/blog/?p=2745]
[2026-04-01 10:43:59] Directory for https://uptech-group.com/blog/?p=2745 not found. No cache to purge
[2026-04-01 10:43:59] Directory for https://uptech-group.com/blog/?p=2745 not found. No cache to purge
[2026-04-01 10:43:59] Clearing cache for 4 taxonomy and pagination URLs
[2026-04-01 10:43:59] Compatible cache found : starting server cache purge on Varnish
[2026-04-01 10:43:59] WordPress object cache cleared
[2026-04-01 10:43:59] Starting AutoPurge cache clearing for action [post_updated]... [{
    "code": "SUCCESS"
}]
[2026-04-01 10:43:59] Clearing cache for 4 taxonomy and pagination URLs
[2026-04-01 10:43:59] Compatible cache found : starting server cache purge on Varnish
[2026-04-01 10:43:59] WordPress object cache cleared
[2026-04-01 10:45:00] Starting AutoPurge cache clearing for action [post_updated]... [https://uptech-group.com/blog/?p=2745]
[2026-04-01 10:45:00] Directory for https://uptech-group.com/blog/?p=2745 not found. No cache to purge
[2026-04-01 10:45:00] Directory for https://uptech-group.com/blog/?p=2745 not found. No cache to purge
[2026-04-01 10:45:00] Clearing cache for 4 taxonomy and pagination URLs
[2026-04-01 10:45:00] Compatible cache found : starting server cache purge on Varnish
[2026-04-01 10:45:00] WordPress object cache cleared
[2026-04-01 10:45:00] Starting AutoPurge cache clearing for action [post_updated]... [{
    "code": "SUCCESS"
}]
[2026-04-01 10:45:00] Clearing cache for 4 taxonomy and pagination URLs
[2026-04-01 10:45:00] Compatible cache found : starting server cache purge on Varnish
[2026-04-01 10:45:00] WordPress object cache cleared
[2026-04-01 10:45:00] Starting AutoPurge cache clearing for action [post_updated]... [https://uptech-group.com/blog/?p=2745]
[2026-04-01 10:45:00] Directory for https://uptech-group.com/blog/?p=2745 not found. No cache to purge
[2026-04-01 10:45:00] Directory for https://uptech-group.com/blog/?p=2745 not found. No cache to purge
[2026-04-01 10:45:00] Clearing cache for 4 taxonomy and pagination URLs
[2026-04-01 10:45:00] Compatible cache found : starting server cache purge on Varnish
[2026-04-01 10:45:00] WordPress object cache cleared
[2026-04-01 10:45:00] Starting AutoPurge cache clearing for action [post_updated]... [{
    "code": "SUCCESS"
}]
[2026-04-01 10:45:00] Clearing cache for 4 taxonomy and pagination URLs
[2026-04-01 10:45:00] Compatible cache found : starting server cache purge on Varnish
[2026-04-01 10:45:00] WordPress object cache cleared
[2026-04-01 10:56:29] Starting AutoPurge cache clearing for action [post_updated]... [https://uptech-group.com/blog/?p=2745]
[2026-04-01 10:56:29] Directory for https://uptech-group.com/blog/?p=2745 not found. No cache to purge
[2026-04-01 10:56:29] Directory for https://uptech-group.com/blog/?p=2745 not found. No cache to purge
[2026-04-01 10:56:29] Clearing cache for 4 taxonomy and pagination URLs
[2026-04-01 10:56:29] Compatible cache found : starting server cache purge on Varnish
[2026-04-01 10:56:29] WordPress object cache cleared
[2026-04-01 10:56:29] Starting AutoPurge cache clearing for action [post_updated]... [{
    "code": "SUCCESS"
}]
[2026-04-01 10:56:29] Clearing cache for 4 taxonomy and pagination URLs
[2026-04-01 10:56:29] Compatible cache found : starting server cache purge on Varnish
[2026-04-01 10:56:29] WordPress object cache cleared
[2026-04-01 10:56:29] Starting AutoPurge cache clearing for action [post_updated]... [https://uptech-group.com/blog/?p=2745]
[2026-04-01 10:56:29] Directory for https://uptech-group.com/blog/?p=2745 not found. No cache to purge
[2026-04-01 10:56:29] Directory for https://uptech-group.com/blog/?p=2745 not found. No cache to purge
[2026-04-01 10:56:29] Clearing cache for 4 taxonomy and pagination URLs
[2026-04-01 10:56:29] Compatible cache found : starting server cache purge on Varnish
[2026-04-01 10:56:29] WordPress object cache cleared
[2026-04-01 10:56:29] Starting AutoPurge cache clearing for action [post_updated]... [{
    "code": "SUCCESS"
}]
[2026-04-01 10:56:29] Clearing cache for 4 taxonomy and pagination URLs
[2026-04-01 10:56:29] Compatible cache found : starting server cache purge on Varnish
[2026-04-01 10:56:29] WordPress object cache cleared
[2026-04-01 10:58:19] Starting AutoPurge cache clearing for action [post_updated]... [https://uptech-group.com/blog/?p=2745]
[2026-04-01 10:58:19] Directory for https://uptech-group.com/blog/?p=2745 not found. No cache to purge
[2026-04-01 10:58:19] Directory for https://uptech-group.com/blog/?p=2745 not found. No cache to purge
[2026-04-01 10:58:19] Clearing cache for 4 taxonomy and pagination URLs
[2026-04-01 10:58:19] Compatible cache found : starting server cache purge on Varnish
[2026-04-01 10:58:19] WordPress object cache cleared
[2026-04-01 10:58:19] Starting AutoPurge cache clearing for action [post_updated]... [{
    "code": "SUCCESS"
}]
[2026-04-01 10:58:19] Clearing cache for 4 taxonomy and pagination URLs
[2026-04-01 10:58:19] Compatible cache found : starting server cache purge on Varnish
[2026-04-01 10:58:19] WordPress object cache cleared
[2026-04-01 10:58:19] Starting AutoPurge cache clearing for action [post_updated]... [https://uptech-group.com/blog/?p=2745]
[2026-04-01 10:58:19] Directory for https://uptech-group.com/blog/?p=2745 not found. No cache to purge
[2026-04-01 10:58:19] Directory for https://uptech-group.com/blog/?p=2745 not found. No cache to purge
[2026-04-01 10:58:19] Clearing cache for 4 taxonomy and pagination URLs
[2026-04-01 10:58:19] Compatible cache found : starting server cache purge on Varnish
[2026-04-01 10:58:19] WordPress object cache cleared
[2026-04-01 10:58:19] Starting AutoPurge cache clearing for action [post_updated]... [{
    "code": "SUCCESS"
}]
[2026-04-01 10:58:19] Clearing cache for 4 taxonomy and pagination URLs
[2026-04-01 10:58:19] Compatible cache found : starting server cache purge on Varnish
[2026-04-01 10:58:19] WordPress object cache cleared
[2026-04-01 10:58:22] Starting AutoPurge cache clearing for action [post_updated]... [https://uptech-group.com/blog/?p=2745]
[2026-04-01 10:58:22] Directory for https://uptech-group.com/blog/?p=2745 not found. No cache to purge
[2026-04-01 10:58:22] Directory for https://uptech-group.com/blog/?p=2745 not found. No cache to purge
[2026-04-01 10:58:22] Clearing cache for 4 taxonomy and pagination URLs
[2026-04-01 10:58:22] Compatible cache found : starting server cache purge on Varnish
[2026-04-01 10:58:22] WordPress object cache cleared
[2026-04-01 10:58:22] Starting AutoPurge cache clearing for action [post_updated]... [{
    "code": "SUCCESS"
}]
[2026-04-01 10:58:22] Clearing cache for 4 taxonomy and pagination URLs
[2026-04-01 10:58:22] Compatible cache found : starting server cache purge on Varnish
[2026-04-01 10:58:22] WordPress object cache cleared
[2026-04-01 10:58:22] Starting AutoPurge cache clearing for action [post_updated]... [https://uptech-group.com/blog/?p=2745]
[2026-04-01 10:58:22] Directory for https://uptech-group.com/blog/?p=2745 not found. No cache to purge
[2026-04-01 10:58:22] Directory for https://uptech-group.com/blog/?p=2745 not found. No cache to purge
[2026-04-01 10:58:22] Clearing cache for 4 taxonomy and pagination URLs
[2026-04-01 10:58:22] Compatible cache found : starting server cache purge on Varnish
[2026-04-01 10:58:22] WordPress object cache cleared
[2026-04-01 10:58:22] Starting AutoPurge cache clearing for action [post_updated]... [{
    "code": "SUCCESS"
}]
[2026-04-01 10:58:22] Clearing cache for 4 taxonomy and pagination URLs
[2026-04-01 10:58:22] Compatible cache found : starting server cache purge on Varnish
[2026-04-01 10:58:22] WordPress object cache cleared
[2026-04-01 10:59:36] Starting AutoPurge cache clearing for action [post_updated]... [https://uptech-group.com/blog/?p=2745]
[2026-04-01 10:59:36] Directory for https://uptech-group.com/blog/?p=2745 not found. No cache to purge
[2026-04-01 10:59:36] Directory for https://uptech-group.com/blog/?p=2745 not found. No cache to purge
[2026-04-01 10:59:36] Clearing cache for 4 taxonomy and pagination URLs
[2026-04-01 10:59:36] Compatible cache found : starting server cache purge on Varnish
[2026-04-01 10:59:36] WordPress object cache cleared
[2026-04-01 10:59:36] Starting AutoPurge cache clearing for action [post_updated]... [{
    "code": "SUCCESS"
}]
[2026-04-01 10:59:36] Clearing cache for 4 taxonomy and pagination URLs
[2026-04-01 10:59:36] Compatible cache found : starting server cache purge on Varnish
[2026-04-01 10:59:36] WordPress object cache cleared
[2026-04-01 10:59:36] Starting AutoPurge cache clearing for action [post_updated]... [https://uptech-group.com/blog/?p=2745]
[2026-04-01 10:59:36] Directory for https://uptech-group.com/blog/?p=2745 not found. No cache to purge
[2026-04-01 10:59:36] Directory for https://uptech-group.com/blog/?p=2745 not found. No cache to purge
[2026-04-01 10:59:36] Clearing cache for 4 taxonomy and pagination URLs
[2026-04-01 10:59:36] Compatible cache found : starting server cache purge on Varnish
[2026-04-01 10:59:36] WordPress object cache cleared
[2026-04-01 10:59:36] Starting AutoPurge cache clearing for action [post_updated]... [{
    "code": "SUCCESS"
}]
[2026-04-01 10:59:36] Clearing cache for 4 taxonomy and pagination URLs
[2026-04-01 10:59:36] Compatible cache found : starting server cache purge on Varnish
[2026-04-01 10:59:36] WordPress object cache cleared
[2026-04-01 10:59:40] Starting AutoPurge cache clearing for action [post_updated]... [https://uptech-group.com/blog/?p=2745]
[2026-04-01 10:59:40] Directory for https://uptech-group.com/blog/?p=2745 not found. No cache to purge
[2026-04-01 10:59:40] Directory for https://uptech-group.com/blog/?p=2745 not found. No cache to purge
[2026-04-01 10:59:40] Clearing cache for 4 taxonomy and pagination URLs
[2026-04-01 10:59:40] Compatible cache found : starting server cache purge on Varnish
[2026-04-01 10:59:40] WordPress object cache cleared
[2026-04-01 10:59:40] Starting AutoPurge cache clearing for action [post_updated]... [{
    "code": "SUCCESS"
}]
[2026-04-01 10:59:40] Clearing cache for 4 taxonomy and pagination URLs
[2026-04-01 10:59:40] Compatible cache found : starting server cache purge on Varnish
[2026-04-01 10:59:40] WordPress object cache cleared
[2026-04-01 10:59:40] Starting AutoPurge cache clearing for action [post_updated]... [https://uptech-group.com/blog/?p=2745]
[2026-04-01 10:59:40] Directory for https://uptech-group.com/blog/?p=2745 not found. No cache to purge
[2026-04-01 10:59:40] Directory for https://uptech-group.com/blog/?p=2745 not found. No cache to purge
[2026-04-01 10:59:40] Clearing cache for 4 taxonomy and pagination URLs
[2026-04-01 10:59:40] Compatible cache found : starting server cache purge on Varnish
[2026-04-01 10:59:40] WordPress object cache cleared
[2026-04-01 10:59:40] Starting AutoPurge cache clearing for action [post_updated]... [{
    "code": "SUCCESS"
}]
[2026-04-01 10:59:40] Clearing cache for 4 taxonomy and pagination URLs
[2026-04-01 10:59:40] Compatible cache found : starting server cache purge on Varnish
[2026-04-01 10:59:40] WordPress object cache cleared
[2026-04-01 11:00:44] Starting AutoPurge cache clearing for action [post_updated]... [https://uptech-group.com/blog/?p=2745]
[2026-04-01 11:00:44] Directory for https://uptech-group.com/blog/?p=2745 not found. No cache to purge
[2026-04-01 11:00:44] Directory for https://uptech-group.com/blog/?p=2745 not found. No cache to purge
[2026-04-01 11:00:44] Clearing cache for 4 taxonomy and pagination URLs
[2026-04-01 11:00:44] Compatible cache found : starting server cache purge on Varnish
[2026-04-01 11:00:44] WordPress object cache cleared
[2026-04-01 11:00:44] Starting AutoPurge cache clearing for action [post_updated]... [{
    "code": "SUCCESS"
}]
[2026-04-01 11:00:44] Clearing cache for 4 taxonomy and pagination URLs
[2026-04-01 11:00:44] Compatible cache found : starting server cache purge on Varnish
[2026-04-01 11:00:44] WordPress object cache cleared
[2026-04-01 11:00:44] Starting AutoPurge cache clearing for action [post_updated]... [https://uptech-group.com/blog/?p=2745]
[2026-04-01 11:00:44] Directory for https://uptech-group.com/blog/?p=2745 not found. No cache to purge
[2026-04-01 11:00:44] Directory for https://uptech-group.com/blog/?p=2745 not found. No cache to purge
[2026-04-01 11:00:44] Clearing cache for 4 taxonomy and pagination URLs
[2026-04-01 11:00:44] Compatible cache found : starting server cache purge on Varnish
[2026-04-01 11:00:44] WordPress object cache cleared
[2026-04-01 11:00:44] Starting AutoPurge cache clearing for action [post_updated]... [{
    "code": "SUCCESS"
}]
[2026-04-01 11:00:44] Clearing cache for 4 taxonomy and pagination URLs
[2026-04-01 11:00:45] Compatible cache found : starting server cache purge on Varnish
[2026-04-01 11:00:45] WordPress object cache cleared
[2026-04-01 11:01:21] Starting AutoPurge cache clearing for action [post_updated]... [https://uptech-group.com/blog/?p=2745]
[2026-04-01 11:01:21] Directory for https://uptech-group.com/blog/?p=2745 not found. No cache to purge
[2026-04-01 11:01:21] Directory for https://uptech-group.com/blog/?p=2745 not found. No cache to purge
[2026-04-01 11:01:21] Clearing cache for 4 taxonomy and pagination URLs
[2026-04-01 11:01:21] Compatible cache found : starting server cache purge on Varnish
[2026-04-01 11:01:21] WordPress object cache cleared
[2026-04-01 11:01:21] Starting AutoPurge cache clearing for action [post_updated]... [{
    "code": "SUCCESS"
}]
[2026-04-01 11:01:21] Clearing cache for 4 taxonomy and pagination URLs
[2026-04-01 11:01:21] Compatible cache found : starting server cache purge on Varnish
[2026-04-01 11:01:21] WordPress object cache cleared
[2026-04-01 11:01:21] Starting AutoPurge cache clearing for action [post_updated]... [https://uptech-group.com/blog/?p=2745]
[2026-04-01 11:01:21] Directory for https://uptech-group.com/blog/?p=2745 not found. No cache to purge
[2026-04-01 11:01:21] Directory for https://uptech-group.com/blog/?p=2745 not found. No cache to purge
[2026-04-01 11:01:21] Clearing cache for 4 taxonomy and pagination URLs
[2026-04-01 11:01:22] Compatible cache found : starting server cache purge on Varnish
[2026-04-01 11:01:22] WordPress object cache cleared
[2026-04-01 11:01:22] Starting AutoPurge cache clearing for action [post_updated]... [{
    "code": "SUCCESS"
}]
[2026-04-01 11:01:22] Clearing cache for 4 taxonomy and pagination URLs
[2026-04-01 11:01:22] Compatible cache found : starting server cache purge on Varnish
[2026-04-01 11:01:22] WordPress object cache cleared
[2026-04-01 11:01:24] Starting AutoPurge cache clearing for action [post_updated]... [https://uptech-group.com/blog/?p=2745]
[2026-04-01 11:01:24] Directory for https://uptech-group.com/blog/?p=2745 not found. No cache to purge
[2026-04-01 11:01:24] Directory for https://uptech-group.com/blog/?p=2745 not found. No cache to purge
[2026-04-01 11:01:24] Clearing cache for 4 taxonomy and pagination URLs
[2026-04-01 11:01:24] Compatible cache found : starting server cache purge on Varnish
[2026-04-01 11:01:24] WordPress object cache cleared
[2026-04-01 11:01:24] Starting AutoPurge cache clearing for action [post_updated]... [{
    "code": "SUCCESS"
}]
[2026-04-01 11:01:24] Clearing cache for 4 taxonomy and pagination URLs
[2026-04-01 11:01:24] Compatible cache found : starting server cache purge on Varnish
[2026-04-01 11:01:24] WordPress object cache cleared
[2026-04-01 11:01:24] Starting AutoPurge cache clearing for action [post_updated]... [https://uptech-group.com/blog/?p=2745]
[2026-04-01 11:01:24] Directory for https://uptech-group.com/blog/?p=2745 not found. No cache to purge
[2026-04-01 11:01:24] Directory for https://uptech-group.com/blog/?p=2745 not found. No cache to purge
[2026-04-01 11:01:24] Clearing cache for 4 taxonomy and pagination URLs
[2026-04-01 11:01:24] Compatible cache found : starting server cache purge on Varnish
[2026-04-01 11:01:24] WordPress object cache cleared
[2026-04-01 11:01:24] Starting AutoPurge cache clearing for action [post_updated]... [{
    "code": "SUCCESS"
}]
[2026-04-01 11:01:24] Clearing cache for 4 taxonomy and pagination URLs
[2026-04-01 11:01:24] Compatible cache found : starting server cache purge on Varnish
[2026-04-01 11:01:24] WordPress object cache cleared
[2026-04-01 11:01:45] Starting AutoPurge cache clearing for action [post_updated]... [https://uptech-group.com/blog/?p=2745]
[2026-04-01 11:01:45] Directory for https://uptech-group.com/blog/?p=2745 not found. No cache to purge
[2026-04-01 11:01:45] Directory for https://uptech-group.com/blog/?p=2745 not found. No cache to purge
[2026-04-01 11:01:45] Clearing cache for 4 taxonomy and pagination URLs
[2026-04-01 11:01:45] Compatible cache found : starting server cache purge on Varnish
[2026-04-01 11:01:45] WordPress object cache cleared
[2026-04-01 11:01:45] Starting AutoPurge cache clearing for action [post_updated]... [{
    "code": "SUCCESS"
}]
[2026-04-01 11:01:45] Clearing cache for 4 taxonomy and pagination URLs
[2026-04-01 11:01:45] Compatible cache found : starting server cache purge on Varnish
[2026-04-01 11:01:45] WordPress object cache cleared
[2026-04-01 11:01:45] Starting AutoPurge cache clearing for action [post_updated]... [https://uptech-group.com/blog/?p=2745]
[2026-04-01 11:01:45] Directory for https://uptech-group.com/blog/?p=2745 not found. No cache to purge
[2026-04-01 11:01:45] Directory for https://uptech-group.com/blog/?p=2745 not found. No cache to purge
[2026-04-01 11:01:45] Clearing cache for 4 taxonomy and pagination URLs
[2026-04-01 11:01:45] Compatible cache found : starting server cache purge on Varnish
[2026-04-01 11:01:45] WordPress object cache cleared
[2026-04-01 11:01:45] Starting AutoPurge cache clearing for action [post_updated]... [{
    "code": "SUCCESS"
}]
[2026-04-01 11:01:45] Clearing cache for 4 taxonomy and pagination URLs
[2026-04-01 11:01:45] Compatible cache found : starting server cache purge on Varnish
[2026-04-01 11:01:45] WordPress object cache cleared
[2026-04-01 11:01:59] Starting AutoPurge cache clearing for action [post_updated]... [https://uptech-group.com/blog/pourquoi-jai-cree-up-tech-group-et-ce-que-je-veux-prouver-au-monde/]
[2026-04-01 11:01:59] Directory for https://uptech-group.com/blog/pourquoi-jai-cree-up-tech-group-et-ce-que-je-veux-prouver-au-monde/ not found. No cache to purge
[2026-04-01 11:01:59] Directory for https://uptech-group.com/blog/pourquoi-jai-cree-up-tech-group-et-ce-que-je-veux-prouver-au-monde/ not found. No cache to purge
[2026-04-01 11:01:59] Clearing cache for 4 taxonomy and pagination URLs
[2026-04-01 11:01:59] Compatible cache found : starting server cache purge on Varnish
[2026-04-01 11:01:59] WordPress object cache cleared
[2026-04-01 11:01:59] Starting AutoPurge cache clearing for action [post_updated]... [{
    "code": "SUCCESS"
}]
[2026-04-01 11:01:59] Clearing cache for 4 taxonomy and pagination URLs
[2026-04-01 11:01:59] Compatible cache found : starting server cache purge on Varnish
[2026-04-01 11:01:59] WordPress object cache cleared
[2026-04-01 11:01:59] Starting AutoPurge cache clearing for action [post_updated]... [https://uptech-group.com/blog/pourquoi-jai-cree-up-tech-group-et-ce-que-je-veux-prouver-au-monde/]
[2026-04-01 11:01:59] Directory for https://uptech-group.com/blog/pourquoi-jai-cree-up-tech-group-et-ce-que-je-veux-prouver-au-monde/ not found. No cache to purge
[2026-04-01 11:01:59] Directory for https://uptech-group.com/blog/pourquoi-jai-cree-up-tech-group-et-ce-que-je-veux-prouver-au-monde/ not found. No cache to purge
[2026-04-01 11:01:59] Clearing cache for 4 taxonomy and pagination URLs
[2026-04-01 11:01:59] Compatible cache found : starting server cache purge on Varnish
[2026-04-01 11:01:59] WordPress object cache cleared
[2026-04-01 11:01:59] Starting AutoPurge cache clearing for action [post_updated]... [{
    "code": "SUCCESS"
}]
[2026-04-01 11:01:59] Clearing cache for 4 taxonomy and pagination URLs
[2026-04-01 11:01:59] Compatible cache found : starting server cache purge on Varnish
[2026-04-01 11:01:59] WordPress object cache cleared
[2026-04-01 11:02:05] Starting AutoPurge cache clearing for action [post_updated]... [https://uptech-group.com/blog/pourquoi-jai-cree-up-tech-group-et-ce-que-je-veux-prouver-au-monde/]
[2026-04-01 11:02:05] Directory for https://uptech-group.com/blog/pourquoi-jai-cree-up-tech-group-et-ce-que-je-veux-prouver-au-monde/ not found. No cache to purge
[2026-04-01 11:02:05] Directory for https://uptech-group.com/blog/pourquoi-jai-cree-up-tech-group-et-ce-que-je-veux-prouver-au-monde/ not found. No cache to purge
[2026-04-01 11:02:05] Clearing cache for 4 taxonomy and pagination URLs
[2026-04-01 11:02:05] Compatible cache found : starting server cache purge on Varnish
[2026-04-01 11:02:05] WordPress object cache cleared
[2026-04-01 11:02:05] Starting AutoPurge cache clearing for action [post_updated]... [{
    "code": "SUCCESS"
}]
[2026-04-01 11:02:05] Clearing cache for 4 taxonomy and pagination URLs
[2026-04-01 11:02:05] Compatible cache found : starting server cache purge on Varnish
[2026-04-01 11:02:05] WordPress object cache cleared
[2026-04-01 11:02:05] Starting AutoPurge cache clearing for action [post_updated]... [https://uptech-group.com/blog/pourquoi-jai-cree-up-tech-group-et-ce-que-je-veux-prouver-au-monde/]
[2026-04-01 11:02:05] Directory for https://uptech-group.com/blog/pourquoi-jai-cree-up-tech-group-et-ce-que-je-veux-prouver-au-monde/ not found. No cache to purge
[2026-04-01 11:02:05] Directory for https://uptech-group.com/blog/pourquoi-jai-cree-up-tech-group-et-ce-que-je-veux-prouver-au-monde/ not found. No cache to purge
[2026-04-01 11:02:05] Clearing cache for 4 taxonomy and pagination URLs
[2026-04-01 11:02:06] Compatible cache found : starting server cache purge on Varnish
[2026-04-01 11:02:06] WordPress object cache cleared
[2026-04-01 11:02:06] Starting AutoPurge cache clearing for action [post_updated]... [{
    "code": "SUCCESS"
}]
[2026-04-01 11:02:06] Clearing cache for 4 taxonomy and pagination URLs
[2026-04-01 11:02:06] Compatible cache found : starting server cache purge on Varnish
[2026-04-01 11:02:06] WordPress object cache cleared
[2026-04-01 13:14:02] Starting AutoPurge cache clearing for action [post_updated]... [https://uptech-group.com/blog/?p=2752]
[2026-04-01 13:14:02] Directory for https://uptech-group.com/blog/?p=2752 not found. No cache to purge
[2026-04-01 13:14:02] Directory for https://uptech-group.com/blog/?p=2752 not found. No cache to purge
[2026-04-01 13:14:02] Removed cache files from main desktop cache (/home/c2761235c/public_html/blog/wp-content/cache/lwsoptimize/cache/blog)
[2026-04-01 13:14:02] Removed cache files from main mobile cache (/home/c2761235c/public_html/blog/wp-content/cache/lwsoptimize/cache-mobile/blog)
[2026-04-01 13:14:02] Clearing cache for 4 taxonomy and pagination URLs
[2026-04-01 13:14:02] Compatible cache found : starting server cache purge on Varnish
[2026-04-01 13:14:02] WordPress object cache cleared
[2026-04-01 13:14:02] Starting AutoPurge cache clearing for action [post_updated]... [{
    "code": "SUCCESS"
}]
[2026-04-01 13:14:02] Clearing cache for 4 taxonomy and pagination URLs
[2026-04-01 13:14:02] Compatible cache found : starting server cache purge on Varnish
[2026-04-01 13:14:02] WordPress object cache cleared
[2026-04-01 13:14:02] Starting AutoPurge cache clearing for action [post_updated]... [https://uptech-group.com/blog/?p=2752]
[2026-04-01 13:14:02] Directory for https://uptech-group.com/blog/?p=2752 not found. No cache to purge
[2026-04-01 13:14:02] Directory for https://uptech-group.com/blog/?p=2752 not found. No cache to purge
[2026-04-01 13:14:02] Clearing cache for 4 taxonomy and pagination URLs
[2026-04-01 13:14:02] Compatible cache found : starting server cache purge on Varnish
[2026-04-01 13:14:02] WordPress object cache cleared
[2026-04-01 13:14:02] Starting AutoPurge cache clearing for action [post_updated]... [{
    "code": "SUCCESS"
}]
[2026-04-01 13:14:02] Clearing cache for 4 taxonomy and pagination URLs
[2026-04-01 13:14:02] Compatible cache found : starting server cache purge on Varnish
[2026-04-01 13:14:02] WordPress object cache cleared
[2026-04-01 13:15:03] Starting AutoPurge cache clearing for action [post_updated]... [https://uptech-group.com/blog/?p=2752]
[2026-04-01 13:15:03] Directory for https://uptech-group.com/blog/?p=2752 not found. No cache to purge
[2026-04-01 13:15:03] Directory for https://uptech-group.com/blog/?p=2752 not found. No cache to purge
[2026-04-01 13:15:03] Clearing cache for 4 taxonomy and pagination URLs
[2026-04-01 13:15:03] Compatible cache found : starting server cache purge on Varnish
[2026-04-01 13:15:03] WordPress object cache cleared
[2026-04-01 13:15:03] Starting AutoPurge cache clearing for action [post_updated]... [{
    "code": "SUCCESS"
}]
[2026-04-01 13:15:03] Clearing cache for 4 taxonomy and pagination URLs
[2026-04-01 13:15:03] Compatible cache found : starting server cache purge on Varnish
[2026-04-01 13:15:03] WordPress object cache cleared
[2026-04-01 13:15:03] Starting AutoPurge cache clearing for action [post_updated]... [https://uptech-group.com/blog/?p=2752]
[2026-04-01 13:15:03] Directory for https://uptech-group.com/blog/?p=2752 not found. No cache to purge
[2026-04-01 13:15:03] Directory for https://uptech-group.com/blog/?p=2752 not found. No cache to purge
[2026-04-01 13:15:03] Clearing cache for 4 taxonomy and pagination URLs
[2026-04-01 13:15:03] Compatible cache found : starting server cache purge on Varnish
[2026-04-01 13:15:03] WordPress object cache cleared
[2026-04-01 13:15:03] Starting AutoPurge cache clearing for action [post_updated]... [{
    "code": "SUCCESS"
}]
[2026-04-01 13:15:04] Clearing cache for 4 taxonomy and pagination URLs
[2026-04-01 13:15:04] Compatible cache found : starting server cache purge on Varnish
[2026-04-01 13:15:04] WordPress object cache cleared
[2026-04-01 13:22:28] Starting AutoPurge cache clearing for action [post_updated]... [https://uptech-group.com/blog/?p=2752]
[2026-04-01 13:22:28] Directory for https://uptech-group.com/blog/?p=2752 not found. No cache to purge
[2026-04-01 13:22:28] Directory for https://uptech-group.com/blog/?p=2752 not found. No cache to purge
[2026-04-01 13:22:28] Clearing cache for 4 taxonomy and pagination URLs
[2026-04-01 13:22:28] Compatible cache found : starting server cache purge on Varnish
[2026-04-01 13:22:28] WordPress object cache cleared
[2026-04-01 13:22:28] Starting AutoPurge cache clearing for action [post_updated]... [{
    "code": "SUCCESS"
}]
[2026-04-01 13:22:28] Clearing cache for 4 taxonomy and pagination URLs
[2026-04-01 13:22:28] Compatible cache found : starting server cache purge on Varnish
[2026-04-01 13:22:28] WordPress object cache cleared
[2026-04-01 13:22:28] Starting AutoPurge cache clearing for action [post_updated]... [https://uptech-group.com/blog/?p=2752]
[2026-04-01 13:22:28] Directory for https://uptech-group.com/blog/?p=2752 not found. No cache to purge
[2026-04-01 13:22:28] Directory for https://uptech-group.com/blog/?p=2752 not found. No cache to purge
[2026-04-01 13:22:28] Clearing cache for 4 taxonomy and pagination URLs
[2026-04-01 13:22:28] Compatible cache found : starting server cache purge on Varnish
[2026-04-01 13:22:28] WordPress object cache cleared
[2026-04-01 13:22:28] Starting AutoPurge cache clearing for action [post_updated]... [{
    "code": "SUCCESS"
}]
[2026-04-01 13:22:28] Clearing cache for 4 taxonomy and pagination URLs
[2026-04-01 13:22:28] Compatible cache found : starting server cache purge on Varnish
[2026-04-01 13:22:28] WordPress object cache cleared
[2026-04-01 13:23:28] Starting AutoPurge cache clearing for action [post_updated]... [https://uptech-group.com/blog/?p=2752]
[2026-04-01 13:23:28] Directory for https://uptech-group.com/blog/?p=2752 not found. No cache to purge
[2026-04-01 13:23:28] Directory for https://uptech-group.com/blog/?p=2752 not found. No cache to purge
[2026-04-01 13:23:28] Clearing cache for 4 taxonomy and pagination URLs
[2026-04-01 13:23:28] Compatible cache found : starting server cache purge on Varnish
[2026-04-01 13:23:28] WordPress object cache cleared
[2026-04-01 13:23:28] Starting AutoPurge cache clearing for action [post_updated]... [{
    "code": "SUCCESS"
}]
[2026-04-01 13:23:28] Clearing cache for 4 taxonomy and pagination URLs
[2026-04-01 13:23:28] Compatible cache found : starting server cache purge on Varnish
[2026-04-01 13:23:28] WordPress object cache cleared
[2026-04-01 13:23:28] Starting AutoPurge cache clearing for action [post_updated]... [https://uptech-group.com/blog/?p=2752]
[2026-04-01 13:23:28] Directory for https://uptech-group.com/blog/?p=2752 not found. No cache to purge
[2026-04-01 13:23:28] Directory for https://uptech-group.com/blog/?p=2752 not found. No cache to purge
[2026-04-01 13:23:28] Clearing cache for 4 taxonomy and pagination URLs
[2026-04-01 13:23:28] Compatible cache found : starting server cache purge on Varnish
[2026-04-01 13:23:28] WordPress object cache cleared
[2026-04-01 13:23:28] Starting AutoPurge cache clearing for action [post_updated]... [{
    "code": "SUCCESS"
}]
[2026-04-01 13:23:28] Clearing cache for 4 taxonomy and pagination URLs
[2026-04-01 13:23:28] Compatible cache found : starting server cache purge on Varnish
[2026-04-01 13:23:28] WordPress object cache cleared
[2026-04-01 13:24:28] Starting AutoPurge cache clearing for action [post_updated]... [https://uptech-group.com/blog/?p=2752]
[2026-04-01 13:24:28] Directory for https://uptech-group.com/blog/?p=2752 not found. No cache to purge
[2026-04-01 13:24:28] Directory for https://uptech-group.com/blog/?p=2752 not found. No cache to purge
[2026-04-01 13:24:28] Clearing cache for 4 taxonomy and pagination URLs
[2026-04-01 13:24:28] Compatible cache found : starting server cache purge on Varnish
[2026-04-01 13:24:28] WordPress object cache cleared
[2026-04-01 13:24:28] Starting AutoPurge cache clearing for action [post_updated]... [{
    "code": "SUCCESS"
}]
[2026-04-01 13:24:28] Clearing cache for 4 taxonomy and pagination URLs
[2026-04-01 13:24:28] Compatible cache found : starting server cache purge on Varnish
[2026-04-01 13:24:28] WordPress object cache cleared
[2026-04-01 13:24:28] Starting AutoPurge cache clearing for action [post_updated]... [https://uptech-group.com/blog/?p=2752]
[2026-04-01 13:24:28] Directory for https://uptech-group.com/blog/?p=2752 not found. No cache to purge
[2026-04-01 13:24:28] Directory for https://uptech-group.com/blog/?p=2752 not found. No cache to purge
[2026-04-01 13:24:28] Clearing cache for 4 taxonomy and pagination URLs
[2026-04-01 13:24:28] Compatible cache found : starting server cache purge on Varnish
[2026-04-01 13:24:28] WordPress object cache cleared
[2026-04-01 13:24:28] Starting AutoPurge cache clearing for action [post_updated]... [{
    "code": "SUCCESS"
}]
[2026-04-01 13:24:28] Clearing cache for 4 taxonomy and pagination URLs
[2026-04-01 13:24:28] Compatible cache found : starting server cache purge on Varnish
[2026-04-01 13:24:28] WordPress object cache cleared
[2026-04-01 13:25:28] Starting AutoPurge cache clearing for action [post_updated]... [https://uptech-group.com/blog/?p=2752]
[2026-04-01 13:25:28] Directory for https://uptech-group.com/blog/?p=2752 not found. No cache to purge
[2026-04-01 13:25:28] Directory for https://uptech-group.com/blog/?p=2752 not found. No cache to purge
[2026-04-01 13:25:28] Clearing cache for 4 taxonomy and pagination URLs
[2026-04-01 13:25:28] Compatible cache found : starting server cache purge on Varnish
[2026-04-01 13:25:28] WordPress object cache cleared
[2026-04-01 13:25:28] Starting AutoPurge cache clearing for action [post_updated]... [{
    "code": "SUCCESS"
}]
[2026-04-01 13:25:28] Clearing cache for 4 taxonomy and pagination URLs
[2026-04-01 13:25:28] Compatible cache found : starting server cache purge on Varnish
[2026-04-01 13:25:28] WordPress object cache cleared
[2026-04-01 13:25:28] Starting AutoPurge cache clearing for action [post_updated]... [https://uptech-group.com/blog/?p=2752]
[2026-04-01 13:25:28] Directory for https://uptech-group.com/blog/?p=2752 not found. No cache to purge
[2026-04-01 13:25:28] Directory for https://uptech-group.com/blog/?p=2752 not found. No cache to purge
[2026-04-01 13:25:28] Clearing cache for 4 taxonomy and pagination URLs
[2026-04-01 13:25:28] Compatible cache found : starting server cache purge on Varnish
[2026-04-01 13:25:28] WordPress object cache cleared
[2026-04-01 13:25:28] Starting AutoPurge cache clearing for action [post_updated]... [{
    "code": "SUCCESS"
}]
[2026-04-01 13:25:28] Clearing cache for 4 taxonomy and pagination URLs
[2026-04-01 13:25:28] Compatible cache found : starting server cache purge on Varnish
[2026-04-01 13:25:28] WordPress object cache cleared
[2026-04-01 13:26:20] Starting AutoPurge cache clearing for action [post_updated]... [https://uptech-group.com/blog/pourquoi-jai-cree-up-tech-group-et-ce-que-je-veux-prouver-au-monde/]
[2026-04-01 13:26:20] Directory for https://uptech-group.com/blog/pourquoi-jai-cree-up-tech-group-et-ce-que-je-veux-prouver-au-monde/ not found. No cache to purge
[2026-04-01 13:26:20] Directory for https://uptech-group.com/blog/pourquoi-jai-cree-up-tech-group-et-ce-que-je-veux-prouver-au-monde/ not found. No cache to purge
[2026-04-01 13:26:20] Clearing cache for 4 taxonomy and pagination URLs
[2026-04-01 13:26:20] Compatible cache found : starting server cache purge on Varnish
[2026-04-01 13:26:20] WordPress object cache cleared
[2026-04-01 13:26:20] Starting AutoPurge cache clearing for action [post_updated]... [{
    "code": "SUCCESS"
}]
[2026-04-01 13:26:20] Clearing cache for 4 taxonomy and pagination URLs
[2026-04-01 13:26:20] Compatible cache found : starting server cache purge on Varnish
[2026-04-01 13:26:20] WordPress object cache cleared
[2026-04-01 13:26:20] Starting AutoPurge cache clearing for action [post_updated]... [https://uptech-group.com/blog/pourquoi-jai-cree-up-tech-group-et-ce-que-je-veux-prouver-au-monde/]
[2026-04-01 13:26:20] Directory for https://uptech-group.com/blog/pourquoi-jai-cree-up-tech-group-et-ce-que-je-veux-prouver-au-monde/ not found. No cache to purge
[2026-04-01 13:26:20] Directory for https://uptech-group.com/blog/pourquoi-jai-cree-up-tech-group-et-ce-que-je-veux-prouver-au-monde/ not found. No cache to purge
[2026-04-01 13:26:20] Clearing cache for 4 taxonomy and pagination URLs
[2026-04-01 13:26:21] Compatible cache found : starting server cache purge on Varnish
[2026-04-01 13:26:21] WordPress object cache cleared
[2026-04-01 13:26:21] Starting AutoPurge cache clearing for action [post_updated]... [{
    "code": "SUCCESS"
}]
[2026-04-01 13:26:21] Clearing cache for 4 taxonomy and pagination URLs
[2026-04-01 13:26:21] Compatible cache found : starting server cache purge on Varnish
[2026-04-01 13:26:21] WordPress object cache cleared
[2026-04-01 13:26:23] Starting AutoPurge cache clearing for action [post_updated]... [https://uptech-group.com/blog/pourquoi-jai-cree-up-tech-group-et-ce-que-je-veux-prouver-au-monde/]
[2026-04-01 13:26:23] Directory for https://uptech-group.com/blog/pourquoi-jai-cree-up-tech-group-et-ce-que-je-veux-prouver-au-monde/ not found. No cache to purge
[2026-04-01 13:26:23] Directory for https://uptech-group.com/blog/pourquoi-jai-cree-up-tech-group-et-ce-que-je-veux-prouver-au-monde/ not found. No cache to purge
[2026-04-01 13:26:23] Clearing cache for 4 taxonomy and pagination URLs
[2026-04-01 13:26:23] Compatible cache found : starting server cache purge on Varnish
[2026-04-01 13:26:23] WordPress object cache cleared
[2026-04-01 13:26:23] Starting AutoPurge cache clearing for action [post_updated]... [{
    "code": "SUCCESS"
}]
[2026-04-01 13:26:23] Clearing cache for 4 taxonomy and pagination URLs
[2026-04-01 13:26:24] Compatible cache found : starting server cache purge on Varnish
[2026-04-01 13:26:24] WordPress object cache cleared
[2026-04-01 13:26:24] Starting AutoPurge cache clearing for action [post_updated]... [https://uptech-group.com/blog/pourquoi-jai-cree-up-tech-group-et-ce-que-je-veux-prouver-au-monde/]
[2026-04-01 13:26:24] Directory for https://uptech-group.com/blog/pourquoi-jai-cree-up-tech-group-et-ce-que-je-veux-prouver-au-monde/ not found. No cache to purge
[2026-04-01 13:26:24] Directory for https://uptech-group.com/blog/pourquoi-jai-cree-up-tech-group-et-ce-que-je-veux-prouver-au-monde/ not found. No cache to purge
[2026-04-01 13:26:24] Clearing cache for 4 taxonomy and pagination URLs
[2026-04-01 13:26:24] Compatible cache found : starting server cache purge on Varnish
[2026-04-01 13:26:24] WordPress object cache cleared
[2026-04-01 13:26:24] Starting AutoPurge cache clearing for action [post_updated]... [{
    "code": "SUCCESS"
}]
[2026-04-01 13:26:24] Clearing cache for 4 taxonomy and pagination URLs
[2026-04-01 13:26:24] Compatible cache found : starting server cache purge on Varnish
[2026-04-01 13:26:24] WordPress object cache cleared
[2026-04-01 13:26:25] Starting AutoPurge cache clearing for action [deleted_post]... [https://uptech-group.com/blog/2745-autosave-v1]
[2026-04-01 13:26:25] Directory for https://uptech-group.com/blog/2745-autosave-v1 not found. No cache to purge
[2026-04-01 13:26:25] Directory for https://uptech-group.com/blog/2745-autosave-v1 not found. No cache to purge
[2026-04-01 13:26:25] Removed cache files from main desktop cache (/home/c2761235c/public_html/blog/wp-content/cache/lwsoptimize/cache/blog)
[2026-04-01 13:26:25] Clearing cache for 4 taxonomy and pagination URLs
[2026-04-01 13:26:25] Compatible cache found : starting server cache purge on Varnish
[2026-04-01 13:26:25] WordPress object cache cleared
[2026-04-01 13:26:25] Starting AutoPurge cache clearing for action [deleted_post]... [{
    "code": "SUCCESS"
}]
[2026-04-01 13:26:25] Clearing cache for 4 taxonomy and pagination URLs
[2026-04-01 13:26:25] Compatible cache found : starting server cache purge on Varnish
[2026-04-01 13:26:25] WordPress object cache cleared
[2026-04-01 13:34:37] Starting AutoPurge cache clearing for action [post_updated]... [https://uptech-group.com/blog/?p=2754]
[2026-04-01 13:34:37] Directory for https://uptech-group.com/blog/?p=2754 not found. No cache to purge
[2026-04-01 13:34:37] Directory for https://uptech-group.com/blog/?p=2754 not found. No cache to purge
[2026-04-01 13:34:37] Clearing cache for 4 taxonomy and pagination URLs
[2026-04-01 13:34:37] Compatible cache found : starting server cache purge on Varnish
[2026-04-01 13:34:37] WordPress object cache cleared
[2026-04-01 13:34:37] Starting AutoPurge cache clearing for action [post_updated]... [{
    "code": "SUCCESS"
}]
[2026-04-01 13:34:37] Clearing cache for 4 taxonomy and pagination URLs
[2026-04-01 13:34:37] Compatible cache found : starting server cache purge on Varnish
[2026-04-01 13:34:37] WordPress object cache cleared
[2026-04-01 13:34:37] Starting AutoPurge cache clearing for action [post_updated]... [https://uptech-group.com/blog/?p=2754]
[2026-04-01 13:34:37] Directory for https://uptech-group.com/blog/?p=2754 not found. No cache to purge
[2026-04-01 13:34:37] Directory for https://uptech-group.com/blog/?p=2754 not found. No cache to purge
[2026-04-01 13:34:37] Clearing cache for 4 taxonomy and pagination URLs
[2026-04-01 13:34:37] Compatible cache found : starting server cache purge on Varnish
[2026-04-01 13:34:37] WordPress object cache cleared
[2026-04-01 13:34:37] Starting AutoPurge cache clearing for action [post_updated]... [{
    "code": "SUCCESS"
}]
[2026-04-01 13:34:37] Clearing cache for 4 taxonomy and pagination URLs
[2026-04-01 13:34:37] Compatible cache found : starting server cache purge on Varnish
[2026-04-01 13:34:37] WordPress object cache cleared
[2026-04-01 13:35:37] Starting AutoPurge cache clearing for action [post_updated]... [https://uptech-group.com/blog/?p=2754]
[2026-04-01 13:35:37] Directory for https://uptech-group.com/blog/?p=2754 not found. No cache to purge
[2026-04-01 13:35:37] Directory for https://uptech-group.com/blog/?p=2754 not found. No cache to purge
[2026-04-01 13:35:37] Clearing cache for 4 taxonomy and pagination URLs
[2026-04-01 13:35:37] Compatible cache found : starting server cache purge on Varnish
[2026-04-01 13:35:37] WordPress object cache cleared
[2026-04-01 13:35:37] Starting AutoPurge cache clearing for action [post_updated]... [{
    "code": "SUCCESS"
}]
[2026-04-01 13:35:37] Clearing cache for 4 taxonomy and pagination URLs
[2026-04-01 13:35:37] Compatible cache found : starting server cache purge on Varnish
[2026-04-01 13:35:37] WordPress object cache cleared
[2026-04-01 13:35:37] Starting AutoPurge cache clearing for action [post_updated]... [https://uptech-group.com/blog/?p=2754]
[2026-04-01 13:35:37] Directory for https://uptech-group.com/blog/?p=2754 not found. No cache to purge
[2026-04-01 13:35:37] Directory for https://uptech-group.com/blog/?p=2754 not found. No cache to purge
[2026-04-01 13:35:37] Clearing cache for 4 taxonomy and pagination URLs
[2026-04-01 13:35:37] Compatible cache found : starting server cache purge on Varnish
[2026-04-01 13:35:37] WordPress object cache cleared
[2026-04-01 13:35:37] Starting AutoPurge cache clearing for action [post_updated]... [{
    "code": "SUCCESS"
}]
[2026-04-01 13:35:37] Clearing cache for 4 taxonomy and pagination URLs
[2026-04-01 13:35:37] Compatible cache found : starting server cache purge on Varnish
[2026-04-01 13:35:37] WordPress object cache cleared
[2026-04-01 13:36:37] Starting AutoPurge cache clearing for action [post_updated]... [https://uptech-group.com/blog/?p=2754]
[2026-04-01 13:36:37] Directory for https://uptech-group.com/blog/?p=2754 not found. No cache to purge
[2026-04-01 13:36:37] Directory for https://uptech-group.com/blog/?p=2754 not found. No cache to purge
[2026-04-01 13:36:37] Clearing cache for 4 taxonomy and pagination URLs
[2026-04-01 13:36:37] Compatible cache found : starting server cache purge on Varnish
[2026-04-01 13:36:37] WordPress object cache cleared
[2026-04-01 13:36:37] Starting AutoPurge cache clearing for action [post_updated]... [{
    "code": "SUCCESS"
}]
[2026-04-01 13:36:37] Clearing cache for 4 taxonomy and pagination URLs
[2026-04-01 13:36:37] Compatible cache found : starting server cache purge on Varnish
[2026-04-01 13:36:37] WordPress object cache cleared
[2026-04-01 13:36:37] Starting AutoPurge cache clearing for action [post_updated]... [https://uptech-group.com/blog/?p=2754]
[2026-04-01 13:36:37] Directory for https://uptech-group.com/blog/?p=2754 not found. No cache to purge
[2026-04-01 13:36:37] Directory for https://uptech-group.com/blog/?p=2754 not found. No cache to purge
[2026-04-01 13:36:37] Clearing cache for 4 taxonomy and pagination URLs
[2026-04-01 13:36:37] Compatible cache found : starting server cache purge on Varnish
[2026-04-01 13:36:37] WordPress object cache cleared
[2026-04-01 13:36:37] Starting AutoPurge cache clearing for action [post_updated]... [{
    "code": "SUCCESS"
}]
[2026-04-01 13:36:37] Clearing cache for 4 taxonomy and pagination URLs
[2026-04-01 13:36:37] Compatible cache found : starting server cache purge on Varnish
[2026-04-01 13:36:37] WordPress object cache cleared
[2026-04-01 13:37:37] Starting AutoPurge cache clearing for action [post_updated]... [https://uptech-group.com/blog/?p=2754]
[2026-04-01 13:37:37] Directory for https://uptech-group.com/blog/?p=2754 not found. No cache to purge
[2026-04-01 13:37:37] Directory for https://uptech-group.com/blog/?p=2754 not found. No cache to purge
[2026-04-01 13:37:37] Clearing cache for 4 taxonomy and pagination URLs
[2026-04-01 13:37:37] Compatible cache found : starting server cache purge on Varnish
[2026-04-01 13:37:37] WordPress object cache cleared
[2026-04-01 13:37:37] Starting AutoPurge cache clearing for action [post_updated]... [{
    "code": "SUCCESS"
}]
[2026-04-01 13:37:37] Clearing cache for 4 taxonomy and pagination URLs
[2026-04-01 13:37:37] Compatible cache found : starting server cache purge on Varnish
[2026-04-01 13:37:37] WordPress object cache cleared
[2026-04-01 13:37:37] Starting AutoPurge cache clearing for action [post_updated]... [https://uptech-group.com/blog/?p=2754]
[2026-04-01 13:37:37] Directory for https://uptech-group.com/blog/?p=2754 not found. No cache to purge
[2026-04-01 13:37:37] Directory for https://uptech-group.com/blog/?p=2754 not found. No cache to purge
[2026-04-01 13:37:37] Clearing cache for 4 taxonomy and pagination URLs
[2026-04-01 13:37:37] Compatible cache found : starting server cache purge on Varnish
[2026-04-01 13:37:37] WordPress object cache cleared
[2026-04-01 13:37:37] Starting AutoPurge cache clearing for action [post_updated]... [{
    "code": "SUCCESS"
}]
[2026-04-01 13:37:37] Clearing cache for 4 taxonomy and pagination URLs
[2026-04-01 13:37:37] Compatible cache found : starting server cache purge on Varnish
[2026-04-01 13:37:37] WordPress object cache cleared
[2026-04-01 13:39:06] Starting AutoPurge cache clearing for action [post_updated]... [https://uptech-group.com/blog/pourquoi-jai-cree-up-tech-group-et-ce-que-je-veux-prouver-au-monde/]
[2026-04-01 13:39:06] Directory for https://uptech-group.com/blog/pourquoi-jai-cree-up-tech-group-et-ce-que-je-veux-prouver-au-monde/ not found. No cache to purge
[2026-04-01 13:39:06] Directory for https://uptech-group.com/blog/pourquoi-jai-cree-up-tech-group-et-ce-que-je-veux-prouver-au-monde/ not found. No cache to purge
[2026-04-01 13:39:06] Clearing cache for 4 taxonomy and pagination URLs
[2026-04-01 13:39:06] Compatible cache found : starting server cache purge on Varnish
[2026-04-01 13:39:06] WordPress object cache cleared
[2026-04-01 13:39:06] Starting AutoPurge cache clearing for action [post_updated]... [{
    "code": "SUCCESS"
}]
[2026-04-01 13:39:06] Clearing cache for 4 taxonomy and pagination URLs
[2026-04-01 13:39:06] Compatible cache found : starting server cache purge on Varnish
[2026-04-01 13:39:06] WordPress object cache cleared
[2026-04-01 13:39:06] Starting AutoPurge cache clearing for action [post_updated]... [https://uptech-group.com/blog/pourquoi-jai-cree-up-tech-group-et-ce-que-je-veux-prouver-au-monde/]
[2026-04-01 13:39:06] Directory for https://uptech-group.com/blog/pourquoi-jai-cree-up-tech-group-et-ce-que-je-veux-prouver-au-monde/ not found. No cache to purge
[2026-04-01 13:39:06] Directory for https://uptech-group.com/blog/pourquoi-jai-cree-up-tech-group-et-ce-que-je-veux-prouver-au-monde/ not found. No cache to purge
[2026-04-01 13:39:06] Clearing cache for 4 taxonomy and pagination URLs
[2026-04-01 13:39:06] Compatible cache found : starting server cache purge on Varnish
[2026-04-01 13:39:06] WordPress object cache cleared
[2026-04-01 13:39:06] Starting AutoPurge cache clearing for action [post_updated]... [{
    "code": "SUCCESS"
}]
[2026-04-01 13:39:06] Clearing cache for 4 taxonomy and pagination URLs
[2026-04-01 13:39:06] Compatible cache found : starting server cache purge on Varnish
[2026-04-01 13:39:06] WordPress object cache cleared
[2026-04-01 13:39:09] Starting AutoPurge cache clearing for action [deleted_post]... [https://uptech-group.com/blog/2745-autosave-v1]
[2026-04-01 13:39:09] Directory for https://uptech-group.com/blog/2745-autosave-v1 not found. No cache to purge
[2026-04-01 13:39:09] Directory for https://uptech-group.com/blog/2745-autosave-v1 not found. No cache to purge
[2026-04-01 13:39:09] Clearing cache for 4 taxonomy and pagination URLs
[2026-04-01 13:39:09] Compatible cache found : starting server cache purge on Varnish
[2026-04-01 13:39:09] WordPress object cache cleared
[2026-04-01 13:39:09] Starting AutoPurge cache clearing for action [deleted_post]... [{
    "code": "SUCCESS"
}]
[2026-04-01 13:39:09] Clearing cache for 4 taxonomy and pagination URLs
[2026-04-01 13:39:09] Compatible cache found : starting server cache purge on Varnish
[2026-04-01 13:39:09] WordPress object cache cleared
[2026-04-01 13:39:40] Starting AutoPurge cache clearing for action [post_updated]... [https://uptech-group.com/blog/pourquoi-jai-cree-up-tech-group-et-ce-que-je-veux-prouver-au-monde/]
[2026-04-01 13:39:40] Directory for https://uptech-group.com/blog/pourquoi-jai-cree-up-tech-group-et-ce-que-je-veux-prouver-au-monde/ not found. No cache to purge
[2026-04-01 13:39:40] Directory for https://uptech-group.com/blog/pourquoi-jai-cree-up-tech-group-et-ce-que-je-veux-prouver-au-monde/ not found. No cache to purge
[2026-04-01 13:39:40] Removed cache files from main desktop cache (/home/c2761235c/public_html/blog/wp-content/cache/lwsoptimize/cache/blog)
[2026-04-01 13:39:40] Clearing cache for 4 taxonomy and pagination URLs
[2026-04-01 13:39:40] Compatible cache found : starting server cache purge on Varnish
[2026-04-01 13:39:40] WordPress object cache cleared
[2026-04-01 13:39:40] Starting AutoPurge cache clearing for action [post_updated]... [{
    "code": "SUCCESS"
}]
[2026-04-01 13:39:40] Clearing cache for 4 taxonomy and pagination URLs
[2026-04-01 13:39:40] Compatible cache found : starting server cache purge on Varnish
[2026-04-01 13:39:40] WordPress object cache cleared
[2026-04-01 13:39:40] Starting AutoPurge cache clearing for action [post_updated]... [https://uptech-group.com/blog/pourquoi-jai-cree-up-tech-group-et-ce-que-je-veux-prouver-au-monde/]
[2026-04-01 13:39:40] Directory for https://uptech-group.com/blog/pourquoi-jai-cree-up-tech-group-et-ce-que-je-veux-prouver-au-monde/ not found. No cache to purge
[2026-04-01 13:39:40] Directory for https://uptech-group.com/blog/pourquoi-jai-cree-up-tech-group-et-ce-que-je-veux-prouver-au-monde/ not found. No cache to purge
[2026-04-01 13:39:40] Clearing cache for 4 taxonomy and pagination URLs
[2026-04-01 13:39:40] Compatible cache found : starting server cache purge on Varnish
[2026-04-01 13:39:40] WordPress object cache cleared
[2026-04-01 13:39:40] Starting AutoPurge cache clearing for action [post_updated]... [{
    "code": "SUCCESS"
}]
[2026-04-01 13:39:40] Clearing cache for 4 taxonomy and pagination URLs
[2026-04-01 13:39:40] Compatible cache found : starting server cache purge on Varnish
[2026-04-01 13:39:40] WordPress object cache cleared
[2026-04-01 13:39:43] Starting AutoPurge cache clearing for action [post_updated]... [https://uptech-group.com/blog/pourquoi-jai-cree-up-tech-group-et-ce-que-je-veux-prouver-au-monde/]
[2026-04-01 13:39:43] Directory for https://uptech-group.com/blog/pourquoi-jai-cree-up-tech-group-et-ce-que-je-veux-prouver-au-monde/ not found. No cache to purge
[2026-04-01 13:39:43] Directory for https://uptech-group.com/blog/pourquoi-jai-cree-up-tech-group-et-ce-que-je-veux-prouver-au-monde/ not found. No cache to purge
[2026-04-01 13:39:43] Clearing cache for 4 taxonomy and pagination URLs
[2026-04-01 13:39:43] Compatible cache found : starting server cache purge on Varnish
[2026-04-01 13:39:43] WordPress object cache cleared
[2026-04-01 13:39:43] Starting AutoPurge cache clearing for action [post_updated]... [{
    "code": "SUCCESS"
}]
[2026-04-01 13:39:43] Clearing cache for 4 taxonomy and pagination URLs
[2026-04-01 13:39:43] Compatible cache found : starting server cache purge on Varnish
[2026-04-01 13:39:43] WordPress object cache cleared
[2026-04-01 13:39:43] Starting AutoPurge cache clearing for action [post_updated]... [https://uptech-group.com/blog/pourquoi-jai-cree-up-tech-group-et-ce-que-je-veux-prouver-au-monde/]
[2026-04-01 13:39:43] Directory for https://uptech-group.com/blog/pourquoi-jai-cree-up-tech-group-et-ce-que-je-veux-prouver-au-monde/ not found. No cache to purge
[2026-04-01 13:39:43] Directory for https://uptech-group.com/blog/pourquoi-jai-cree-up-tech-group-et-ce-que-je-veux-prouver-au-monde/ not found. No cache to purge
[2026-04-01 13:39:43] Clearing cache for 4 taxonomy and pagination URLs
[2026-04-01 13:39:43] Compatible cache found : starting server cache purge on Varnish
[2026-04-01 13:39:43] WordPress object cache cleared
[2026-04-01 13:39:43] Starting AutoPurge cache clearing for action [post_updated]... [{
    "code": "SUCCESS"
}]
[2026-04-01 13:39:43] Clearing cache for 4 taxonomy and pagination URLs
[2026-04-01 13:39:43] Compatible cache found : starting server cache purge on Varnish
[2026-04-01 13:39:43] WordPress object cache cleared
[2026-04-01 13:59:19] Starting AutoPurge cache clearing for action [post_updated]... [https://uptech-group.com/blog/?p=2756]
[2026-04-01 13:59:19] Directory for https://uptech-group.com/blog/?p=2756 not found. No cache to purge
[2026-04-01 13:59:19] Directory for https://uptech-group.com/blog/?p=2756 not found. No cache to purge
[2026-04-01 13:59:19] Removed cache files from main desktop cache (/home/c2761235c/public_html/blog/wp-content/cache/lwsoptimize/cache/blog)
[2026-04-01 13:59:19] Clearing cache for 4 taxonomy and pagination URLs
[2026-04-01 13:59:19] Compatible cache found : starting server cache purge on Varnish
[2026-04-01 13:59:19] WordPress object cache cleared
[2026-04-01 13:59:19] Starting AutoPurge cache clearing for action [post_updated]... [{
    "code": "SUCCESS"
}]
[2026-04-01 13:59:19] Clearing cache for 4 taxonomy and pagination URLs
[2026-04-01 13:59:19] Compatible cache found : starting server cache purge on Varnish
[2026-04-01 13:59:19] WordPress object cache cleared
[2026-04-01 13:59:19] Starting AutoPurge cache clearing for action [post_updated]... [https://uptech-group.com/blog/?p=2756]
[2026-04-01 13:59:19] Directory for https://uptech-group.com/blog/?p=2756 not found. No cache to purge
[2026-04-01 13:59:19] Directory for https://uptech-group.com/blog/?p=2756 not found. No cache to purge
[2026-04-01 13:59:19] Clearing cache for 4 taxonomy and pagination URLs
[2026-04-01 13:59:19] Compatible cache found : starting server cache purge on Varnish
[2026-04-01 13:59:19] WordPress object cache cleared
[2026-04-01 13:59:19] Starting AutoPurge cache clearing for action [post_updated]... [{
    "code": "SUCCESS"
}]
[2026-04-01 13:59:19] Clearing cache for 4 taxonomy and pagination URLs
[2026-04-01 13:59:19] Compatible cache found : starting server cache purge on Varnish
[2026-04-01 13:59:19] WordPress object cache cleared
[2026-04-01 14:00:19] Starting AutoPurge cache clearing for action [post_updated]... [https://uptech-group.com/blog/?p=2756]
[2026-04-01 14:00:19] Directory for https://uptech-group.com/blog/?p=2756 not found. No cache to purge
[2026-04-01 14:00:19] Directory for https://uptech-group.com/blog/?p=2756 not found. No cache to purge
[2026-04-01 14:00:19] Clearing cache for 4 taxonomy and pagination URLs
[2026-04-01 14:00:19] Compatible cache found : starting server cache purge on Varnish
[2026-04-01 14:00:19] WordPress object cache cleared
[2026-04-01 14:00:19] Starting AutoPurge cache clearing for action [post_updated]... [{
    "code": "SUCCESS"
}]
[2026-04-01 14:00:19] Clearing cache for 4 taxonomy and pagination URLs
[2026-04-01 14:00:19] Compatible cache found : starting server cache purge on Varnish
[2026-04-01 14:00:19] WordPress object cache cleared
[2026-04-01 14:00:19] Starting AutoPurge cache clearing for action [post_updated]... [https://uptech-group.com/blog/?p=2756]
[2026-04-01 14:00:19] Directory for https://uptech-group.com/blog/?p=2756 not found. No cache to purge
[2026-04-01 14:00:19] Directory for https://uptech-group.com/blog/?p=2756 not found. No cache to purge
[2026-04-01 14:00:19] Clearing cache for 4 taxonomy and pagination URLs
[2026-04-01 14:00:19] Compatible cache found : starting server cache purge on Varnish
[2026-04-01 14:00:19] WordPress object cache cleared
[2026-04-01 14:00:19] Starting AutoPurge cache clearing for action [post_updated]... [{
    "code": "SUCCESS"
}]
[2026-04-01 14:00:19] Clearing cache for 4 taxonomy and pagination URLs
[2026-04-01 14:00:19] Compatible cache found : starting server cache purge on Varnish
[2026-04-01 14:00:19] WordPress object cache cleared
[2026-04-01 14:02:19] Starting AutoPurge cache clearing for action [post_updated]... [https://uptech-group.com/blog/?p=2756]
[2026-04-01 14:02:19] Directory for https://uptech-group.com/blog/?p=2756 not found. No cache to purge
[2026-04-01 14:02:19] Directory for https://uptech-group.com/blog/?p=2756 not found. No cache to purge
[2026-04-01 14:02:19] Clearing cache for 4 taxonomy and pagination URLs
[2026-04-01 14:02:19] Compatible cache found : starting server cache purge on Varnish
[2026-04-01 14:02:19] WordPress object cache cleared
[2026-04-01 14:02:19] Starting AutoPurge cache clearing for action [post_updated]... [{
    "code": "SUCCESS"
}]
[2026-04-01 14:02:19] Clearing cache for 4 taxonomy and pagination URLs
[2026-04-01 14:02:19] Compatible cache found : starting server cache purge on Varnish
[2026-04-01 14:02:19] WordPress object cache cleared
[2026-04-01 14:02:19] Starting AutoPurge cache clearing for action [post_updated]... [https://uptech-group.com/blog/?p=2756]
[2026-04-01 14:02:19] Directory for https://uptech-group.com/blog/?p=2756 not found. No cache to purge
[2026-04-01 14:02:19] Directory for https://uptech-group.com/blog/?p=2756 not found. No cache to purge
[2026-04-01 14:02:19] Clearing cache for 4 taxonomy and pagination URLs
[2026-04-01 14:02:19] Compatible cache found : starting server cache purge on Varnish
[2026-04-01 14:02:19] WordPress object cache cleared
[2026-04-01 14:02:19] Starting AutoPurge cache clearing for action [post_updated]... [{
    "code": "SUCCESS"
}]
[2026-04-01 14:02:19] Clearing cache for 4 taxonomy and pagination URLs
[2026-04-01 14:02:19] Compatible cache found : starting server cache purge on Varnish
[2026-04-01 14:02:19] WordPress object cache cleared
[2026-04-01 14:03:19] Starting AutoPurge cache clearing for action [post_updated]... [https://uptech-group.com/blog/?p=2756]
[2026-04-01 14:03:19] Directory for https://uptech-group.com/blog/?p=2756 not found. No cache to purge
[2026-04-01 14:03:19] Directory for https://uptech-group.com/blog/?p=2756 not found. No cache to purge
[2026-04-01 14:03:19] Clearing cache for 4 taxonomy and pagination URLs
[2026-04-01 14:03:19] Compatible cache found : starting server cache purge on Varnish
[2026-04-01 14:03:19] WordPress object cache cleared
[2026-04-01 14:03:19] Starting AutoPurge cache clearing for action [post_updated]... [{
    "code": "SUCCESS"
}]
[2026-04-01 14:03:19] Clearing cache for 4 taxonomy and pagination URLs
[2026-04-01 14:03:19] Compatible cache found : starting server cache purge on Varnish
[2026-04-01 14:03:19] WordPress object cache cleared
[2026-04-01 14:03:19] Starting AutoPurge cache clearing for action [post_updated]... [https://uptech-group.com/blog/?p=2756]
[2026-04-01 14:03:19] Directory for https://uptech-group.com/blog/?p=2756 not found. No cache to purge
[2026-04-01 14:03:19] Directory for https://uptech-group.com/blog/?p=2756 not found. No cache to purge
[2026-04-01 14:03:19] Clearing cache for 4 taxonomy and pagination URLs
[2026-04-01 14:03:19] Compatible cache found : starting server cache purge on Varnish
[2026-04-01 14:03:19] WordPress object cache cleared
[2026-04-01 14:03:19] Starting AutoPurge cache clearing for action [post_updated]... [{
    "code": "SUCCESS"
}]
[2026-04-01 14:03:19] Clearing cache for 4 taxonomy and pagination URLs
[2026-04-01 14:03:19] Compatible cache found : starting server cache purge on Varnish
[2026-04-01 14:03:19] WordPress object cache cleared
[2026-04-01 14:04:20] Starting AutoPurge cache clearing for action [post_updated]... [https://uptech-group.com/blog/?p=2756]
[2026-04-01 14:04:20] Directory for https://uptech-group.com/blog/?p=2756 not found. No cache to purge
[2026-04-01 14:04:20] Directory for https://uptech-group.com/blog/?p=2756 not found. No cache to purge
[2026-04-01 14:04:20] Clearing cache for 4 taxonomy and pagination URLs
[2026-04-01 14:04:20] Compatible cache found : starting server cache purge on Varnish
[2026-04-01 14:04:20] WordPress object cache cleared
[2026-04-01 14:04:20] Starting AutoPurge cache clearing for action [post_updated]... [{
    "code": "SUCCESS"
}]
[2026-04-01 14:04:20] Clearing cache for 4 taxonomy and pagination URLs
[2026-04-01 14:04:20] Compatible cache found : starting server cache purge on Varnish
[2026-04-01 14:04:20] WordPress object cache cleared
[2026-04-01 14:04:20] Starting AutoPurge cache clearing for action [post_updated]... [https://uptech-group.com/blog/?p=2756]
[2026-04-01 14:04:20] Directory for https://uptech-group.com/blog/?p=2756 not found. No cache to purge
[2026-04-01 14:04:20] Directory for https://uptech-group.com/blog/?p=2756 not found. No cache to purge
[2026-04-01 14:04:20] Clearing cache for 4 taxonomy and pagination URLs
[2026-04-01 14:04:20] Compatible cache found : starting server cache purge on Varnish
[2026-04-01 14:04:20] WordPress object cache cleared
[2026-04-01 14:04:20] Starting AutoPurge cache clearing for action [post_updated]... [{
    "code": "SUCCESS"
}]
[2026-04-01 14:04:20] Clearing cache for 4 taxonomy and pagination URLs
[2026-04-01 14:04:20] Compatible cache found : starting server cache purge on Varnish
[2026-04-01 14:04:20] WordPress object cache cleared
[2026-04-01 14:05:21] Starting AutoPurge cache clearing for action [post_updated]... [https://uptech-group.com/blog/?p=2756]
[2026-04-01 14:05:21] Directory for https://uptech-group.com/blog/?p=2756 not found. No cache to purge
[2026-04-01 14:05:21] Directory for https://uptech-group.com/blog/?p=2756 not found. No cache to purge
[2026-04-01 14:05:21] Clearing cache for 4 taxonomy and pagination URLs
[2026-04-01 14:05:21] Compatible cache found : starting server cache purge on Varnish
[2026-04-01 14:05:21] WordPress object cache cleared
[2026-04-01 14:05:21] Starting AutoPurge cache clearing for action [post_updated]... [{
    "code": "SUCCESS"
}]
[2026-04-01 14:05:21] Clearing cache for 4 taxonomy and pagination URLs
[2026-04-01 14:05:21] Compatible cache found : starting server cache purge on Varnish
[2026-04-01 14:05:21] WordPress object cache cleared
[2026-04-01 14:05:21] Starting AutoPurge cache clearing for action [post_updated]... [https://uptech-group.com/blog/?p=2756]
[2026-04-01 14:05:21] Directory for https://uptech-group.com/blog/?p=2756 not found. No cache to purge
[2026-04-01 14:05:21] Directory for https://uptech-group.com/blog/?p=2756 not found. No cache to purge
[2026-04-01 14:05:21] Clearing cache for 4 taxonomy and pagination URLs
[2026-04-01 14:05:21] Compatible cache found : starting server cache purge on Varnish
[2026-04-01 14:05:21] WordPress object cache cleared
[2026-04-01 14:05:21] Starting AutoPurge cache clearing for action [post_updated]... [{
    "code": "SUCCESS"
}]
[2026-04-01 14:05:21] Clearing cache for 4 taxonomy and pagination URLs
[2026-04-01 14:05:21] Compatible cache found : starting server cache purge on Varnish
[2026-04-01 14:05:21] WordPress object cache cleared
[2026-04-01 14:06:21] Starting AutoPurge cache clearing for action [post_updated]... [https://uptech-group.com/blog/?p=2756]
[2026-04-01 14:06:21] Directory for https://uptech-group.com/blog/?p=2756 not found. No cache to purge
[2026-04-01 14:06:21] Directory for https://uptech-group.com/blog/?p=2756 not found. No cache to purge
[2026-04-01 14:06:21] Clearing cache for 4 taxonomy and pagination URLs
[2026-04-01 14:06:21] Compatible cache found : starting server cache purge on Varnish
[2026-04-01 14:06:21] WordPress object cache cleared
[2026-04-01 14:06:21] Starting AutoPurge cache clearing for action [post_updated]... [{
    "code": "SUCCESS"
}]
[2026-04-01 14:06:21] Clearing cache for 4 taxonomy and pagination URLs
[2026-04-01 14:06:21] Compatible cache found : starting server cache purge on Varnish
[2026-04-01 14:06:21] WordPress object cache cleared
[2026-04-01 14:06:21] Starting AutoPurge cache clearing for action [post_updated]... [https://uptech-group.com/blog/?p=2756]
[2026-04-01 14:06:21] Directory for https://uptech-group.com/blog/?p=2756 not found. No cache to purge
[2026-04-01 14:06:21] Directory for https://uptech-group.com/blog/?p=2756 not found. No cache to purge
[2026-04-01 14:06:21] Clearing cache for 4 taxonomy and pagination URLs
[2026-04-01 14:06:21] Compatible cache found : starting server cache purge on Varnish
[2026-04-01 14:06:21] WordPress object cache cleared
[2026-04-01 14:06:21] Starting AutoPurge cache clearing for action [post_updated]... [{
    "code": "SUCCESS"
}]
[2026-04-01 14:06:21] Clearing cache for 4 taxonomy and pagination URLs
[2026-04-01 14:06:21] Compatible cache found : starting server cache purge on Varnish
[2026-04-01 14:06:21] WordPress object cache cleared
[2026-04-01 14:07:21] Starting AutoPurge cache clearing for action [post_updated]... [https://uptech-group.com/blog/?p=2756]
[2026-04-01 14:07:21] Directory for https://uptech-group.com/blog/?p=2756 not found. No cache to purge
[2026-04-01 14:07:21] Directory for https://uptech-group.com/blog/?p=2756 not found. No cache to purge
[2026-04-01 14:07:21] Clearing cache for 4 taxonomy and pagination URLs
[2026-04-01 14:07:21] Compatible cache found : starting server cache purge on Varnish
[2026-04-01 14:07:21] WordPress object cache cleared
[2026-04-01 14:07:21] Starting AutoPurge cache clearing for action [post_updated]... [{
    "code": "SUCCESS"
}]
[2026-04-01 14:07:21] Clearing cache for 4 taxonomy and pagination URLs
[2026-04-01 14:07:21] Compatible cache found : starting server cache purge on Varnish
[2026-04-01 14:07:21] WordPress object cache cleared
[2026-04-01 14:07:21] Starting AutoPurge cache clearing for action [post_updated]... [https://uptech-group.com/blog/?p=2756]
[2026-04-01 14:07:21] Directory for https://uptech-group.com/blog/?p=2756 not found. No cache to purge
[2026-04-01 14:07:21] Directory for https://uptech-group.com/blog/?p=2756 not found. No cache to purge
[2026-04-01 14:07:21] Clearing cache for 4 taxonomy and pagination URLs
[2026-04-01 14:07:21] Compatible cache found : starting server cache purge on Varnish
[2026-04-01 14:07:21] WordPress object cache cleared
[2026-04-01 14:07:21] Starting AutoPurge cache clearing for action [post_updated]... [{
    "code": "SUCCESS"
}]
[2026-04-01 14:07:21] Clearing cache for 4 taxonomy and pagination URLs
[2026-04-01 14:07:21] Compatible cache found : starting server cache purge on Varnish
[2026-04-01 14:07:21] WordPress object cache cleared
[2026-04-01 14:08:21] Starting AutoPurge cache clearing for action [post_updated]... [https://uptech-group.com/blog/?p=2756]
[2026-04-01 14:08:21] Directory for https://uptech-group.com/blog/?p=2756 not found. No cache to purge
[2026-04-01 14:08:21] Directory for https://uptech-group.com/blog/?p=2756 not found. No cache to purge
[2026-04-01 14:08:21] Clearing cache for 4 taxonomy and pagination URLs
[2026-04-01 14:08:21] Compatible cache found : starting server cache purge on Varnish
[2026-04-01 14:08:21] WordPress object cache cleared
[2026-04-01 14:08:21] Starting AutoPurge cache clearing for action [post_updated]... [{
    "code": "SUCCESS"
}]
[2026-04-01 14:08:21] Clearing cache for 4 taxonomy and pagination URLs
[2026-04-01 14:08:21] Compatible cache found : starting server cache purge on Varnish
[2026-04-01 14:08:21] WordPress object cache cleared
[2026-04-01 14:08:21] Starting AutoPurge cache clearing for action [post_updated]... [https://uptech-group.com/blog/?p=2756]
[2026-04-01 14:08:21] Directory for https://uptech-group.com/blog/?p=2756 not found. No cache to purge
[2026-04-01 14:08:21] Directory for https://uptech-group.com/blog/?p=2756 not found. No cache to purge
[2026-04-01 14:08:21] Clearing cache for 4 taxonomy and pagination URLs
[2026-04-01 14:08:21] Compatible cache found : starting server cache purge on Varnish
[2026-04-01 14:08:21] WordPress object cache cleared
[2026-04-01 14:08:21] Starting AutoPurge cache clearing for action [post_updated]... [{
    "code": "SUCCESS"
}]
[2026-04-01 14:08:21] Clearing cache for 4 taxonomy and pagination URLs
[2026-04-01 14:08:21] Compatible cache found : starting server cache purge on Varnish
[2026-04-01 14:08:21] WordPress object cache cleared
[2026-04-01 14:09:21] Starting AutoPurge cache clearing for action [post_updated]... [https://uptech-group.com/blog/?p=2756]
[2026-04-01 14:09:21] Directory for https://uptech-group.com/blog/?p=2756 not found. No cache to purge
[2026-04-01 14:09:21] Directory for https://uptech-group.com/blog/?p=2756 not found. No cache to purge
[2026-04-01 14:09:21] Clearing cache for 4 taxonomy and pagination URLs
[2026-04-01 14:09:21] Compatible cache found : starting server cache purge on Varnish
[2026-04-01 14:09:21] WordPress object cache cleared
[2026-04-01 14:09:21] Starting AutoPurge cache clearing for action [post_updated]... [{
    "code": "SUCCESS"
}]
[2026-04-01 14:09:21] Clearing cache for 4 taxonomy and pagination URLs
[2026-04-01 14:09:21] Compatible cache found : starting server cache purge on Varnish
[2026-04-01 14:09:21] WordPress object cache cleared
[2026-04-01 14:09:21] Starting AutoPurge cache clearing for action [post_updated]... [https://uptech-group.com/blog/?p=2756]
[2026-04-01 14:09:21] Directory for https://uptech-group.com/blog/?p=2756 not found. No cache to purge
[2026-04-01 14:09:21] Directory for https://uptech-group.com/blog/?p=2756 not found. No cache to purge
[2026-04-01 14:09:21] Clearing cache for 4 taxonomy and pagination URLs
[2026-04-01 14:09:21] Compatible cache found : starting server cache purge on Varnish
[2026-04-01 14:09:21] WordPress object cache cleared
[2026-04-01 14:09:21] Starting AutoPurge cache clearing for action [post_updated]... [{
    "code": "SUCCESS"
}]
[2026-04-01 14:09:21] Clearing cache for 4 taxonomy and pagination URLs
[2026-04-01 14:09:21] Compatible cache found : starting server cache purge on Varnish
[2026-04-01 14:09:21] WordPress object cache cleared
[2026-04-01 14:13:36] Starting AutoPurge cache clearing for action [post_updated]... [https://uptech-group.com/blog/pourquoi-up-tech-group-vision/]
[2026-04-01 14:13:36] Directory for https://uptech-group.com/blog/pourquoi-up-tech-group-vision/ not found. No cache to purge
[2026-04-01 14:13:36] Directory for https://uptech-group.com/blog/pourquoi-up-tech-group-vision/ not found. No cache to purge
[2026-04-01 14:13:36] Clearing cache for 4 taxonomy and pagination URLs
[2026-04-01 14:13:36] Compatible cache found : starting server cache purge on Varnish
[2026-04-01 14:13:36] WordPress object cache cleared
[2026-04-01 14:13:36] Starting AutoPurge cache clearing for action [post_updated]... [{
    "code": "SUCCESS"
}]
[2026-04-01 14:13:36] Clearing cache for 4 taxonomy and pagination URLs
[2026-04-01 14:13:36] Compatible cache found : starting server cache purge on Varnish
[2026-04-01 14:13:36] WordPress object cache cleared
[2026-04-01 14:13:36] Starting AutoPurge cache clearing for action [post_updated]... [https://uptech-group.com/blog/pourquoi-up-tech-group-vision/]
[2026-04-01 14:13:36] Directory for https://uptech-group.com/blog/pourquoi-up-tech-group-vision/ not found. No cache to purge
[2026-04-01 14:13:36] Directory for https://uptech-group.com/blog/pourquoi-up-tech-group-vision/ not found. No cache to purge
[2026-04-01 14:13:36] Clearing cache for 4 taxonomy and pagination URLs
[2026-04-01 14:13:36] Compatible cache found : starting server cache purge on Varnish
[2026-04-01 14:13:36] WordPress object cache cleared
[2026-04-01 14:13:36] Starting AutoPurge cache clearing for action [post_updated]... [{
    "code": "SUCCESS"
}]
[2026-04-01 14:13:36] Clearing cache for 4 taxonomy and pagination URLs
[2026-04-01 14:13:36] Compatible cache found : starting server cache purge on Varnish
[2026-04-01 14:13:36] WordPress object cache cleared
[2026-04-01 14:13:39] Starting AutoPurge cache clearing for action [post_updated]... [https://uptech-group.com/blog/pourquoi-up-tech-group-vision/]
[2026-04-01 14:13:39] Directory for https://uptech-group.com/blog/pourquoi-up-tech-group-vision/ not found. No cache to purge
[2026-04-01 14:13:39] Directory for https://uptech-group.com/blog/pourquoi-up-tech-group-vision/ not found. No cache to purge
[2026-04-01 14:13:39] Clearing cache for 4 taxonomy and pagination URLs
[2026-04-01 14:13:39] Compatible cache found : starting server cache purge on Varnish
[2026-04-01 14:13:39] WordPress object cache cleared
[2026-04-01 14:13:39] Starting AutoPurge cache clearing for action [post_updated]... [{
    "code": "SUCCESS"
}]
[2026-04-01 14:13:39] Clearing cache for 4 taxonomy and pagination URLs
[2026-04-01 14:13:39] Compatible cache found : starting server cache purge on Varnish
[2026-04-01 14:13:39] WordPress object cache cleared
[2026-04-01 14:13:39] Starting AutoPurge cache clearing for action [post_updated]... [https://uptech-group.com/blog/pourquoi-up-tech-group-vision/]
[2026-04-01 14:13:39] Directory for https://uptech-group.com/blog/pourquoi-up-tech-group-vision/ not found. No cache to purge
[2026-04-01 14:13:39] Directory for https://uptech-group.com/blog/pourquoi-up-tech-group-vision/ not found. No cache to purge
[2026-04-01 14:13:39] Clearing cache for 4 taxonomy and pagination URLs
[2026-04-01 14:13:39] Compatible cache found : starting server cache purge on Varnish
[2026-04-01 14:13:39] WordPress object cache cleared
[2026-04-01 14:13:39] Starting AutoPurge cache clearing for action [post_updated]... [{
    "code": "SUCCESS"
}]
[2026-04-01 14:13:39] Clearing cache for 4 taxonomy and pagination URLs
[2026-04-01 14:13:39] Compatible cache found : starting server cache purge on Varnish
[2026-04-01 14:13:39] WordPress object cache cleared
[2026-04-01 14:13:40] Starting AutoPurge cache clearing for action [deleted_post]... [https://uptech-group.com/blog/2745-autosave-v1]
[2026-04-01 14:13:40] Directory for https://uptech-group.com/blog/2745-autosave-v1 not found. No cache to purge
[2026-04-01 14:13:40] Directory for https://uptech-group.com/blog/2745-autosave-v1 not found. No cache to purge
[2026-04-01 14:13:40] Removed cache files from main desktop cache (/home/c2761235c/public_html/blog/wp-content/cache/lwsoptimize/cache/blog)
[2026-04-01 14:13:40] Clearing cache for 4 taxonomy and pagination URLs
[2026-04-01 14:13:40] Compatible cache found : starting server cache purge on Varnish
[2026-04-01 14:13:40] WordPress object cache cleared
[2026-04-01 14:13:40] Starting AutoPurge cache clearing for action [deleted_post]... [{
    "code": "SUCCESS"
}]
[2026-04-01 14:13:40] Clearing cache for 4 taxonomy and pagination URLs
[2026-04-01 14:13:40] Compatible cache found : starting server cache purge on Varnish
[2026-04-01 14:13:40] WordPress object cache cleared
[2026-04-01 14:15:30] Starting AutoPurge cache clearing for action [post_updated]... [https://uptech-group.com/blog/pourquoi-up-tech-group-vision/]
[2026-04-01 14:15:30] Directory for https://uptech-group.com/blog/pourquoi-up-tech-group-vision/ not found. No cache to purge
[2026-04-01 14:15:30] Removed cache files from desktop specific cache (/home/c2761235c/public_html/blog/wp-content/cache/lwsoptimize/cache//blog/pourquoi-up-tech-group-vision/)
[2026-04-01 14:15:30] Clearing cache for 4 taxonomy and pagination URLs
[2026-04-01 14:15:30] Compatible cache found : starting server cache purge on Varnish
[2026-04-01 14:15:30] WordPress object cache cleared
[2026-04-01 14:15:30] Starting AutoPurge cache clearing for action [post_updated]... [{
    "code": "SUCCESS"
}]
[2026-04-01 14:15:30] Clearing cache for 4 taxonomy and pagination URLs
[2026-04-01 14:15:30] Compatible cache found : starting server cache purge on Varnish
[2026-04-01 14:15:30] WordPress object cache cleared
[2026-04-01 14:15:30] Starting AutoPurge cache clearing for action [post_updated]... [https://uptech-group.com/blog/pourquoi-up-tech-group-vision/]
[2026-04-01 14:15:30] Directory for https://uptech-group.com/blog/pourquoi-up-tech-group-vision/ not found. No cache to purge
[2026-04-01 14:15:30] Clearing cache for 4 taxonomy and pagination URLs
[2026-04-01 14:15:30] Compatible cache found : starting server cache purge on Varnish
[2026-04-01 14:15:30] WordPress object cache cleared
[2026-04-01 14:15:30] Starting AutoPurge cache clearing for action [post_updated]... [{
    "code": "SUCCESS"
}]
[2026-04-01 14:15:30] Clearing cache for 4 taxonomy and pagination URLs
[2026-04-01 14:15:30] Compatible cache found : starting server cache purge on Varnish
[2026-04-01 14:15:30] WordPress object cache cleared
[2026-04-01 14:15:34] Starting AutoPurge cache clearing for action [post_updated]... [https://uptech-group.com/blog/pourquoi-up-tech-group-vision/]
[2026-04-01 14:15:34] Directory for https://uptech-group.com/blog/pourquoi-up-tech-group-vision/ not found. No cache to purge
[2026-04-01 14:15:34] Clearing cache for 4 taxonomy and pagination URLs
[2026-04-01 14:15:34] Compatible cache found : starting server cache purge on Varnish
[2026-04-01 14:15:34] WordPress object cache cleared
[2026-04-01 14:15:34] Starting AutoPurge cache clearing for action [post_updated]... [{
    "code": "SUCCESS"
}]
[2026-04-01 14:15:34] Clearing cache for 4 taxonomy and pagination URLs
[2026-04-01 14:15:34] Compatible cache found : starting server cache purge on Varnish
[2026-04-01 14:15:34] WordPress object cache cleared
[2026-04-01 14:15:34] Starting AutoPurge cache clearing for action [post_updated]... [https://uptech-group.com/blog/pourquoi-up-tech-group-vision/]
[2026-04-01 14:15:34] Directory for https://uptech-group.com/blog/pourquoi-up-tech-group-vision/ not found. No cache to purge
[2026-04-01 14:15:34] Clearing cache for 4 taxonomy and pagination URLs
[2026-04-01 14:15:34] Compatible cache found : starting server cache purge on Varnish
[2026-04-01 14:15:34] WordPress object cache cleared
[2026-04-01 14:15:34] Starting AutoPurge cache clearing for action [post_updated]... [{
    "code": "SUCCESS"
}]
[2026-04-01 14:15:34] Clearing cache for 4 taxonomy and pagination URLs
[2026-04-01 14:15:34] Compatible cache found : starting server cache purge on Varnish
[2026-04-01 14:15:34] WordPress object cache cleared
[2026-04-01 14:15:36] Starting AutoPurge cache clearing for action [deleted_post]... [https://uptech-group.com/blog/2745-autosave-v1]
[2026-04-01 14:15:36] Directory for https://uptech-group.com/blog/2745-autosave-v1 not found. No cache to purge
[2026-04-01 14:15:36] Directory for https://uptech-group.com/blog/2745-autosave-v1 not found. No cache to purge
[2026-04-01 14:15:36] Removed cache files from main desktop cache (/home/c2761235c/public_html/blog/wp-content/cache/lwsoptimize/cache/blog)
[2026-04-01 14:15:36] Clearing cache for 4 taxonomy and pagination URLs
[2026-04-01 14:15:36] Compatible cache found : starting server cache purge on Varnish
[2026-04-01 14:15:36] WordPress object cache cleared
[2026-04-01 14:15:36] Starting AutoPurge cache clearing for action [deleted_post]... [{
    "code": "SUCCESS"
}]
[2026-04-01 14:15:36] Clearing cache for 4 taxonomy and pagination URLs
[2026-04-01 14:15:36] Compatible cache found : starting server cache purge on Varnish
[2026-04-01 14:15:36] WordPress object cache cleared
[2026-04-01 14:19:32] Starting AutoPurge cache clearing for action [post_updated]... [https://uptech-group.com/blog/pourquoi-up-tech-group-vision/]
[2026-04-01 14:19:32] Directory for https://uptech-group.com/blog/pourquoi-up-tech-group-vision/ not found. No cache to purge
[2026-04-01 14:19:32] Removed cache files from main desktop cache (/home/c2761235c/public_html/blog/wp-content/cache/lwsoptimize/cache/blog)
[2026-04-01 14:19:32] Clearing cache for 4 taxonomy and pagination URLs
[2026-04-01 14:19:32] Compatible cache found : starting server cache purge on Varnish
[2026-04-01 14:19:32] WordPress object cache cleared
[2026-04-01 14:19:32] Starting AutoPurge cache clearing for action [post_updated]... [{
    "code": "SUCCESS"
}]
[2026-04-01 14:19:32] Clearing cache for 4 taxonomy and pagination URLs
[2026-04-01 14:19:32] Compatible cache found : starting server cache purge on Varnish
[2026-04-01 14:19:32] WordPress object cache cleared
[2026-04-01 14:19:32] Starting AutoPurge cache clearing for action [post_updated]... [https://uptech-group.com/blog/pourquoi-up-tech-group-vision/]
[2026-04-01 14:19:32] Directory for https://uptech-group.com/blog/pourquoi-up-tech-group-vision/ not found. No cache to purge
[2026-04-01 14:19:32] Clearing cache for 4 taxonomy and pagination URLs
[2026-04-01 14:19:32] Compatible cache found : starting server cache purge on Varnish
[2026-04-01 14:19:32] WordPress object cache cleared
[2026-04-01 14:19:32] Starting AutoPurge cache clearing for action [post_updated]... [{
    "code": "SUCCESS"
}]
[2026-04-01 14:19:32] Clearing cache for 4 taxonomy and pagination URLs
[2026-04-01 14:19:32] Compatible cache found : starting server cache purge on Varnish
[2026-04-01 14:19:32] WordPress object cache cleared
[2026-04-01 14:19:36] Starting AutoPurge cache clearing for action [post_updated]... [https://uptech-group.com/blog/pourquoi-up-tech-group-vision/]
[2026-04-01 14:19:36] Directory for https://uptech-group.com/blog/pourquoi-up-tech-group-vision/ not found. No cache to purge
[2026-04-01 14:19:36] Clearing cache for 4 taxonomy and pagination URLs
[2026-04-01 14:19:36] Compatible cache found : starting server cache purge on Varnish
[2026-04-01 14:19:36] WordPress object cache cleared
[2026-04-01 14:19:36] Starting AutoPurge cache clearing for action [post_updated]... [{
    "code": "SUCCESS"
}]
[2026-04-01 14:19:36] Clearing cache for 4 taxonomy and pagination URLs
[2026-04-01 14:19:36] Compatible cache found : starting server cache purge on Varnish
[2026-04-01 14:19:36] WordPress object cache cleared
[2026-04-01 14:19:36] Starting AutoPurge cache clearing for action [post_updated]... [https://uptech-group.com/blog/pourquoi-up-tech-group-vision/]
[2026-04-01 14:19:36] Directory for https://uptech-group.com/blog/pourquoi-up-tech-group-vision/ not found. No cache to purge
[2026-04-01 14:19:36] Clearing cache for 4 taxonomy and pagination URLs
[2026-04-01 14:19:36] Compatible cache found : starting server cache purge on Varnish
[2026-04-01 14:19:36] WordPress object cache cleared
[2026-04-01 14:19:36] Starting AutoPurge cache clearing for action [post_updated]... [{
    "code": "SUCCESS"
}]
[2026-04-01 14:19:36] Clearing cache for 4 taxonomy and pagination URLs
[2026-04-01 14:19:36] Compatible cache found : starting server cache purge on Varnish
[2026-04-01 14:19:36] WordPress object cache cleared
[2026-04-01 14:24:32] Starting AutoPurge cache clearing for action [deleted_post]... [https://uptech-group.com/blog/2482-revision-v1]
[2026-04-01 14:24:32] Directory for https://uptech-group.com/blog/2482-revision-v1 not found. No cache to purge
[2026-04-01 14:24:32] Directory for https://uptech-group.com/blog/2482-revision-v1 not found. No cache to purge
[2026-04-01 14:24:32] Removed cache files from main desktop cache (/home/c2761235c/public_html/blog/wp-content/cache/lwsoptimize/cache/blog)
[2026-04-01 14:24:32] Clearing cache for 4 taxonomy and pagination URLs
[2026-04-01 14:24:32] Compatible cache found : starting server cache purge on Varnish
[2026-04-01 14:24:32] WordPress object cache cleared
[2026-04-01 14:24:32] Starting AutoPurge cache clearing for action [deleted_post]... [{
    "code": "SUCCESS"
}]
[2026-04-01 14:24:32] Clearing cache for 4 taxonomy and pagination URLs
[2026-04-01 14:24:32] Compatible cache found : starting server cache purge on Varnish
[2026-04-01 14:24:32] WordPress object cache cleared
[2026-04-01 14:24:32] Starting AutoPurge cache clearing for action [deleted_post]... [https://uptech-group.com/blog/about]
[2026-04-01 14:24:32] Directory for https://uptech-group.com/blog/about not found. No cache to purge
[2026-04-01 14:24:32] Directory for https://uptech-group.com/blog/about not found. No cache to purge
[2026-04-01 14:24:32] Clearing cache for 4 taxonomy and pagination URLs
[2026-04-01 14:24:32] Compatible cache found : starting server cache purge on Varnish
[2026-04-01 14:24:32] WordPress object cache cleared
[2026-04-01 14:24:32] Starting AutoPurge cache clearing for action [deleted_post]... [{
    "code": "SUCCESS"
}]
[2026-04-01 14:24:32] Clearing cache for 4 taxonomy and pagination URLs
[2026-04-01 14:24:32] Compatible cache found : starting server cache purge on Varnish
[2026-04-01 14:24:32] WordPress object cache cleared
[2026-04-01 14:24:32] Starting AutoPurge cache clearing for action [deleted_post]... [https://uptech-group.com/blog/2131-revision-v1]
[2026-04-01 14:24:32] Directory for https://uptech-group.com/blog/2131-revision-v1 not found. No cache to purge
[2026-04-01 14:24:32] Directory for https://uptech-group.com/blog/2131-revision-v1 not found. No cache to purge
[2026-04-01 14:24:32] Clearing cache for 4 taxonomy and pagination URLs
[2026-04-01 14:24:32] Compatible cache found : starting server cache purge on Varnish
[2026-04-01 14:24:32] WordPress object cache cleared
[2026-04-01 14:24:32] Starting AutoPurge cache clearing for action [deleted_post]... [{
    "code": "SUCCESS"
}]
[2026-04-01 14:24:32] Clearing cache for 4 taxonomy and pagination URLs
[2026-04-01 14:24:32] Compatible cache found : starting server cache purge on Varnish
[2026-04-01 14:24:32] WordPress object cache cleared
[2026-04-01 14:24:33] Starting AutoPurge cache clearing for action [deleted_post]... [https://uptech-group.com/blog/contact]
[2026-04-01 14:24:33] Directory for https://uptech-group.com/blog/contact not found. No cache to purge
[2026-04-01 14:24:33] Directory for https://uptech-group.com/blog/contact not found. No cache to purge
[2026-04-01 14:24:33] Clearing cache for 4 taxonomy and pagination URLs
[2026-04-01 14:24:33] Compatible cache found : starting server cache purge on Varnish
[2026-04-01 14:24:33] WordPress object cache cleared
[2026-04-01 14:24:33] Starting AutoPurge cache clearing for action [deleted_post]... [{
    "code": "SUCCESS"
}]
[2026-04-01 14:24:33] Clearing cache for 4 taxonomy and pagination URLs
[2026-04-01 14:24:33] Compatible cache found : starting server cache purge on Varnish
[2026-04-01 14:24:33] WordPress object cache cleared
[2026-04-01 14:24:33] Starting AutoPurge cache clearing for action [deleted_post]... [https://uptech-group.com/blog/2353-revision-v1]
[2026-04-01 14:24:33] Directory for https://uptech-group.com/blog/2353-revision-v1 not found. No cache to purge
[2026-04-01 14:24:33] Directory for https://uptech-group.com/blog/2353-revision-v1 not found. No cache to purge
[2026-04-01 14:24:33] Clearing cache for 4 taxonomy and pagination URLs
[2026-04-01 14:24:33] Compatible cache found : starting server cache purge on Varnish
[2026-04-01 14:24:33] WordPress object cache cleared
[2026-04-01 14:24:33] Starting AutoPurge cache clearing for action [deleted_post]... [{
    "code": "SUCCESS"
}]
[2026-04-01 14:24:33] Clearing cache for 4 taxonomy and pagination URLs
[2026-04-01 14:24:33] Compatible cache found : starting server cache purge on Varnish
[2026-04-01 14:24:33] WordPress object cache cleared
[2026-04-01 14:24:33] Starting AutoPurge cache clearing for action [deleted_post]... [https://uptech-group.com/blog/portfolio]
[2026-04-01 14:24:33] Directory for https://uptech-group.com/blog/portfolio not found. No cache to purge
[2026-04-01 14:24:33] Directory for https://uptech-group.com/blog/portfolio not found. No cache to purge
[2026-04-01 14:24:33] Clearing cache for 4 taxonomy and pagination URLs
[2026-04-01 14:24:33] Compatible cache found : starting server cache purge on Varnish
[2026-04-01 14:24:33] WordPress object cache cleared
[2026-04-01 14:24:33] Starting AutoPurge cache clearing for action [deleted_post]... [{
    "code": "SUCCESS"
}]
[2026-04-01 14:24:33] Clearing cache for 4 taxonomy and pagination URLs
[2026-04-01 14:24:33] Compatible cache found : starting server cache purge on Varnish
[2026-04-01 14:24:33] WordPress object cache cleared
[2026-04-01 14:24:33] Starting AutoPurge cache clearing for action [deleted_post]... [https://uptech-group.com/blog/2374-revision-v1]
[2026-04-01 14:24:33] Directory for https://uptech-group.com/blog/2374-revision-v1 not found. No cache to purge
[2026-04-01 14:24:33] Directory for https://uptech-group.com/blog/2374-revision-v1 not found. No cache to purge
[2026-04-01 14:24:33] Clearing cache for 4 taxonomy and pagination URLs
[2026-04-01 14:24:33] Compatible cache found : starting server cache purge on Varnish
[2026-04-01 14:24:33] WordPress object cache cleared
[2026-04-01 14:24:33] Starting AutoPurge cache clearing for action [deleted_post]... [{
    "code": "SUCCESS"
}]
[2026-04-01 14:24:33] Clearing cache for 4 taxonomy and pagination URLs
[2026-04-01 14:24:33] Compatible cache found : starting server cache purge on Varnish
[2026-04-01 14:24:33] WordPress object cache cleared
[2026-04-01 14:24:33] Starting AutoPurge cache clearing for action [deleted_post]... [https://uptech-group.com/blog/portfolio-single-page]
[2026-04-01 14:24:33] Directory for https://uptech-group.com/blog/portfolio-single-page not found. No cache to purge
[2026-04-01 14:24:33] Directory for https://uptech-group.com/blog/portfolio-single-page not found. No cache to purge
[2026-04-01 14:24:33] Clearing cache for 4 taxonomy and pagination URLs
[2026-04-01 14:24:33] Compatible cache found : starting server cache purge on Varnish
[2026-04-01 14:24:33] WordPress object cache cleared
[2026-04-01 14:24:33] Starting AutoPurge cache clearing for action [deleted_post]... [{
    "code": "SUCCESS"
}]
[2026-04-01 14:24:33] Clearing cache for 4 taxonomy and pagination URLs
[2026-04-01 14:24:33] Compatible cache found : starting server cache purge on Varnish
[2026-04-01 14:24:33] WordPress object cache cleared
[2026-04-01 14:24:33] Starting AutoPurge cache clearing for action [deleted_post]... [https://uptech-group.com/blog/3-revision-v1]
[2026-04-01 14:24:33] Directory for https://uptech-group.com/blog/3-revision-v1 not found. No cache to purge
[2026-04-01 14:24:33] Directory for https://uptech-group.com/blog/3-revision-v1 not found. No cache to purge
[2026-04-01 14:24:33] Clearing cache for 4 taxonomy and pagination URLs
[2026-04-01 14:24:33] Compatible cache found : starting server cache purge on Varnish
[2026-04-01 14:24:33] WordPress object cache cleared
[2026-04-01 14:24:33] Starting AutoPurge cache clearing for action [deleted_post]... [{
    "code": "SUCCESS"
}]
[2026-04-01 14:24:33] Clearing cache for 4 taxonomy and pagination URLs
[2026-04-01 14:24:33] Compatible cache found : starting server cache purge on Varnish
[2026-04-01 14:24:33] WordPress object cache cleared
[2026-04-01 14:24:33] Starting AutoPurge cache clearing for action [deleted_post]... [https://uptech-group.com/blog/privacy-policy]
[2026-04-01 14:24:33] Directory for https://uptech-group.com/blog/privacy-policy not found. No cache to purge
[2026-04-01 14:24:33] Directory for https://uptech-group.com/blog/privacy-policy not found. No cache to purge
[2026-04-01 14:24:33] Clearing cache for 4 taxonomy and pagination URLs
[2026-04-01 14:24:33] Compatible cache found : starting server cache purge on Varnish
[2026-04-01 14:24:33] WordPress object cache cleared
[2026-04-01 14:24:33] Starting AutoPurge cache clearing for action [deleted_post]... [{
    "code": "SUCCESS"
}]
[2026-04-01 14:24:33] Clearing cache for 4 taxonomy and pagination URLs
[2026-04-01 14:24:33] Compatible cache found : starting server cache purge on Varnish
[2026-04-01 14:24:33] WordPress object cache cleared
[2026-04-01 14:24:33] Starting AutoPurge cache clearing for action [deleted_post]... [https://uptech-group.com/blog/2198-revision-v1]
[2026-04-01 14:24:33] Directory for https://uptech-group.com/blog/2198-revision-v1 not found. No cache to purge
[2026-04-01 14:24:33] Directory for https://uptech-group.com/blog/2198-revision-v1 not found. No cache to purge
[2026-04-01 14:24:33] Clearing cache for 4 taxonomy and pagination URLs
[2026-04-01 14:24:33] Compatible cache found : starting server cache purge on Varnish
[2026-04-01 14:24:33] WordPress object cache cleared
[2026-04-01 14:24:33] Starting AutoPurge cache clearing for action [deleted_post]... [{
    "code": "SUCCESS"
}]
[2026-04-01 14:24:33] Clearing cache for 4 taxonomy and pagination URLs
[2026-04-01 14:24:33] Compatible cache found : starting server cache purge on Varnish
[2026-04-01 14:24:33] WordPress object cache cleared
[2026-04-01 14:24:33] Starting AutoPurge cache clearing for action [deleted_post]... [https://uptech-group.com/blog/services]
[2026-04-01 14:24:33] Directory for https://uptech-group.com/blog/services not found. No cache to purge
[2026-04-01 14:24:33] Directory for https://uptech-group.com/blog/services not found. No cache to purge
[2026-04-01 14:24:33] Clearing cache for 4 taxonomy and pagination URLs
[2026-04-01 14:24:34] Compatible cache found : starting server cache purge on Varnish
[2026-04-01 14:24:34] WordPress object cache cleared
[2026-04-01 14:24:34] Starting AutoPurge cache clearing for action [deleted_post]... [{
    "code": "SUCCESS"
}]
[2026-04-01 14:24:34] Clearing cache for 4 taxonomy and pagination URLs
[2026-04-01 14:24:34] Compatible cache found : starting server cache purge on Varnish
[2026-04-01 14:24:34] WordPress object cache cleared
[2026-04-01 14:27:14] Removed cache on demand
[2026-04-01 14:27:14] Restarting preload process after cache purge...
[2026-04-01 14:40:46] Starting AutoPurge cache clearing for action [deleted_post]... [https://uptech-group.com/blog/2568-autosave-v1]
[2026-04-01 14:40:46] Directory for https://uptech-group.com/blog/2568-autosave-v1 not found. No cache to purge
[2026-04-01 14:40:46] Directory for https://uptech-group.com/blog/2568-autosave-v1 not found. No cache to purge
[2026-04-01 14:40:46] Removed cache files from main desktop cache (/home/c2761235c/public_html/blog/wp-content/cache/lwsoptimize/cache/blog)
[2026-04-01 14:40:46] Clearing cache for 4 taxonomy and pagination URLs
[2026-04-01 14:40:46] Compatible cache found : starting server cache purge on Varnish
[2026-04-01 14:40:46] WordPress object cache cleared
[2026-04-01 14:40:46] Starting AutoPurge cache clearing for action [deleted_post]... [{
    "code": "SUCCESS"
}]
[2026-04-01 14:40:46] Directory for {
    "code": "SUCCESS"
} not found. No cache to purge
[2026-04-01 14:40:46] Clearing cache for 4 taxonomy and pagination URLs
[2026-04-01 14:40:46] Compatible cache found : starting server cache purge on Varnish
[2026-04-01 14:40:46] WordPress object cache cleared
[2026-04-01 14:42:49] Starting AutoPurge cache clearing for action [post_updated]... [https://uptech-group.com/blog/?p=2762]
[2026-04-01 14:42:49] Directory for https://uptech-group.com/blog/?p=2762 not found. No cache to purge
[2026-04-01 14:42:49] Directory for https://uptech-group.com/blog/?p=2762 not found. No cache to purge
[2026-04-01 14:42:49] Clearing cache for 4 taxonomy and pagination URLs
[2026-04-01 14:42:49] Compatible cache found : starting server cache purge on Varnish
[2026-04-01 14:42:49] WordPress object cache cleared
[2026-04-01 14:42:49] Starting AutoPurge cache clearing for action [post_updated]... [{
    "code": "SUCCESS"
}]
[2026-04-01 14:42:49] Directory for {
    "code": "SUCCESS"
} not found. No cache to purge
[2026-04-01 14:42:49] Clearing cache for 4 taxonomy and pagination URLs
[2026-04-01 14:42:49] Compatible cache found : starting server cache purge on Varnish
[2026-04-01 14:42:49] WordPress object cache cleared
[2026-04-01 14:42:49] Starting AutoPurge cache clearing for action [post_updated]... [https://uptech-group.com/blog/?p=2762]
[2026-04-01 14:42:49] Directory for https://uptech-group.com/blog/?p=2762 not found. No cache to purge
[2026-04-01 14:42:49] Directory for https://uptech-group.com/blog/?p=2762 not found. No cache to purge
[2026-04-01 14:42:49] Clearing cache for 4 taxonomy and pagination URLs
[2026-04-01 14:42:49] Compatible cache found : starting server cache purge on Varnish
[2026-04-01 14:42:49] WordPress object cache cleared
[2026-04-01 14:42:49] Starting AutoPurge cache clearing for action [post_updated]... [{
    "code": "SUCCESS"
}]
[2026-04-01 14:42:49] Directory for {
    "code": "SUCCESS"
} not found. No cache to purge
[2026-04-01 14:42:49] Clearing cache for 4 taxonomy and pagination URLs
[2026-04-01 14:42:49] Compatible cache found : starting server cache purge on Varnish
[2026-04-01 14:42:49] WordPress object cache cleared
[2026-04-01 14:42:58] Starting AutoPurge cache clearing for action [post_updated]... [https://uptech-group.com/blog/]
[2026-04-01 14:42:58] Directory for https://uptech-group.com/blog/ not found. No cache to purge
[2026-04-01 14:42:58] Clearing cache for 4 taxonomy and pagination URLs
[2026-04-01 14:42:58] Compatible cache found : starting server cache purge on Varnish
[2026-04-01 14:42:58] WordPress object cache cleared
[2026-04-01 14:42:58] Starting AutoPurge cache clearing for action [post_updated]... [{
    "code": "SUCCESS"
}]
[2026-04-01 14:42:58] Directory for {
    "code": "SUCCESS"
} not found. No cache to purge
[2026-04-01 14:42:58] Clearing cache for 4 taxonomy and pagination URLs
[2026-04-01 14:42:58] Compatible cache found : starting server cache purge on Varnish
[2026-04-01 14:42:58] WordPress object cache cleared
[2026-04-01 14:42:58] Starting AutoPurge cache clearing for action [post_updated]... [https://uptech-group.com/blog/]
[2026-04-01 14:42:58] Directory for https://uptech-group.com/blog/ not found. No cache to purge
[2026-04-01 14:42:58] Clearing cache for 4 taxonomy and pagination URLs
[2026-04-01 14:42:58] Compatible cache found : starting server cache purge on Varnish
[2026-04-01 14:42:58] WordPress object cache cleared
[2026-04-01 14:42:58] Starting AutoPurge cache clearing for action [post_updated]... [{
    "code": "SUCCESS"
}]
[2026-04-01 14:42:58] Directory for {
    "code": "SUCCESS"
} not found. No cache to purge
[2026-04-01 14:42:58] Clearing cache for 4 taxonomy and pagination URLs
[2026-04-01 14:42:58] Compatible cache found : starting server cache purge on Varnish
[2026-04-01 14:42:58] WordPress object cache cleared
[2026-04-01 14:43:01] Starting AutoPurge cache clearing for action [post_updated]... [https://uptech-group.com/blog/]
[2026-04-01 14:43:01] Directory for https://uptech-group.com/blog/ not found. No cache to purge
[2026-04-01 14:43:01] Clearing cache for 4 taxonomy and pagination URLs
[2026-04-01 14:43:01] Compatible cache found : starting server cache purge on Varnish
[2026-04-01 14:43:01] WordPress object cache cleared
[2026-04-01 14:43:01] Starting AutoPurge cache clearing for action [post_updated]... [{
    "code": "SUCCESS"
}]
[2026-04-01 14:43:01] Directory for {
    "code": "SUCCESS"
} not found. No cache to purge
[2026-04-01 14:43:01] Clearing cache for 4 taxonomy and pagination URLs
[2026-04-01 14:43:01] Compatible cache found : starting server cache purge on Varnish
[2026-04-01 14:43:01] WordPress object cache cleared
[2026-04-01 14:43:01] Starting AutoPurge cache clearing for action [post_updated]... [https://uptech-group.com/blog/]
[2026-04-01 14:43:01] Directory for https://uptech-group.com/blog/ not found. No cache to purge
[2026-04-01 14:43:01] Clearing cache for 4 taxonomy and pagination URLs
[2026-04-01 14:43:01] Compatible cache found : starting server cache purge on Varnish
[2026-04-01 14:43:01] WordPress object cache cleared
[2026-04-01 14:43:01] Starting AutoPurge cache clearing for action [post_updated]... [{
    "code": "SUCCESS"
}]
[2026-04-01 14:43:01] Directory for {
    "code": "SUCCESS"
} not found. No cache to purge
[2026-04-01 14:43:01] Clearing cache for 4 taxonomy and pagination URLs
[2026-04-01 14:43:01] Compatible cache found : starting server cache purge on Varnish
[2026-04-01 14:43:01] WordPress object cache cleared
[2026-04-01 14:43:04] Starting AutoPurge cache clearing for action [deleted_post]... [https://uptech-group.com/blog/2568-autosave-v1]
[2026-04-01 14:43:04] Directory for https://uptech-group.com/blog/2568-autosave-v1 not found. No cache to purge
[2026-04-01 14:43:04] Directory for https://uptech-group.com/blog/2568-autosave-v1 not found. No cache to purge
[2026-04-01 14:43:04] Clearing cache for 4 taxonomy and pagination URLs
[2026-04-01 14:43:04] Compatible cache found : starting server cache purge on Varnish
[2026-04-01 14:43:04] WordPress object cache cleared
[2026-04-01 14:43:04] Starting AutoPurge cache clearing for action [deleted_post]... [{
    "code": "SUCCESS"
}]
[2026-04-01 14:43:04] Directory for {
    "code": "SUCCESS"
} not found. No cache to purge
[2026-04-01 14:43:04] Clearing cache for 4 taxonomy and pagination URLs
[2026-04-01 14:43:04] Compatible cache found : starting server cache purge on Varnish
[2026-04-01 14:43:04] WordPress object cache cleared
[2026-04-01 14:44:25] Starting AutoPurge cache clearing for action [post_updated]... [https://uptech-group.com/blog/]
[2026-04-01 14:44:25] Directory for https://uptech-group.com/blog/ not found. No cache to purge
[2026-04-01 14:44:25] Removed cache files from desktop specific cache (/home/c2761235c/public_html/blog/wp-content/cache/lwsoptimize/cache//blog/)
[2026-04-01 14:44:25] Clearing cache for 4 taxonomy and pagination URLs
[2026-04-01 14:44:25] Compatible cache found : starting server cache purge on Varnish
[2026-04-01 14:44:25] WordPress object cache cleared
[2026-04-01 14:44:25] Starting AutoPurge cache clearing for action [post_updated]... [{
    "code": "SUCCESS"
}]
[2026-04-01 14:44:25] Directory for {
    "code": "SUCCESS"
} not found. No cache to purge
[2026-04-01 14:44:25] Clearing cache for 4 taxonomy and pagination URLs
[2026-04-01 14:44:25] Compatible cache found : starting server cache purge on Varnish
[2026-04-01 14:44:25] WordPress object cache cleared
[2026-04-01 14:44:25] Starting AutoPurge cache clearing for action [post_updated]... [https://uptech-group.com/blog/]
[2026-04-01 14:44:25] Directory for https://uptech-group.com/blog/ not found. No cache to purge
[2026-04-01 14:44:25] Clearing cache for 4 taxonomy and pagination URLs
[2026-04-01 14:44:25] Compatible cache found : starting server cache purge on Varnish
[2026-04-01 14:44:25] WordPress object cache cleared
[2026-04-01 14:44:25] Starting AutoPurge cache clearing for action [post_updated]... [{
    "code": "SUCCESS"
}]
[2026-04-01 14:44:25] Directory for {
    "code": "SUCCESS"
} not found. No cache to purge
[2026-04-01 14:44:25] Clearing cache for 4 taxonomy and pagination URLs
[2026-04-01 14:44:25] Compatible cache found : starting server cache purge on Varnish
[2026-04-01 14:44:25] WordPress object cache cleared
[2026-04-01 14:44:28] Starting AutoPurge cache clearing for action [post_updated]... [https://uptech-group.com/blog/]
[2026-04-01 14:44:28] Directory for https://uptech-group.com/blog/ not found. No cache to purge
[2026-04-01 14:44:28] Clearing cache for 4 taxonomy and pagination URLs
[2026-04-01 14:44:28] Compatible cache found : starting server cache purge on Varnish
[2026-04-01 14:44:28] WordPress object cache cleared
[2026-04-01 14:44:28] Starting AutoPurge cache clearing for action [post_updated]... [{
    "code": "SUCCESS"
}]
[2026-04-01 14:44:28] Directory for {
    "code": "SUCCESS"
} not found. No cache to purge
[2026-04-01 14:44:28] Clearing cache for 4 taxonomy and pagination URLs
[2026-04-01 14:44:28] Compatible cache found : starting server cache purge on Varnish
[2026-04-01 14:44:28] WordPress object cache cleared
[2026-04-01 14:44:28] Starting AutoPurge cache clearing for action [post_updated]... [https://uptech-group.com/blog/]
[2026-04-01 14:44:28] Directory for https://uptech-group.com/blog/ not found. No cache to purge
[2026-04-01 14:44:28] Clearing cache for 4 taxonomy and pagination URLs
[2026-04-01 14:44:28] Compatible cache found : starting server cache purge on Varnish
[2026-04-01 14:44:28] WordPress object cache cleared
[2026-04-01 14:44:28] Starting AutoPurge cache clearing for action [post_updated]... [{
    "code": "SUCCESS"
}]
[2026-04-01 14:44:28] Directory for {
    "code": "SUCCESS"
} not found. No cache to purge
[2026-04-01 14:44:28] Clearing cache for 4 taxonomy and pagination URLs
[2026-04-01 14:44:28] Compatible cache found : starting server cache purge on Varnish
[2026-04-01 14:44:28] WordPress object cache cleared
[2026-04-01 14:44:53] Starting AutoPurge cache clearing for action [post_updated]... [https://uptech-group.com/blog/2734/]
[2026-04-01 14:44:53] Directory for https://uptech-group.com/blog/2734/ not found. No cache to purge
[2026-04-01 14:44:53] Directory for https://uptech-group.com/blog/2734/ not found. No cache to purge
[2026-04-01 14:44:53] Clearing cache for 4 taxonomy and pagination URLs
[2026-04-01 14:44:53] Compatible cache found : starting server cache purge on Varnish
[2026-04-01 14:44:53] WordPress object cache cleared
[2026-04-01 14:44:53] Starting AutoPurge cache clearing for action [post_updated]... [{
    "code": "SUCCESS"
}]
[2026-04-01 14:44:53] Directory for {
    "code": "SUCCESS"
} not found. No cache to purge
[2026-04-01 14:44:53] Clearing cache for 4 taxonomy and pagination URLs
[2026-04-01 14:44:53] Compatible cache found : starting server cache purge on Varnish
[2026-04-01 14:44:53] WordPress object cache cleared
[2026-04-01 14:44:53] Starting AutoPurge cache clearing for action [post_updated]... [https://uptech-group.com/blog/2734/]
[2026-04-01 14:44:53] Directory for https://uptech-group.com/blog/2734/ not found. No cache to purge
[2026-04-01 14:44:53] Directory for https://uptech-group.com/blog/2734/ not found. No cache to purge
[2026-04-01 14:44:53] Clearing cache for 4 taxonomy and pagination URLs
[2026-04-01 14:44:53] Compatible cache found : starting server cache purge on Varnish
[2026-04-01 14:44:53] WordPress object cache cleared
[2026-04-01 14:44:53] Starting AutoPurge cache clearing for action [post_updated]... [{
    "code": "SUCCESS"
}]
[2026-04-01 14:44:53] Directory for {
    "code": "SUCCESS"
} not found. No cache to purge
[2026-04-01 14:44:53] Clearing cache for 4 taxonomy and pagination URLs
[2026-04-01 14:44:53] Compatible cache found : starting server cache purge on Varnish
[2026-04-01 14:44:53] WordPress object cache cleared
[2026-04-01 14:44:53] Starting AutoPurge cache clearing for action [post_updated]... [https://uptech-group.com/blog/2735/]
[2026-04-01 14:44:53] Directory for https://uptech-group.com/blog/2735/ not found. No cache to purge
[2026-04-01 14:44:53] Directory for https://uptech-group.com/blog/2735/ not found. No cache to purge
[2026-04-01 14:44:53] Clearing cache for 4 taxonomy and pagination URLs
[2026-04-01 14:44:53] Compatible cache found : starting server cache purge on Varnish
[2026-04-01 14:44:53] WordPress object cache cleared
[2026-04-01 14:44:53] Starting AutoPurge cache clearing for action [post_updated]... [{
    "code": "SUCCESS"
}]
[2026-04-01 14:44:53] Directory for {
    "code": "SUCCESS"
} not found. No cache to purge
[2026-04-01 14:44:53] Clearing cache for 4 taxonomy and pagination URLs
[2026-04-01 14:44:53] Compatible cache found : starting server cache purge on Varnish
[2026-04-01 14:44:53] WordPress object cache cleared
[2026-04-01 14:44:53] Starting AutoPurge cache clearing for action [post_updated]... [https://uptech-group.com/blog/2735/]
[2026-04-01 14:44:53] Directory for https://uptech-group.com/blog/2735/ not found. No cache to purge
[2026-04-01 14:44:53] Directory for https://uptech-group.com/blog/2735/ not found. No cache to purge
[2026-04-01 14:44:53] Clearing cache for 4 taxonomy and pagination URLs
[2026-04-01 14:44:53] Compatible cache found : starting server cache purge on Varnish
[2026-04-01 14:44:53] WordPress object cache cleared
[2026-04-01 14:44:53] Starting AutoPurge cache clearing for action [post_updated]... [{
    "code": "SUCCESS"
}]
[2026-04-01 14:44:53] Directory for {
    "code": "SUCCESS"
} not found. No cache to purge
[2026-04-01 14:44:53] Clearing cache for 4 taxonomy and pagination URLs
[2026-04-01 14:44:53] Compatible cache found : starting server cache purge on Varnish
[2026-04-01 14:44:53] WordPress object cache cleared
[2026-04-01 14:44:53] Starting AutoPurge cache clearing for action [post_updated]... [https://uptech-group.com/blog/up-tech-group/]
[2026-04-01 14:44:53] Directory for https://uptech-group.com/blog/up-tech-group/ not found. No cache to purge
[2026-04-01 14:44:53] Directory for https://uptech-group.com/blog/up-tech-group/ not found. No cache to purge
[2026-04-01 14:44:53] Clearing cache for 4 taxonomy and pagination URLs
[2026-04-01 14:44:53] Compatible cache found : starting server cache purge on Varnish
[2026-04-01 14:44:53] WordPress object cache cleared
[2026-04-01 14:44:53] Starting AutoPurge cache clearing for action [post_updated]... [{
    "code": "SUCCESS"
}]
[2026-04-01 14:44:53] Directory for {
    "code": "SUCCESS"
} not found. No cache to purge
[2026-04-01 14:44:53] Clearing cache for 4 taxonomy and pagination URLs
[2026-04-01 14:44:53] Compatible cache found : starting server cache purge on Varnish
[2026-04-01 14:44:53] WordPress object cache cleared
[2026-04-01 14:44:53] Starting AutoPurge cache clearing for action [post_updated]... [https://uptech-group.com/blog/up-tech-group/]
[2026-04-01 14:44:53] Directory for https://uptech-group.com/blog/up-tech-group/ not found. No cache to purge
[2026-04-01 14:44:53] Directory for https://uptech-group.com/blog/up-tech-group/ not found. No cache to purge
[2026-04-01 14:44:53] Clearing cache for 4 taxonomy and pagination URLs
[2026-04-01 14:44:53] Compatible cache found : starting server cache purge on Varnish
[2026-04-01 14:44:53] WordPress object cache cleared
[2026-04-01 14:44:53] Starting AutoPurge cache clearing for action [post_updated]... [{
    "code": "SUCCESS"
}]
[2026-04-01 14:44:53] Directory for {
    "code": "SUCCESS"
} not found. No cache to purge
[2026-04-01 14:44:53] Clearing cache for 4 taxonomy and pagination URLs
[2026-04-01 14:44:53] Compatible cache found : starting server cache purge on Varnish
[2026-04-01 14:44:53] WordPress object cache cleared
[2026-04-01 14:45:10] Starting AutoPurge cache clearing for action [post_updated]... [https://uptech-group.com/blog/2734/]
[2026-04-01 14:45:10] Directory for https://uptech-group.com/blog/2734/ not found. No cache to purge
[2026-04-01 14:45:10] Directory for https://uptech-group.com/blog/2734/ not found. No cache to purge
[2026-04-01 14:45:10] Clearing cache for 4 taxonomy and pagination URLs
[2026-04-01 14:45:10] Compatible cache found : starting server cache purge on Varnish
[2026-04-01 14:45:10] WordPress object cache cleared
[2026-04-01 14:45:10] Starting AutoPurge cache clearing for action [post_updated]... [{
    "code": "SUCCESS"
}]
[2026-04-01 14:45:10] Directory for {
    "code": "SUCCESS"
} not found. No cache to purge
[2026-04-01 14:45:10] Clearing cache for 4 taxonomy and pagination URLs
[2026-04-01 14:45:10] Compatible cache found : starting server cache purge on Varnish
[2026-04-01 14:45:10] WordPress object cache cleared
[2026-04-01 14:45:10] Starting AutoPurge cache clearing for action [post_updated]... [https://uptech-group.com/blog/2734/]
[2026-04-01 14:45:10] Directory for https://uptech-group.com/blog/2734/ not found. No cache to purge
[2026-04-01 14:45:10] Directory for https://uptech-group.com/blog/2734/ not found. No cache to purge
[2026-04-01 14:45:10] Clearing cache for 4 taxonomy and pagination URLs
[2026-04-01 14:45:10] Compatible cache found : starting server cache purge on Varnish
[2026-04-01 14:45:10] WordPress object cache cleared
[2026-04-01 14:45:10] Starting AutoPurge cache clearing for action [post_updated]... [{
    "code": "SUCCESS"
}]
[2026-04-01 14:45:10] Directory for {
    "code": "SUCCESS"
} not found. No cache to purge
[2026-04-01 14:45:10] Clearing cache for 4 taxonomy and pagination URLs
[2026-04-01 14:45:10] Compatible cache found : starting server cache purge on Varnish
[2026-04-01 14:45:10] WordPress object cache cleared
[2026-04-01 14:45:10] Starting AutoPurge cache clearing for action [post_updated]... [https://uptech-group.com/blog/2735/]
[2026-04-01 14:45:10] Directory for https://uptech-group.com/blog/2735/ not found. No cache to purge
[2026-04-01 14:45:10] Directory for https://uptech-group.com/blog/2735/ not found. No cache to purge
[2026-04-01 14:45:10] Clearing cache for 4 taxonomy and pagination URLs
[2026-04-01 14:45:10] Compatible cache found : starting server cache purge on Varnish
[2026-04-01 14:45:10] WordPress object cache cleared
[2026-04-01 14:45:10] Starting AutoPurge cache clearing for action [post_updated]... [{
    "code": "SUCCESS"
}]
[2026-04-01 14:45:10] Directory for {
    "code": "SUCCESS"
} not found. No cache to purge
[2026-04-01 14:45:10] Clearing cache for 4 taxonomy and pagination URLs
[2026-04-01 14:45:10] Compatible cache found : starting server cache purge on Varnish
[2026-04-01 14:45:10] WordPress object cache cleared
[2026-04-01 14:45:10] Starting AutoPurge cache clearing for action [post_updated]... [https://uptech-group.com/blog/2735/]
[2026-04-01 14:45:10] Directory for https://uptech-group.com/blog/2735/ not found. No cache to purge
[2026-04-01 14:45:10] Directory for https://uptech-group.com/blog/2735/ not found. No cache to purge
[2026-04-01 14:45:10] Clearing cache for 4 taxonomy and pagination URLs
[2026-04-01 14:45:10] Compatible cache found : starting server cache purge on Varnish
[2026-04-01 14:45:10] WordPress object cache cleared
[2026-04-01 14:45:10] Starting AutoPurge cache clearing for action [post_updated]... [{
    "code": "SUCCESS"
}]
[2026-04-01 14:45:10] Directory for {
    "code": "SUCCESS"
} not found. No cache to purge
[2026-04-01 14:45:10] Clearing cache for 4 taxonomy and pagination URLs
[2026-04-01 14:45:10] Compatible cache found : starting server cache purge on Varnish
[2026-04-01 14:45:10] WordPress object cache cleared
[2026-04-01 14:45:11] Starting AutoPurge cache clearing for action [post_updated]... [https://uptech-group.com/blog/up-tech-group/]
[2026-04-01 14:45:11] Directory for https://uptech-group.com/blog/up-tech-group/ not found. No cache to purge
[2026-04-01 14:45:11] Directory for https://uptech-group.com/blog/up-tech-group/ not found. No cache to purge
[2026-04-01 14:45:11] Clearing cache for 4 taxonomy and pagination URLs
[2026-04-01 14:45:11] Compatible cache found : starting server cache purge on Varnish
[2026-04-01 14:45:11] WordPress object cache cleared
[2026-04-01 14:45:11] Starting AutoPurge cache clearing for action [post_updated]... [{
    "code": "SUCCESS"
}]
[2026-04-01 14:45:11] Directory for {
    "code": "SUCCESS"
} not found. No cache to purge
[2026-04-01 14:45:11] Clearing cache for 4 taxonomy and pagination URLs
[2026-04-01 14:45:11] Compatible cache found : starting server cache purge on Varnish
[2026-04-01 14:45:11] WordPress object cache cleared
[2026-04-01 14:45:11] Starting AutoPurge cache clearing for action [post_updated]... [https://uptech-group.com/blog/up-tech-group/]
[2026-04-01 14:45:11] Directory for https://uptech-group.com/blog/up-tech-group/ not found. No cache to purge
[2026-04-01 14:45:11] Directory for https://uptech-group.com/blog/up-tech-group/ not found. No cache to purge
[2026-04-01 14:45:11] Clearing cache for 4 taxonomy and pagination URLs
[2026-04-01 14:45:11] Compatible cache found : starting server cache purge on Varnish
[2026-04-01 14:45:11] WordPress object cache cleared
[2026-04-01 14:45:11] Starting AutoPurge cache clearing for action [post_updated]... [{
    "code": "SUCCESS"
}]
[2026-04-01 14:45:11] Directory for {
    "code": "SUCCESS"
} not found. No cache to purge
[2026-04-01 14:45:11] Clearing cache for 4 taxonomy and pagination URLs
[2026-04-01 14:45:11] Compatible cache found : starting server cache purge on Varnish
[2026-04-01 14:45:11] WordPress object cache cleared
[2026-04-01 14:45:31] Removed cache on demand
[2026-04-01 14:45:31] Restarting preload process after cache purge...
[2026-04-01 14:53:09] Starting AutoPurge cache clearing for action [deleted_post]... [https://uptech-group.com/blog/2745-autosave-v1]
[2026-04-01 14:53:09] Directory for https://uptech-group.com/blog/2745-autosave-v1 not found. No cache to purge
[2026-04-01 14:53:09] Directory for https://uptech-group.com/blog/2745-autosave-v1 not found. No cache to purge
[2026-04-01 14:53:09] Removed cache files from main desktop cache (/home/c2761235c/public_html/blog/wp-content/cache/lwsoptimize/cache/blog)
[2026-04-01 14:53:09] Clearing cache for 4 taxonomy and pagination URLs
[2026-04-01 14:53:09] Compatible cache found : starting server cache purge on Varnish
[2026-04-01 14:53:09] WordPress object cache cleared
[2026-04-01 14:53:09] Starting AutoPurge cache clearing for action [deleted_post]... [{
    "code": "SUCCESS"
}]
[2026-04-01 14:53:09] Directory for {
    "code": "SUCCESS"
} not found. No cache to purge
[2026-04-01 14:53:09] Clearing cache for 4 taxonomy and pagination URLs
[2026-04-01 14:53:09] Compatible cache found : starting server cache purge on Varnish
[2026-04-01 14:53:09] WordPress object cache cleared
[2026-04-01 14:53:29] Starting AutoPurge cache clearing for action [post_updated]... [https://uptech-group.com/blog/pourquoi-up-tech-group-vision/]
[2026-04-01 14:53:29] Directory for https://uptech-group.com/blog/pourquoi-up-tech-group-vision/ not found. No cache to purge
[2026-04-01 14:53:29] Removed cache files from desktop specific cache (/home/c2761235c/public_html/blog/wp-content/cache/lwsoptimize/cache//blog/pourquoi-up-tech-group-vision/)
[2026-04-01 14:53:29] Clearing cache for 4 taxonomy and pagination URLs
[2026-04-01 14:53:29] Compatible cache found : starting server cache purge on Varnish
[2026-04-01 14:53:29] WordPress object cache cleared
[2026-04-01 14:53:29] Starting AutoPurge cache clearing for action [post_updated]... [{
    "code": "SUCCESS"
}]
[2026-04-01 14:53:29] Directory for {
    "code": "SUCCESS"
} not found. No cache to purge
[2026-04-01 14:53:29] Clearing cache for 4 taxonomy and pagination URLs
[2026-04-01 14:53:29] Compatible cache found : starting server cache purge on Varnish
[2026-04-01 14:53:29] WordPress object cache cleared
[2026-04-01 14:53:29] Starting AutoPurge cache clearing for action [post_updated]... [https://uptech-group.com/blog/pourquoi-up-tech-group-vision/]
[2026-04-01 14:53:29] Directory for https://uptech-group.com/blog/pourquoi-up-tech-group-vision/ not found. No cache to purge
[2026-04-01 14:53:29] Clearing cache for 4 taxonomy and pagination URLs
[2026-04-01 14:53:29] Compatible cache found : starting server cache purge on Varnish
[2026-04-01 14:53:29] WordPress object cache cleared
[2026-04-01 14:53:29] Starting AutoPurge cache clearing for action [post_updated]... [{
    "code": "SUCCESS"
}]
[2026-04-01 14:53:29] Directory for {
    "code": "SUCCESS"
} not found. No cache to purge
[2026-04-01 14:53:29] Clearing cache for 4 taxonomy and pagination URLs
[2026-04-01 14:53:29] Compatible cache found : starting server cache purge on Varnish
[2026-04-01 14:53:29] WordPress object cache cleared
[2026-04-01 14:53:32] Starting AutoPurge cache clearing for action [post_updated]... [https://uptech-group.com/blog/pourquoi-up-tech-group-vision/]
[2026-04-01 14:53:32] Directory for https://uptech-group.com/blog/pourquoi-up-tech-group-vision/ not found. No cache to purge
[2026-04-01 14:53:32] Clearing cache for 4 taxonomy and pagination URLs
[2026-04-01 14:53:32] Compatible cache found : starting server cache purge on Varnish
[2026-04-01 14:53:32] WordPress object cache cleared
[2026-04-01 14:53:32] Starting AutoPurge cache clearing for action [post_updated]... [{
    "code": "SUCCESS"
}]
[2026-04-01 14:53:32] Directory for {
    "code": "SUCCESS"
} not found. No cache to purge
[2026-04-01 14:53:32] Clearing cache for 4 taxonomy and pagination URLs
[2026-04-01 14:53:32] Compatible cache found : starting server cache purge on Varnish
[2026-04-01 14:53:32] WordPress object cache cleared
[2026-04-01 14:53:32] Starting AutoPurge cache clearing for action [post_updated]... [https://uptech-group.com/blog/pourquoi-up-tech-group-vision/]
[2026-04-01 14:53:32] Directory for https://uptech-group.com/blog/pourquoi-up-tech-group-vision/ not found. No cache to purge
[2026-04-01 14:53:32] Clearing cache for 4 taxonomy and pagination URLs
[2026-04-01 14:53:32] Compatible cache found : starting server cache purge on Varnish
[2026-04-01 14:53:32] WordPress object cache cleared
[2026-04-01 14:53:32] Starting AutoPurge cache clearing for action [post_updated]... [{
    "code": "SUCCESS"
}]
[2026-04-01 14:53:32] Directory for {
    "code": "SUCCESS"
} not found. No cache to purge
[2026-04-01 14:53:32] Clearing cache for 4 taxonomy and pagination URLs
[2026-04-01 14:53:32] Compatible cache found : starting server cache purge on Varnish
[2026-04-01 14:53:32] WordPress object cache cleared
[2026-04-01 14:58:15] Starting AutoPurge cache clearing for action [post_updated]... [https://uptech-group.com/blog/?p=2765]
[2026-04-01 14:58:15] Directory for https://uptech-group.com/blog/?p=2765 not found. No cache to purge
[2026-04-01 14:58:15] Directory for https://uptech-group.com/blog/?p=2765 not found. No cache to purge
[2026-04-01 14:58:15] Removed cache files from main desktop cache (/home/c2761235c/public_html/blog/wp-content/cache/lwsoptimize/cache/blog)
[2026-04-01 14:58:15] Clearing cache for 4 taxonomy and pagination URLs
[2026-04-01 14:58:15] Compatible cache found : starting server cache purge on Varnish
[2026-04-01 14:58:15] WordPress object cache cleared
[2026-04-01 14:58:15] Starting AutoPurge cache clearing for action [post_updated]... [{
    "code": "SUCCESS"
}]
[2026-04-01 14:58:15] Directory for {
    "code": "SUCCESS"
} not found. No cache to purge
[2026-04-01 14:58:15] Clearing cache for 4 taxonomy and pagination URLs
[2026-04-01 14:58:15] Compatible cache found : starting server cache purge on Varnish
[2026-04-01 14:58:15] WordPress object cache cleared
[2026-04-01 14:58:15] Starting AutoPurge cache clearing for action [post_updated]... [https://uptech-group.com/blog/?p=2765]
[2026-04-01 14:58:15] Directory for https://uptech-group.com/blog/?p=2765 not found. No cache to purge
[2026-04-01 14:58:15] Directory for https://uptech-group.com/blog/?p=2765 not found. No cache to purge
[2026-04-01 14:58:15] Clearing cache for 4 taxonomy and pagination URLs
[2026-04-01 14:58:15] Compatible cache found : starting server cache purge on Varnish
[2026-04-01 14:58:15] WordPress object cache cleared
[2026-04-01 14:58:15] Starting AutoPurge cache clearing for action [post_updated]... [{
    "code": "SUCCESS"
}]
[2026-04-01 14:58:15] Directory for {
    "code": "SUCCESS"
} not found. No cache to purge
[2026-04-01 14:58:15] Clearing cache for 4 taxonomy and pagination URLs
[2026-04-01 14:58:15] Compatible cache found : starting server cache purge on Varnish
[2026-04-01 14:58:15] WordPress object cache cleared
[2026-04-01 15:00:16] Starting AutoPurge cache clearing for action [post_updated]... [https://uptech-group.com/blog/?p=2765]
[2026-04-01 15:00:16] Directory for https://uptech-group.com/blog/?p=2765 not found. No cache to purge
[2026-04-01 15:00:16] Directory for https://uptech-group.com/blog/?p=2765 not found. No cache to purge
[2026-04-01 15:00:16] Clearing cache for 4 taxonomy and pagination URLs
[2026-04-01 15:00:16] Compatible cache found : starting server cache purge on Varnish
[2026-04-01 15:00:16] WordPress object cache cleared
[2026-04-01 15:00:16] Starting AutoPurge cache clearing for action [post_updated]... [{
    "code": "SUCCESS"
}]
[2026-04-01 15:00:16] Directory for {
    "code": "SUCCESS"
} not found. No cache to purge
[2026-04-01 15:00:16] Clearing cache for 4 taxonomy and pagination URLs
[2026-04-01 15:00:16] Compatible cache found : starting server cache purge on Varnish
[2026-04-01 15:00:16] WordPress object cache cleared
[2026-04-01 15:00:16] Starting AutoPurge cache clearing for action [post_updated]... [https://uptech-group.com/blog/?p=2765]
[2026-04-01 15:00:16] Directory for https://uptech-group.com/blog/?p=2765 not found. No cache to purge
[2026-04-01 15:00:16] Directory for https://uptech-group.com/blog/?p=2765 not found. No cache to purge
[2026-04-01 15:00:16] Clearing cache for 4 taxonomy and pagination URLs
[2026-04-01 15:00:16] Compatible cache found : starting server cache purge on Varnish
[2026-04-01 15:00:16] WordPress object cache cleared
[2026-04-01 15:00:16] Starting AutoPurge cache clearing for action [post_updated]... [{
    "code": "SUCCESS"
}]
[2026-04-01 15:00:16] Directory for {
    "code": "SUCCESS"
} not found. No cache to purge
[2026-04-01 15:00:16] Clearing cache for 4 taxonomy and pagination URLs
[2026-04-01 15:00:16] Compatible cache found : starting server cache purge on Varnish
[2026-04-01 15:00:16] WordPress object cache cleared
[2026-04-01 15:01:51] Starting AutoPurge cache clearing for action [post_updated]... [https://uptech-group.com/blog/pourquoi-up-tech-group-vision/]
[2026-04-01 15:01:51] Directory for https://uptech-group.com/blog/pourquoi-up-tech-group-vision/ not found. No cache to purge
[2026-04-01 15:01:51] Removed cache files from desktop specific cache (/home/c2761235c/public_html/blog/wp-content/cache/lwsoptimize/cache//blog/pourquoi-up-tech-group-vision/)
[2026-04-01 15:01:51] Clearing cache for 4 taxonomy and pagination URLs
[2026-04-01 15:01:51] Compatible cache found : starting server cache purge on Varnish
[2026-04-01 15:01:51] WordPress object cache cleared
[2026-04-01 15:01:51] Starting AutoPurge cache clearing for action [post_updated]... [{
    "code": "SUCCESS"
}]
[2026-04-01 15:01:51] Directory for {
    "code": "SUCCESS"
} not found. No cache to purge
[2026-04-01 15:01:51] Clearing cache for 4 taxonomy and pagination URLs
[2026-04-01 15:01:51] Compatible cache found : starting server cache purge on Varnish
[2026-04-01 15:01:51] WordPress object cache cleared
[2026-04-01 15:01:51] Starting AutoPurge cache clearing for action [post_updated]... [https://uptech-group.com/blog/pourquoi-up-tech-group-vision/]
[2026-04-01 15:01:51] Directory for https://uptech-group.com/blog/pourquoi-up-tech-group-vision/ not found. No cache to purge
[2026-04-01 15:01:51] Clearing cache for 4 taxonomy and pagination URLs
[2026-04-01 15:01:51] Compatible cache found : starting server cache purge on Varnish
[2026-04-01 15:01:51] WordPress object cache cleared
[2026-04-01 15:01:51] Starting AutoPurge cache clearing for action [post_updated]... [{
    "code": "SUCCESS"
}]
[2026-04-01 15:01:51] Directory for {
    "code": "SUCCESS"
} not found. No cache to purge
[2026-04-01 15:01:51] Clearing cache for 4 taxonomy and pagination URLs
[2026-04-01 15:01:51] Compatible cache found : starting server cache purge on Varnish
[2026-04-01 15:01:51] WordPress object cache cleared
[2026-04-01 15:01:52] Starting AutoPurge cache clearing for action [post_updated]... [https://uptech-group.com/blog/pourquoi-up-tech-group-vision/]
[2026-04-01 15:01:52] Directory for https://uptech-group.com/blog/pourquoi-up-tech-group-vision/ not found. No cache to purge
[2026-04-01 15:01:52] Removed cache files from main desktop cache (/home/c2761235c/public_html/blog/wp-content/cache/lwsoptimize/cache/blog)
[2026-04-01 15:01:52] Clearing cache for 4 taxonomy and pagination URLs
[2026-04-01 15:01:52] Compatible cache found : starting server cache purge on Varnish
[2026-04-01 15:01:52] WordPress object cache cleared
[2026-04-01 15:01:52] Starting AutoPurge cache clearing for action [post_updated]... [{
    "code": "SUCCESS"
}]
[2026-04-01 15:01:52] Directory for {
    "code": "SUCCESS"
} not found. No cache to purge
[2026-04-01 15:01:52] Clearing cache for 4 taxonomy and pagination URLs
[2026-04-01 15:01:52] Compatible cache found : starting server cache purge on Varnish
[2026-04-01 15:01:52] WordPress object cache cleared
[2026-04-01 15:01:52] Starting AutoPurge cache clearing for action [post_updated]... [https://uptech-group.com/blog/pourquoi-up-tech-group-vision/]
[2026-04-01 15:01:52] Directory for https://uptech-group.com/blog/pourquoi-up-tech-group-vision/ not found. No cache to purge
[2026-04-01 15:01:52] Clearing cache for 4 taxonomy and pagination URLs
[2026-04-01 15:01:52] Compatible cache found : starting server cache purge on Varnish
[2026-04-01 15:01:52] WordPress object cache cleared
[2026-04-01 15:01:52] Starting AutoPurge cache clearing for action [post_updated]... [{
    "code": "SUCCESS"
}]
[2026-04-01 15:01:52] Directory for {
    "code": "SUCCESS"
} not found. No cache to purge
[2026-04-01 15:01:52] Clearing cache for 4 taxonomy and pagination URLs
[2026-04-01 15:01:52] Compatible cache found : starting server cache purge on Varnish
[2026-04-01 15:01:52] WordPress object cache cleared
[2026-04-01 15:01:55] Starting AutoPurge cache clearing for action [deleted_post]... [https://uptech-group.com/blog/2745-autosave-v1]
[2026-04-01 15:01:55] Directory for https://uptech-group.com/blog/2745-autosave-v1 not found. No cache to purge
[2026-04-01 15:01:55] Directory for https://uptech-group.com/blog/2745-autosave-v1 not found. No cache to purge
[2026-04-01 15:01:55] Removed cache files from main desktop cache (/home/c2761235c/public_html/blog/wp-content/cache/lwsoptimize/cache/blog)
[2026-04-01 15:01:55] Clearing cache for 4 taxonomy and pagination URLs
[2026-04-01 15:01:56] Compatible cache found : starting server cache purge on Varnish
[2026-04-01 15:01:56] WordPress object cache cleared
[2026-04-01 15:01:56] Starting AutoPurge cache clearing for action [deleted_post]... [{
    "code": "SUCCESS"
}]
[2026-04-01 15:01:56] Directory for {
    "code": "SUCCESS"
} not found. No cache to purge
[2026-04-01 15:01:56] Clearing cache for 4 taxonomy and pagination URLs
[2026-04-01 15:01:56] Compatible cache found : starting server cache purge on Varnish
[2026-04-01 15:01:56] WordPress object cache cleared
[2026-04-01 15:04:57] Starting AutoPurge cache clearing for action [post_updated]... [https://uptech-group.com/blog/pourquoi-up-tech-group-vision/]
[2026-04-01 15:04:57] Directory for https://uptech-group.com/blog/pourquoi-up-tech-group-vision/ not found. No cache to purge
[2026-04-01 15:04:57] Removed cache files from main desktop cache (/home/c2761235c/public_html/blog/wp-content/cache/lwsoptimize/cache/blog)
[2026-04-01 15:04:57] Clearing cache for 4 taxonomy and pagination URLs
[2026-04-01 15:04:57] Compatible cache found : starting server cache purge on Varnish
[2026-04-01 15:04:57] WordPress object cache cleared
[2026-04-01 15:04:57] Starting AutoPurge cache clearing for action [post_updated]... [{
    "code": "SUCCESS"
}]
[2026-04-01 15:04:57] Directory for {
    "code": "SUCCESS"
} not found. No cache to purge
[2026-04-01 15:04:57] Clearing cache for 4 taxonomy and pagination URLs
[2026-04-01 15:04:57] Compatible cache found : starting server cache purge on Varnish
[2026-04-01 15:04:57] WordPress object cache cleared
[2026-04-01 15:04:57] Starting AutoPurge cache clearing for action [post_updated]... [https://uptech-group.com/blog/pourquoi-up-tech-group-vision/]
[2026-04-01 15:04:57] Directory for https://uptech-group.com/blog/pourquoi-up-tech-group-vision/ not found. No cache to purge
[2026-04-01 15:04:57] Clearing cache for 4 taxonomy and pagination URLs
[2026-04-01 15:04:57] Compatible cache found : starting server cache purge on Varnish
[2026-04-01 15:04:57] WordPress object cache cleared
[2026-04-01 15:04:57] Starting AutoPurge cache clearing for action [post_updated]... [{
    "code": "SUCCESS"
}]
[2026-04-01 15:04:57] Directory for {
    "code": "SUCCESS"
} not found. No cache to purge
[2026-04-01 15:04:57] Clearing cache for 4 taxonomy and pagination URLs
[2026-04-01 15:04:57] Compatible cache found : starting server cache purge on Varnish
[2026-04-01 15:04:57] WordPress object cache cleared
[2026-04-01 15:05:00] Starting AutoPurge cache clearing for action [post_updated]... [https://uptech-group.com/blog/pourquoi-up-tech-group-vision/]
[2026-04-01 15:05:00] Directory for https://uptech-group.com/blog/pourquoi-up-tech-group-vision/ not found. No cache to purge
[2026-04-01 15:05:00] Clearing cache for 4 taxonomy and pagination URLs
[2026-04-01 15:05:00] Compatible cache found : starting server cache purge on Varnish
[2026-04-01 15:05:00] WordPress object cache cleared
[2026-04-01 15:05:00] Starting AutoPurge cache clearing for action [post_updated]... [{
    "code": "SUCCESS"
}]
[2026-04-01 15:05:00] Directory for {
    "code": "SUCCESS"
} not found. No cache to purge
[2026-04-01 15:05:00] Clearing cache for 4 taxonomy and pagination URLs
[2026-04-01 15:05:00] Compatible cache found : starting server cache purge on Varnish
[2026-04-01 15:05:00] WordPress object cache cleared
[2026-04-01 15:05:00] Starting AutoPurge cache clearing for action [post_updated]... [https://uptech-group.com/blog/pourquoi-up-tech-group-vision/]
[2026-04-01 15:05:00] Directory for https://uptech-group.com/blog/pourquoi-up-tech-group-vision/ not found. No cache to purge
[2026-04-01 15:05:00] Clearing cache for 4 taxonomy and pagination URLs
[2026-04-01 15:05:00] Compatible cache found : starting server cache purge on Varnish
[2026-04-01 15:05:00] WordPress object cache cleared
[2026-04-01 15:05:00] Starting AutoPurge cache clearing for action [post_updated]... [{
    "code": "SUCCESS"
}]
[2026-04-01 15:05:00] Directory for {
    "code": "SUCCESS"
} not found. No cache to purge
[2026-04-01 15:05:00] Clearing cache for 4 taxonomy and pagination URLs
[2026-04-01 15:05:00] Compatible cache found : starting server cache purge on Varnish
[2026-04-01 15:05:00] WordPress object cache cleared
[2026-04-01 15:47:55] Starting [FULL] cache clearing for action [customize_save_after]...
[2026-04-01 15:47:55] Compatible cache found : starting server cache purge on Varnish
[2026-04-01 15:47:55] Restarting preload process after cache purge...
[2026-04-01 15:47:55] WordPress object cache cleared
[2026-04-01 15:47:55] Starting [FULL] cache clearing for action [{
    "code": "SUCCESS"
}]...
[2026-04-01 15:47:55] Compatible cache found : starting server cache purge on Varnish
[2026-04-01 15:47:55] Restarting preload process after cache purge...
[2026-04-01 15:47:55] WordPress object cache cleared
[2026-04-01 15:47:55] Starting [FULL] cache clearing for action [customize_save_after]...
[2026-04-01 15:47:55] Compatible cache found : starting server cache purge on Varnish
[2026-04-01 15:47:55] Restarting preload process after cache purge...
[2026-04-01 15:47:55] WordPress object cache cleared
[2026-04-01 15:47:55] Starting [FULL] cache clearing for action [{
    "code": "SUCCESS"
}]...
[2026-04-01 15:47:55] Compatible cache found : starting server cache purge on Varnish
[2026-04-01 15:47:55] Restarting preload process after cache purge...
[2026-04-01 15:47:55] WordPress object cache cleared
[2026-04-01 15:47:57] Starting AutoPurge cache clearing for action [trashed_post]... [https://uptech-group.com/blog/11d0239e-04f5-403b-8525-edfedff0a641]
[2026-04-01 15:47:57] Directory for https://uptech-group.com/blog/11d0239e-04f5-403b-8525-edfedff0a641 not found. No cache to purge
[2026-04-01 15:47:57] Directory for https://uptech-group.com/blog/11d0239e-04f5-403b-8525-edfedff0a641 not found. No cache to purge
[2026-04-01 15:47:57] Clearing cache for 4 taxonomy and pagination URLs
[2026-04-01 15:47:57] Compatible cache found : starting server cache purge on Varnish
[2026-04-01 15:47:57] WordPress object cache cleared
[2026-04-01 15:47:57] Starting AutoPurge cache clearing for action [trashed_post]... [{
    "code": "SUCCESS"
}]
[2026-04-01 15:47:57] Directory for {
    "code": "SUCCESS"
} not found. No cache to purge
[2026-04-01 15:47:57] Directory for {
    "code": "SUCCESS"
} not found. No cache to purge
[2026-04-01 15:47:57] Clearing cache for 4 taxonomy and pagination URLs
[2026-04-01 15:47:57] Compatible cache found : starting server cache purge on Varnish
[2026-04-01 15:47:57] WordPress object cache cleared
[2026-04-01 15:47:57] Starting AutoPurge cache clearing for action [trashed_post]... [https://uptech-group.com/blog/11d0239e-04f5-403b-8525-edfedff0a641]
[2026-04-01 15:47:57] Directory for https://uptech-group.com/blog/11d0239e-04f5-403b-8525-edfedff0a641 not found. No cache to purge
[2026-04-01 15:47:57] Directory for https://uptech-group.com/blog/11d0239e-04f5-403b-8525-edfedff0a641 not found. No cache to purge
[2026-04-01 15:47:57] Clearing cache for 4 taxonomy and pagination URLs
[2026-04-01 15:47:57] Compatible cache found : starting server cache purge on Varnish
[2026-04-01 15:47:57] WordPress object cache cleared
[2026-04-01 15:47:57] Starting AutoPurge cache clearing for action [trashed_post]... [{
    "code": "SUCCESS"
}]
[2026-04-01 15:47:57] Directory for {
    "code": "SUCCESS"
} not found. No cache to purge
[2026-04-01 15:47:57] Directory for {
    "code": "SUCCESS"
} not found. No cache to purge
[2026-04-01 15:47:57] Clearing cache for 4 taxonomy and pagination URLs
[2026-04-01 15:47:57] Compatible cache found : starting server cache purge on Varnish
[2026-04-01 15:47:57] WordPress object cache cleared
[2026-04-02 06:32:04] Starting AutoPurge cache clearing for action [post_updated]... [https://uptech-group.com/blog/]
[2026-04-02 06:32:04] Removed cache files from mobile specific cache (/home/c2761235c/public_html/blog/wp-content/cache/lwsoptimize/cache-mobile//blog/)
[2026-04-02 06:32:04] Removed cache files from desktop specific cache (/home/c2761235c/public_html/blog/wp-content/cache/lwsoptimize/cache//blog/)
[2026-04-02 06:32:04] Clearing cache for 4 taxonomy and pagination URLs
[2026-04-02 06:32:04] Compatible cache found : starting server cache purge on Varnish
[2026-04-02 06:32:04] WordPress object cache cleared
[2026-04-02 06:32:04] Starting AutoPurge cache clearing for action [post_updated]... [{
    "code": "SUCCESS"
}]
[2026-04-02 06:32:04] Clearing cache for 4 taxonomy and pagination URLs
[2026-04-02 06:32:04] Compatible cache found : starting server cache purge on Varnish
[2026-04-02 06:32:04] WordPress object cache cleared
[2026-04-02 06:32:04] Starting AutoPurge cache clearing for action [post_updated]... [https://uptech-group.com/blog/]
[2026-04-02 06:32:04] Clearing cache for 4 taxonomy and pagination URLs
[2026-04-02 06:32:04] Compatible cache found : starting server cache purge on Varnish
[2026-04-02 06:32:04] WordPress object cache cleared
[2026-04-02 06:32:04] Starting AutoPurge cache clearing for action [post_updated]... [{
    "code": "SUCCESS"
}]
[2026-04-02 06:32:04] Clearing cache for 4 taxonomy and pagination URLs
[2026-04-02 06:32:04] Compatible cache found : starting server cache purge on Varnish
[2026-04-02 06:32:04] WordPress object cache cleared
[2026-04-02 06:32:08] Starting AutoPurge cache clearing for action [post_updated]... [https://uptech-group.com/blog/]
[2026-04-02 06:32:08] Clearing cache for 4 taxonomy and pagination URLs
[2026-04-02 06:32:08] Compatible cache found : starting server cache purge on Varnish
[2026-04-02 06:32:08] WordPress object cache cleared
[2026-04-02 06:32:08] Starting AutoPurge cache clearing for action [post_updated]... [{
    "code": "SUCCESS"
}]
[2026-04-02 06:32:08] Clearing cache for 4 taxonomy and pagination URLs
[2026-04-02 06:32:08] Compatible cache found : starting server cache purge on Varnish
[2026-04-02 06:32:08] WordPress object cache cleared
[2026-04-02 06:32:08] Starting AutoPurge cache clearing for action [post_updated]... [https://uptech-group.com/blog/]
[2026-04-02 06:32:08] Clearing cache for 4 taxonomy and pagination URLs
[2026-04-02 06:32:08] Compatible cache found : starting server cache purge on Varnish
[2026-04-02 06:32:08] WordPress object cache cleared
[2026-04-02 06:32:08] Starting AutoPurge cache clearing for action [post_updated]... [{
    "code": "SUCCESS"
}]
[2026-04-02 06:32:08] Clearing cache for 4 taxonomy and pagination URLs
[2026-04-02 06:32:08] Compatible cache found : starting server cache purge on Varnish
[2026-04-02 06:32:08] WordPress object cache cleared
[2026-04-02 06:32:20] Removed cache on demand
[2026-04-02 06:32:20] Restarting preload process after cache purge...
[2026-04-02 06:38:03] Starting [FULL] cache clearing for action [customize_save_after]...
[2026-04-02 06:38:03] Compatible cache found : starting server cache purge on Varnish
[2026-04-02 06:38:03] Restarting preload process after cache purge...
[2026-04-02 06:38:03] WordPress object cache cleared
[2026-04-02 06:38:03] Starting [FULL] cache clearing for action [{
    "code": "SUCCESS"
}]...
[2026-04-02 06:38:04] Compatible cache found : starting server cache purge on Varnish
[2026-04-02 06:38:04] Restarting preload process after cache purge...
[2026-04-02 06:38:04] WordPress object cache cleared
[2026-04-02 06:38:04] Starting [FULL] cache clearing for action [customize_save_after]...
[2026-04-02 06:38:04] Compatible cache found : starting server cache purge on Varnish
[2026-04-02 06:38:04] Restarting preload process after cache purge...
[2026-04-02 06:38:04] WordPress object cache cleared
[2026-04-02 06:38:04] Starting [FULL] cache clearing for action [{
    "code": "SUCCESS"
}]...
[2026-04-02 06:38:04] Compatible cache found : starting server cache purge on Varnish
[2026-04-02 06:38:04] Restarting preload process after cache purge...
[2026-04-02 06:38:04] WordPress object cache cleared
[2026-04-02 06:38:04] Starting AutoPurge cache clearing for action [trashed_post]... [https://uptech-group.com/blog/e820c313-cb35-4b9a-8ec2-45b57ca02fdb]
[2026-04-02 06:38:04] Directory for https://uptech-group.com/blog/e820c313-cb35-4b9a-8ec2-45b57ca02fdb not found. No cache to purge
[2026-04-02 06:38:04] Directory for https://uptech-group.com/blog/e820c313-cb35-4b9a-8ec2-45b57ca02fdb not found. No cache to purge
[2026-04-02 06:38:04] Clearing cache for 4 taxonomy and pagination URLs
[2026-04-02 06:38:04] Compatible cache found : starting server cache purge on Varnish
[2026-04-02 06:38:04] WordPress object cache cleared
[2026-04-02 06:38:04] Starting AutoPurge cache clearing for action [trashed_post]... [{
    "code": "SUCCESS"
}]
[2026-04-02 06:38:04] Directory for {
    "code": "SUCCESS"
} not found. No cache to purge
[2026-04-02 06:38:04] Directory for {
    "code": "SUCCESS"
} not found. No cache to purge
[2026-04-02 06:38:04] Clearing cache for 4 taxonomy and pagination URLs
[2026-04-02 06:38:04] Compatible cache found : starting server cache purge on Varnish
[2026-04-02 06:38:04] WordPress object cache cleared
[2026-04-02 06:38:04] Starting AutoPurge cache clearing for action [trashed_post]... [https://uptech-group.com/blog/e820c313-cb35-4b9a-8ec2-45b57ca02fdb]
[2026-04-02 06:38:04] Directory for https://uptech-group.com/blog/e820c313-cb35-4b9a-8ec2-45b57ca02fdb not found. No cache to purge
[2026-04-02 06:38:04] Directory for https://uptech-group.com/blog/e820c313-cb35-4b9a-8ec2-45b57ca02fdb not found. No cache to purge
[2026-04-02 06:38:04] Clearing cache for 4 taxonomy and pagination URLs
[2026-04-02 06:38:04] Compatible cache found : starting server cache purge on Varnish
[2026-04-02 06:38:04] WordPress object cache cleared
[2026-04-02 06:38:04] Starting AutoPurge cache clearing for action [trashed_post]... [{
    "code": "SUCCESS"
}]
[2026-04-02 06:38:04] Directory for {
    "code": "SUCCESS"
} not found. No cache to purge
[2026-04-02 06:38:04] Directory for {
    "code": "SUCCESS"
} not found. No cache to purge
[2026-04-02 06:38:04] Clearing cache for 4 taxonomy and pagination URLs
[2026-04-02 06:38:04] Compatible cache found : starting server cache purge on Varnish
[2026-04-02 06:38:04] WordPress object cache cleared
[2026-04-02 06:38:04] Starting AutoPurge cache clearing for action [post_updated]... [https://uptech-group.com/blog/?p=2770]
[2026-04-02 06:38:04] Directory for https://uptech-group.com/blog/?p=2770 not found. No cache to purge
[2026-04-02 06:38:04] Directory for https://uptech-group.com/blog/?p=2770 not found. No cache to purge
[2026-04-02 06:38:04] Clearing cache for 4 taxonomy and pagination URLs
[2026-04-02 06:38:04] Compatible cache found : starting server cache purge on Varnish
[2026-04-02 06:38:04] WordPress object cache cleared
[2026-04-02 06:38:04] Starting AutoPurge cache clearing for action [post_updated]... [{
    "code": "SUCCESS"
}]
[2026-04-02 06:38:04] Directory for {
    "code": "SUCCESS"
} not found. No cache to purge
[2026-04-02 06:38:04] Directory for {
    "code": "SUCCESS"
} not found. No cache to purge
[2026-04-02 06:38:04] Clearing cache for 4 taxonomy and pagination URLs
[2026-04-02 06:38:04] Compatible cache found : starting server cache purge on Varnish
[2026-04-02 06:38:04] WordPress object cache cleared
[2026-04-02 06:38:04] Starting AutoPurge cache clearing for action [post_updated]... [https://uptech-group.com/blog/?p=2770]
[2026-04-02 06:38:04] Directory for https://uptech-group.com/blog/?p=2770 not found. No cache to purge
[2026-04-02 06:38:04] Directory for https://uptech-group.com/blog/?p=2770 not found. No cache to purge
[2026-04-02 06:38:04] Clearing cache for 4 taxonomy and pagination URLs
[2026-04-02 06:38:05] Compatible cache found : starting server cache purge on Varnish
[2026-04-02 06:38:05] WordPress object cache cleared
[2026-04-02 06:38:05] Starting AutoPurge cache clearing for action [post_updated]... [{
    "code": "SUCCESS"
}]
[2026-04-02 06:38:05] Directory for {
    "code": "SUCCESS"
} not found. No cache to purge
[2026-04-02 06:38:05] Directory for {
    "code": "SUCCESS"
} not found. No cache to purge
[2026-04-02 06:38:05] Clearing cache for 4 taxonomy and pagination URLs
[2026-04-02 06:38:05] Compatible cache found : starting server cache purge on Varnish
[2026-04-02 06:38:05] WordPress object cache cleared
[2026-04-08 12:57:16] Starting AutoPurge cache clearing for action [deleted_post]... [https://uptech-group.com/blog/]
[2026-04-08 12:57:16] Removed cache files from mobile specific cache (/home/c2761235c/public_html/blog/wp-content/cache/lwsoptimize/cache-mobile//blog/)
[2026-04-08 12:57:16] Removed cache files from desktop specific cache (/home/c2761235c/public_html/blog/wp-content/cache/lwsoptimize/cache//blog/)
[2026-04-08 12:57:16] Clearing cache for 4 taxonomy and pagination URLs
[2026-04-08 12:57:16] Compatible cache found : starting server cache purge on Varnish
[2026-04-08 12:57:16] WordPress object cache cleared
[2026-04-08 12:57:16] Starting AutoPurge cache clearing for action [deleted_post]... [{
    "code": "SUCCESS"
}]
[2026-04-08 12:57:16] Clearing cache for 4 taxonomy and pagination URLs
[2026-04-08 12:57:16] Compatible cache found : starting server cache purge on Varnish
[2026-04-08 12:57:16] WordPress object cache cleared
[2026-04-08 12:57:16] Starting AutoPurge cache clearing for action [deleted_post]... [https://uptech-group.com/blog/]
[2026-04-08 12:57:16] Clearing cache for 4 taxonomy and pagination URLs
[2026-04-08 12:57:16] Compatible cache found : starting server cache purge on Varnish
[2026-04-08 12:57:16] WordPress object cache cleared
[2026-04-08 12:57:16] Starting AutoPurge cache clearing for action [deleted_post]... [{
    "code": "SUCCESS"
}]
[2026-04-08 12:57:16] Clearing cache for 4 taxonomy and pagination URLs
[2026-04-08 12:57:16] Compatible cache found : starting server cache purge on Varnish
[2026-04-08 12:57:16] WordPress object cache cleared
[2026-04-08 12:57:17] Starting AutoPurge cache clearing for action [deleted_post]... [https://uptech-group.com/blog/]
[2026-04-08 12:57:17] Clearing cache for 4 taxonomy and pagination URLs
[2026-04-08 12:57:17] Compatible cache found : starting server cache purge on Varnish
[2026-04-08 12:57:17] WordPress object cache cleared
[2026-04-08 12:57:17] Starting AutoPurge cache clearing for action [deleted_post]... [{
    "code": "SUCCESS"
}]
[2026-04-08 12:57:17] Clearing cache for 4 taxonomy and pagination URLs
[2026-04-08 12:57:17] Compatible cache found : starting server cache purge on Varnish
[2026-04-08 12:57:17] WordPress object cache cleared
[2026-04-09 13:13:41] Starting AutoPurge cache clearing for action [deleted_post]... [https://uptech-group.com/blog/174a9805-f470-4569-9b4b-695a2ff41119]
[2026-04-09 13:13:41] Directory for https://uptech-group.com/blog/174a9805-f470-4569-9b4b-695a2ff41119 not found. No cache to purge
[2026-04-09 13:13:41] Directory for https://uptech-group.com/blog/174a9805-f470-4569-9b4b-695a2ff41119 not found. No cache to purge
[2026-04-09 13:13:41] Removed cache files from main desktop cache (/home/c2761235c/public_html/blog/wp-content/cache/lwsoptimize/cache/blog)
[2026-04-09 13:13:41] Removed cache files from main mobile cache (/home/c2761235c/public_html/blog/wp-content/cache/lwsoptimize/cache-mobile/blog)
[2026-04-09 13:13:41] Clearing cache for 4 taxonomy and pagination URLs
[2026-04-09 13:13:41] Compatible cache found : starting server cache purge on Varnish
[2026-04-09 13:13:41] WordPress object cache cleared
[2026-04-09 13:13:41] Starting AutoPurge cache clearing for action [deleted_post]... [{
    "code": "SUCCESS"
}]
[2026-04-09 13:13:41] Clearing cache for 4 taxonomy and pagination URLs
[2026-04-09 13:13:41] Compatible cache found : starting server cache purge on Varnish
[2026-04-09 13:13:41] WordPress object cache cleared
[2026-05-01 16:47:17] Starting AutoPurge cache clearing for action [deleted_post]... [https://uptech-group.com/blog/a784c557-4de9-4c3f-938f-4dd31402add0]
[2026-05-01 16:47:17] Directory for https://uptech-group.com/blog/a784c557-4de9-4c3f-938f-4dd31402add0 not found. No cache to purge
[2026-05-01 16:47:17] Directory for https://uptech-group.com/blog/a784c557-4de9-4c3f-938f-4dd31402add0 not found. No cache to purge
[2026-05-01 16:47:17] Removed cache files from main desktop cache (/home/c2761235c/public_html/blog/wp-content/cache/lwsoptimize/cache/blog)
[2026-05-01 16:47:17] Removed cache files from main mobile cache (/home/c2761235c/public_html/blog/wp-content/cache/lwsoptimize/cache-mobile/blog)
[2026-05-01 16:47:17] Clearing cache for 4 taxonomy and pagination URLs
[2026-05-01 16:47:17] Compatible cache found : starting server cache purge on Varnish
[2026-05-01 16:47:17] WordPress object cache cleared
[2026-05-01 16:47:17] Starting AutoPurge cache clearing for action [deleted_post]... [{
    "code": "SUCCESS"
}]
[2026-05-01 16:47:17] Clearing cache for 4 taxonomy and pagination URLs
[2026-05-01 16:47:17] Compatible cache found : starting server cache purge on Varnish
[2026-05-01 16:47:17] WordPress object cache cleared
[2026-05-01 16:47:17] Starting AutoPurge cache clearing for action [deleted_post]... [https://uptech-group.com/blog/b0604a97-a599-4ba5-838e-d92c43fd2707]
[2026-05-01 16:47:17] Directory for https://uptech-group.com/blog/b0604a97-a599-4ba5-838e-d92c43fd2707 not found. No cache to purge
[2026-05-01 16:47:17] Directory for https://uptech-group.com/blog/b0604a97-a599-4ba5-838e-d92c43fd2707 not found. No cache to purge
[2026-05-01 16:47:17] Clearing cache for 4 taxonomy and pagination URLs
[2026-05-01 16:47:17] Compatible cache found : starting server cache purge on Varnish
[2026-05-01 16:47:17] WordPress object cache cleared
[2026-05-01 16:47:17] Starting AutoPurge cache clearing for action [deleted_post]... [{
    "code": "SUCCESS"
}]
[2026-05-01 16:47:17] Clearing cache for 4 taxonomy and pagination URLs
[2026-05-01 16:47:17] Compatible cache found : starting server cache purge on Varnish
[2026-05-01 16:47:17] WordPress object cache cleared
[2026-05-01 16:47:17] Starting AutoPurge cache clearing for action [deleted_post]... [https://uptech-group.com/blog/90d5e92e-cc2c-4edf-b5ad-f37c7b0d8ef3]
[2026-05-01 16:47:17] Directory for https://uptech-group.com/blog/90d5e92e-cc2c-4edf-b5ad-f37c7b0d8ef3 not found. No cache to purge
[2026-05-01 16:47:17] Directory for https://uptech-group.com/blog/90d5e92e-cc2c-4edf-b5ad-f37c7b0d8ef3 not found. No cache to purge
[2026-05-01 16:47:17] Clearing cache for 4 taxonomy and pagination URLs
[2026-05-01 16:47:17] Compatible cache found : starting server cache purge on Varnish
[2026-05-01 16:47:17] WordPress object cache cleared
[2026-05-01 16:47:17] Starting AutoPurge cache clearing for action [deleted_post]... [{
    "code": "SUCCESS"
}]
[2026-05-01 16:47:17] Clearing cache for 4 taxonomy and pagination URLs
[2026-05-01 16:47:17] Compatible cache found : starting server cache purge on Varnish
[2026-05-01 16:47:17] WordPress object cache cleared
[2026-05-01 16:47:17] Starting AutoPurge cache clearing for action [deleted_post]... [https://uptech-group.com/blog/efc0749b-c280-4bdc-bee3-57ceb75cfadd]
[2026-05-01 16:47:17] Directory for https://uptech-group.com/blog/efc0749b-c280-4bdc-bee3-57ceb75cfadd not found. No cache to purge
[2026-05-01 16:47:17] Directory for https://uptech-group.com/blog/efc0749b-c280-4bdc-bee3-57ceb75cfadd not found. No cache to purge
[2026-05-01 16:47:17] Clearing cache for 4 taxonomy and pagination URLs
[2026-05-01 16:47:17] Compatible cache found : starting server cache purge on Varnish
[2026-05-01 16:47:17] WordPress object cache cleared
[2026-05-01 16:47:17] Starting AutoPurge cache clearing for action [deleted_post]... [{
    "code": "SUCCESS"
}]
[2026-05-01 16:47:17] Clearing cache for 4 taxonomy and pagination URLs
[2026-05-01 16:47:17] Compatible cache found : starting server cache purge on Varnish
[2026-05-01 16:47:17] WordPress object cache cleared
[2026-05-01 16:47:17] Starting AutoPurge cache clearing for action [deleted_post]... [https://uptech-group.com/blog/2162bda6-af9d-47e3-9a7f-a94ddcab2dfe]
[2026-05-01 16:47:17] Directory for https://uptech-group.com/blog/2162bda6-af9d-47e3-9a7f-a94ddcab2dfe not found. No cache to purge
[2026-05-01 16:47:17] Directory for https://uptech-group.com/blog/2162bda6-af9d-47e3-9a7f-a94ddcab2dfe not found. No cache to purge
[2026-05-01 16:47:17] Clearing cache for 4 taxonomy and pagination URLs
[2026-05-01 16:47:17] Compatible cache found : starting server cache purge on Varnish
[2026-05-01 16:47:17] WordPress object cache cleared
[2026-05-01 16:47:17] Starting AutoPurge cache clearing for action [deleted_post]... [{
    "code": "SUCCESS"
}]
[2026-05-01 16:47:17] Clearing cache for 4 taxonomy and pagination URLs
[2026-05-01 16:47:17] Compatible cache found : starting server cache purge on Varnish
[2026-05-01 16:47:17] WordPress object cache cleared
[2026-05-01 16:47:17] Starting AutoPurge cache clearing for action [deleted_post]... [https://uptech-group.com/blog/71d4cfa5-b737-44cf-b638-475b09f5231c]
[2026-05-01 16:47:17] Directory for https://uptech-group.com/blog/71d4cfa5-b737-44cf-b638-475b09f5231c not found. No cache to purge
[2026-05-01 16:47:17] Directory for https://uptech-group.com/blog/71d4cfa5-b737-44cf-b638-475b09f5231c not found. No cache to purge
[2026-05-01 16:47:17] Clearing cache for 4 taxonomy and pagination URLs
[2026-05-01 16:47:17] Compatible cache found : starting server cache purge on Varnish
[2026-05-01 16:47:17] WordPress object cache cleared
[2026-05-01 16:47:17] Starting AutoPurge cache clearing for action [deleted_post]... [{
    "code": "SUCCESS"
}]
[2026-05-01 16:47:17] Clearing cache for 4 taxonomy and pagination URLs
[2026-05-01 16:47:17] Compatible cache found : starting server cache purge on Varnish
[2026-05-01 16:47:17] WordPress object cache cleared
[2026-05-01 16:47:17] Starting AutoPurge cache clearing for action [deleted_post]... [https://uptech-group.com/blog/d5f4e266-b36e-41e7-bc5b-d17cd870e622]
[2026-05-01 16:47:17] Directory for https://uptech-group.com/blog/d5f4e266-b36e-41e7-bc5b-d17cd870e622 not found. No cache to purge
[2026-05-01 16:47:17] Directory for https://uptech-group.com/blog/d5f4e266-b36e-41e7-bc5b-d17cd870e622 not found. No cache to purge
[2026-05-01 16:47:18] Clearing cache for 4 taxonomy and pagination URLs
[2026-05-01 16:47:18] Compatible cache found : starting server cache purge on Varnish
[2026-05-01 16:47:18] WordPress object cache cleared
[2026-05-01 16:47:18] Starting AutoPurge cache clearing for action [deleted_post]... [{
    "code": "SUCCESS"
}]
[2026-05-01 16:47:18] Clearing cache for 4 taxonomy and pagination URLs
[2026-05-01 16:47:18] Compatible cache found : starting server cache purge on Varnish
[2026-05-01 16:47:18] WordPress object cache cleared
[2026-05-01 16:47:18] Starting AutoPurge cache clearing for action [deleted_post]... [https://uptech-group.com/blog/85444355-78b8-473d-ae7b-98bf22b0e205]
[2026-05-01 16:47:18] Directory for https://uptech-group.com/blog/85444355-78b8-473d-ae7b-98bf22b0e205 not found. No cache to purge
[2026-05-01 16:47:18] Directory for https://uptech-group.com/blog/85444355-78b8-473d-ae7b-98bf22b0e205 not found. No cache to purge
[2026-05-01 16:47:18] Clearing cache for 4 taxonomy and pagination URLs
[2026-05-01 16:47:18] Compatible cache found : starting server cache purge on Varnish
[2026-05-01 16:47:18] WordPress object cache cleared
[2026-05-01 16:47:18] Starting AutoPurge cache clearing for action [deleted_post]... [{
    "code": "SUCCESS"
}]
[2026-05-01 16:47:18] Clearing cache for 4 taxonomy and pagination URLs
[2026-05-01 16:47:18] Compatible cache found : starting server cache purge on Varnish
[2026-05-01 16:47:18] WordPress object cache cleared
[2026-05-01 16:47:18] Starting AutoPurge cache clearing for action [deleted_post]... [https://uptech-group.com/blog/c98e11c5-216d-47d6-b56c-f1a77234cb89]
[2026-05-01 16:47:18] Directory for https://uptech-group.com/blog/c98e11c5-216d-47d6-b56c-f1a77234cb89 not found. No cache to purge
[2026-05-01 16:47:18] Directory for https://uptech-group.com/blog/c98e11c5-216d-47d6-b56c-f1a77234cb89 not found. No cache to purge
[2026-05-01 16:47:18] Clearing cache for 4 taxonomy and pagination URLs
[2026-05-01 16:47:18] Compatible cache found : starting server cache purge on Varnish
[2026-05-01 16:47:18] WordPress object cache cleared
[2026-05-01 16:47:18] Starting AutoPurge cache clearing for action [deleted_post]... [{
    "code": "SUCCESS"
}]
[2026-05-01 16:47:18] Clearing cache for 4 taxonomy and pagination URLs
[2026-05-01 16:47:18] Compatible cache found : starting server cache purge on Varnish
[2026-05-01 16:47:18] WordPress object cache cleared
[2026-05-01 16:47:18] Starting AutoPurge cache clearing for action [deleted_post]... [https://uptech-group.com/blog/11d0239e-04f5-403b-8525-edfedff0a641]
[2026-05-01 16:47:18] Directory for https://uptech-group.com/blog/11d0239e-04f5-403b-8525-edfedff0a641 not found. No cache to purge
[2026-05-01 16:47:18] Directory for https://uptech-group.com/blog/11d0239e-04f5-403b-8525-edfedff0a641 not found. No cache to purge
[2026-05-01 16:47:18] Clearing cache for 4 taxonomy and pagination URLs
[2026-05-01 16:47:18] Compatible cache found : starting server cache purge on Varnish
[2026-05-01 16:47:18] WordPress object cache cleared
[2026-05-01 16:47:18] Starting AutoPurge cache clearing for action [deleted_post]... [{
    "code": "SUCCESS"
}]
[2026-05-01 16:47:18] Clearing cache for 4 taxonomy and pagination URLs
[2026-05-01 16:47:18] Compatible cache found : starting server cache purge on Varnish
[2026-05-01 16:47:18] WordPress object cache cleared
[2026-05-02 12:39:33] Starting AutoPurge cache clearing for action [deleted_post]... [https://uptech-group.com/blog/e820c313-cb35-4b9a-8ec2-45b57ca02fdb]
[2026-05-02 12:39:33] Directory for https://uptech-group.com/blog/e820c313-cb35-4b9a-8ec2-45b57ca02fdb not found. No cache to purge
[2026-05-02 12:39:33] Directory for https://uptech-group.com/blog/e820c313-cb35-4b9a-8ec2-45b57ca02fdb not found. No cache to purge
[2026-05-02 12:39:33] Removed cache files from main desktop cache (/home/c2761235c/public_html/blog/wp-content/cache/lwsoptimize/cache/blog)
[2026-05-02 12:39:33] Removed cache files from main mobile cache (/home/c2761235c/public_html/blog/wp-content/cache/lwsoptimize/cache-mobile/blog)
[2026-05-02 12:39:33] Clearing cache for 4 taxonomy and pagination URLs
[2026-05-02 12:39:33] Compatible cache found : starting server cache purge on Varnish
[2026-05-02 12:39:33] WordPress object cache cleared
[2026-05-02 12:39:33] Starting AutoPurge cache clearing for action [deleted_post]... [{
    "code": "SUCCESS"
}]
[2026-05-02 12:39:33] Clearing cache for 4 taxonomy and pagination URLs
[2026-05-02 12:39:33] Compatible cache found : starting server cache purge on Varnish
[2026-05-02 12:39:33] WordPress object cache cleared
